plano,nombre_asp,categoria,distrito,area_m2,vertices,cx_a,cy_a,cx_b,cy_b,dx_m,dy_m,desplazamiento_m
A-0532866-1998,NO_APLICA,FUERA ASP,BUENAVISTA,22084.791126030275,8,403526.6159869641,1184660.4130013213,407149.98910006566,1185655.779894397,3623.373113101581,995.3668930756394,3757.604019661797
G-0019048-1974,GUANACASTE,PARQUE NACIONAL,SANTA_CECILIA,153232.90441802598,16,340627.06643795385,1215283.9726266547,338609.5089144778,1212959.9526194946,-2017.5575234760763,-2324.0200071600266,3077.597659573942
G-607678-1985,GUANACASTE,PARQUE NACIONAL,SANTA_ELENA,5429298.651265964,33,329315.8204865385,1212565.2559482197,328720.5835725419,1210371.6403694954,-595.2369139966322,-2193.615578724304,2272.9400104283873
G-7541-1972,GUANACASTE,PARQUE NACIONAL,SANTA_ELENA,1178684.5284984559,32,326241.59519219986,1209517.0341093554,325818.01778286026,1207354.1840126093,-423.57740933960304,-2162.850096746115,2203.9370142310167
G-607774-1985,GUANACASTE,PARQUE NACIONAL,SANTA_ELENA,8355952.646974862,28,326954.8525496456,1209101.1576675272,326322.55197870545,1206991.3768760962,-632.3005709401332,-2109.780791430967,2202.4938138170323
G-607677-1985,GUANACASTE,PARQUE NACIONAL,SANTA_ELENA,628133.3889691281,8,325816.8159596864,1208942.7593980043,325321.0037560601,1206833.4991243077,-495.812203626323,-2109.260273696622,2166.7507109632015
G-796445-1989,GUANACASTE,PARQUE NACIONAL,SANTA_ELENA,9030848.124113893,173,329660.91210537305,1203427.7144721192,328301.6807174365,1202241.8757079185,-1359.2313879365684,-1185.8387642006855,1803.8080664618892
A-0533084-1984,VOLCAN_ARENAL,PARQUE NACIONAL,FORTUNA,1848289.8666337263,73,419847.64382969635,1150111.125161099,421294.84629088326,1149292.0659726164,1447.2024611869128,-819.0591884825844,1662.9049635812648
A-0633462-2000,NO_APLICA,FUERA ASP,_,163572.30252544954,35,418063.60508316767,1188654.1773440475,419585.3800951776,1189261.1164676405,1521.7750120099518,606.939123593038,1638.344984100044
A-0633463-2000,NO_APLICA,FUERA ASP,SAN_RAFAEL,477240.4281699266,23,417833.89275702846,1188145.9444467667,419190.11756226793,1188697.2058999531,1356.2248052394716,551.2614531863946,1463.9791365029826
G-0233612-1995,NO_HAY_DATOS,NO HAY DATOS,TRONADORA,2150952.0693389154,121,410116.20513025933,1150490.342731701,410062.40616859816,1151768.709881668,-53.79896166117396,1278.3671499670018,1279.4986902652834
A-0863689-2012,VOLCAN_ARENAL,PARQUE NACIONAL,PENAS_BLANCAS,1367185.00921534,59,420144.76666236506,1145224.669610641,419640.99201525236,1146396.9209075577,-503.77464711270295,1172.2512969167437,1275.9161407382996
G-238541-1995,MIRAVALLES,ZONA PROTECTORA,FORTUNA,1417572.7774819322,116,372914.5486852416,1185981.642775,374120.0172155469,1186022.8134508755,1205.468530305312,41.17067587538622,1206.1713817316697
G-239830-1995,NO_HAY_DATOS,NO HAY DATOS,FORTUNA,484628.3018593036,103,372951.23515085474,1185255.4307742096,374065.4241668257,1185297.7276409331,1114.1890159709728,42.29686672356911,1114.9915642035128
G-0155426-1993,MIRAVALLES,ZONA PROTECTORA,FORTUNA,385957.51008452475,60,373472.5852289945,1184774.939254596,374522.46281826537,1184755.700251708,1049.87758927088,-19.239002887858078,1050.0538518025414
A-0573047-1999,NO_APLICA,FUERA ASP,PALMIRA,15985.65707800258,20,462151.81662824564,1129132.8064496636,462267.0494091989,1128091.3614885353,115.23278095328715,-1041.4449611282907,1047.800649391732
G-27955-1992,NO_HAY_DATOS,NO HAY DATOS,SANTA_CECILIA,841470.3249030579,34,347128.1706022775,1214197.3400433643,346961.3818729097,1215164.2920675906,-166.7887293677777,966.9520242263097,981.2312150555931
G-461703-1982,GUANACASTE,PARQUE NACIONAL,LA_CRUZ,490436.0609480841,15,326252.9881748353,1217674.3252392178,326404.99613856734,1216727.1704819323,152.00796373205958,-947.1547572854906,959.2750154603756
G-0006562-1976,DIRIA,PARQUE NACIONAL,SANTA_CRUZ,3266894.971191833,150,326676.613302125,1125935.1918712317,326461.52507082606,1125189.0371300343,-215.0882312989561,-746.1547411973588,776.5370854341799
G-0006562-1976,DIRIA,PARQUE NACIONAL,SANTA_CRUZ,862025.1040894575,99,325764.2750114791,1125320.0465502893,325527.4432406959,1124607.4391692479,-236.83177078317385,-712.6073810413945,750.9317992780497
G-1370256-2009,NO_APLICA,FUERA ASP,SANTA_CECILIA,1056343.5898458338,18,344558.77301605756,1216281.7202274373,343914.0342114268,1216603.9957181031,-644.7388046307606,322.2754906658083,720.7979037709457
G-0006562-1976,DIRIA,PARQUE NACIONAL,SANTA_CRUZ,1239174.8409758632,117,324739.3734838064,1125418.3940395645,324506.79066576425,1124742.9521095485,-232.58281804213766,-675.4419300160371,714.3644504538361
G-0191130-1994,MIRAVALLES,ZONA PROTECTORA,BIJAGUA/FORTUNA,2976146.697144353,175,376187.7472948225,1185645.5631885745,376185.4078634259,1186328.447683073,-2.3394313965691254,682.8844944986049,682.8885017086424
H-0036197-1992,MAQUENQUE,REFUGIO NACIONAL DE VIDA SILVESTRE,LA_VIRGEN,689432.138399072,35,488799.6557679125,1182476.1719717458,488505.86018179305,1182902.1213773324,-293.79558611946413,425.9494055865798,517.4444342563172
G-0956583-1993,VOLCAN_ARENAL,PARQUE NACIONAL,TRONADORA,133853.93936599977,24,408947.54269252013,1151550.0660207742,409193.6012865108,1151120.3018098385,246.05859399068868,-429.76421093568206,495.2192531372786
A-0010612-1976,VOLCAN_ARENAL,PARQUE NACIONAL,PENAS_BLANCAS,1896446.278509156,23,416299.2740103877,1150528.8086162913,416571.69894474436,1150920.0993750975,272.424934356648,391.2907588062808,476.78486006417927
A-0177337-1994,GUANACASTE,PARQUE NACIONAL,DOS_RIOS,806032.9503004972,94,344643.36092461116,1210078.6470692605,344720.26378123666,1210548.5849070358,76.90285662550014,469.937837775331,476.1886398583187
G-11882-1976,GUANACASTE,PARQUE NACIONAL,SANTA_CECILIA,447329.86366092775,29,341821.2904566918,1218770.0681063856,341895.8810673691,1218348.7248860006,74.59061067725997,-421.3432203850243,427.89469331323767
G-9097-1976,GUANACASTE,PARQUE NACIONAL,SANTA_CECILIA,484471.0026578526,20,342190.50704585377,1218613.447196362,342265.09782278165,1218192.1042838523,74.5907769278856,-421.3429125098046,427.8944191327464
G-9096-1976,GUANACASTE,PARQUE NACIONAL,SANTA_CECILIA,436404.82434412464,12,342495.0355982384,1218735.9873422931,342569.6262291934,1218314.6447255698,74.5906309550046,-421.3426167233847,427.8941024290645
A-0928207-1990,VOLCAN_ARENAL,PARQUE NACIONAL,PENAS_BLANCAS,840845.484637022,20,423255.61280129716,1149282.8330610024,422863.98171236104,1149388.109307915,-391.63108893611934,105.2762469125446,405.5342130884664
A-0012825-1971,GUANACASTE,PARQUE NACIONAL,DOS_RIOS,1634306.9516119233,49,343674.5143408433,1210954.7449418604,343407.6924847705,1211221.4441682133,-266.8218560728128,266.69922635285184,377.25638525457794
500467511960,Guancaste,Parque Nacional,Santa Cecilia,1989654.0211277902,11,332754.38110743946,1213103.65621713,332658.3311863881,1212751.629821849,-96.04992105136625,-352.02639528084546,364.89473866911226
101289511993,Los Santos,Reserva Forestal,Paramo,2317916.283744693,91,522894.0538283478,1051552.327156049,522693.4068441851,1051850.9474298528,-200.6469841627404,298.6202738038264,359.7683701776398
A-0439414-1997,NO_APLICA,FUERA ASP,SAN_RAFAEL,45884.77094745148,10,406617.2980501781,1180764.9080051112,406774.8014319088,1181073.2406883265,157.50338173069758,308.33268321538344,346.23165481423536
A-0994910-1992,VOLCAN_ARENAL,PARQUE NACIONAL,FORTUNA,906814.6803713813,48,420683.00766912405,1150596.5181311804,420344.8078581449,1150539.281300023,-338.19981097913114,-57.23683115746826,343.0089896595548
G-67309-1992,GUANACASTE,PARQUE NACIONAL,SANTA_CECILIA,479212.9654061789,62,346515.1641235537,1217188.4449542318,346786.1738081184,1216984.9447279274,271.00968456466217,-203.5002263044007,338.9079391719527
A-0872827-1992,VOLCAN_ARENAL,PARQUE NACIONAL,PENAS_BLANCAS,2721428.3856639983,87,420488.1103090075,1147489.577702209,420564.8362862315,1147816.8162443894,76.72597722400678,327.2385421805084,336.11298557092846
A-0826489-2002,JUAN_CASTRO_BLANCO,PARQUE NACIONAL,QUESADA,780947.4211239656,19,459714.4213256455,1136570.2179354418,459394.04652069556,1136627.0117721052,-320.37480494997,56.79383666347712,325.3698749572385
A-0363081-1996,JUAN_CASTRO_BLANCO,PARQUE NACIONAL,QUESADA/PALMERA,921718.3534194119,32,460015.29675486736,1137173.056132781,459717.4814275757,1137288.6518743227,-297.8153272916679,115.59574154159054,319.4625872185873
A-1039480-2005,JUAN_CASTRO_BLANCO,PARQUE NACIONAL,QUESADA,458374.75883739744,75,459154.45872783323,1136424.448091515,458854.94267140597,1136476.73967346,-299.51605642726645,52.291581944795325,304.04650565337977
A-0859036-1989,VOLCAN_ARENAL,PARQUE NACIONAL,FORTUNA,681343.143949639,23,418900.54993305204,1151137.960273903,418961.2667939583,1150853.8088462083,60.71686090627918,-284.1514276948292,290.56594958687464
A-0095782-1993,VOLCAN_ARENAL,PARQUE NACIONAL,PENAS_BLANCAS,180120.05409959704,55,415607.0983675144,1148062.3676816947,415855.0091621041,1148006.111868803,247.91079458972672,-56.25581289175898,254.21345078146882
G-1215323-2008,GUANACASTE,PARQUE NACIONAL,SANTA_ELENA/GARITA/MAYORGA,28108820.280124556,93,333366.4637727831,1211796.2029452852,333281.0802174302,1211561.4952316368,-85.38355535292067,-234.70771364844404,249.7560056751094
A-0592754-1985,GUANACASTE,PARQUE NACIONAL,DOS_RIOS,1199705.6564146169,47,344268.89971959137,1211440.780590897,344418.89286479144,1211635.2322787915,149.99314520007465,194.45168789452873,245.57972744516573
A-0147098-1993,VOLCAN_ARENAL,PARQUE NACIONAL,PENAS_BLANCAS,306000.7001307206,43,418741.6892636542,1146699.477495844,418982.30561167933,1146747.8788295025,240.61634802515619,48.40133365849033,245.43617507792854
G-0207901-1994,VOLCAN_ARENAL,PARQUE NACIONAL,TRONADORA,662457.9710185078,36,414722.34898048354,1149608.6753634342,414508.32266582974,1149512.1053638253,-214.02631465380546,-96.56999960890971,234.8042337538967
G-14179-1974,GUANACASTE,PARQUE NACIONAL,SANTA_CECILIA,1245762.347950155,47,346643.6755275746,1218174.771740954,346465.76847919624,1218030.2158124046,-177.90704837837256,-144.55592854926363,229.23205347735384
A-0872826-1992,VOLCAN_ARENAL,PARQUE NACIONAL,PENAS_BLANCAS,940637.469465638,92,417901.4746946711,1146623.30855666,418115.69695481117,1146556.856405842,214.2222601400572,-66.45215081819333,224.29236520193516
A-0860684-1991,VOLCAN_ARENAL,PARQUE NACIONAL,SAN_ISIDRO,2791619.4004710615,21,422269.51327809755,1151715.7640348373,422332.7942033848,1151501.815842329,63.28092528722482,-213.94819250819273,223.11052100412036
A-0860685-1990,VOLCAN_ARENAL,PARQUE NACIONAL,FORTUNA,2180212.052828938,27,421213.18233949173,1151990.4021576059,421263.7474249199,1151777.2254709366,50.56508542818483,-213.1766866692342,219.09159637839255
206417892000,n/a,Fuera ASP,El Amparo,390161.2925696558,40,439250.25155900745,1194554.3217775042,439100.8798888946,1194410.2641937206,-149.37167011282872,-144.05758378352039,207.51983827538447
A-0861280-1989,VOLCAN_ARENAL,PARQUE NACIONAL,PENAS_BLANCAS,641496.3802072406,19,417753.6532816438,1150193.3684670753,417664.4836100957,1150006.5244666513,-89.169671548123,-186.84400042402558,207.0311832030465
A-0200893-1994,VOLCAN_ARENAL,PARQUE NACIONAL,PENAS_BLANCAS,211213.28841436654,27,418279.73779547005,1147047.7431958118,418471.306849751,1147052.284120933,191.5690542809316,4.540925121167675,191.62286543898296
G-385568-1980,GUANACASTE,PARQUE NACIONAL,SANTA_CECILIA,2728380.099391237,60,343639.9463610166,1214824.2306391518,343695.45854280726,1214996.4517956702,55.512181790662,172.2211565184407,180.9467575827452
A-0958566-1992,VOLCAN_ARENAL,PARQUE NACIONAL,FORTUNA,559141.6190338824,11,420135.5806356764,1151952.8491835257,420213.8970537572,1151793.6796439327,78.3164180808235,-159.16953959292732,177.39335859956765
A-0037779-1992,VOLCAN_ARENAL,PARQUE NACIONAL,PENAS_BLANCAS,2199293.7883631513,65,419377.595426245,1147524.0167192093,419462.6324434013,1147671.4224192356,85.03701715631178,147.40570002631284,170.1755995643623
A-0089096-1992,VOLCAN_ARENAL,PARQUE NACIONAL,PENAS_BLANCAS,934689.4177332297,14,423686.3236642805,1151489.1182344723,423530.26156525087,1151541.0768492664,-156.0620990296593,51.958614794071764,164.48427403512446
A-1868370-2015,CAÑO_NEGRO,REFUGIO NACIONAL DE VIDA SILVESTRE,BUENA_VISTA,2429918.7809326053,16,414583.32760394877,1193913.9830605802,414423.7282435236,1193948.3314225213,-159.59936042514164,34.34836194105446,163.25368545961817
A-0158433-1993,VOLCAN_ARENAL,PARQUE NACIONAL,FORTUNA,765347.4324436486,100,423603.4540756494,1154872.7401107473,423618.2217706532,1155033.6572756292,14.76769500382943,160.91716488194652,161.59337476941835
215442272011,Miravalles,Zona Protectora,Aguas Claras,10160919.516559916,46,374302.34498990426,1189337.3379749819,374185.123825456,1189230.687656175,-117.22116444824496,-106.65031880675815,158.47741762215094
G-0511812-1983,VOLCAN_ARENAL,PARQUE NACIONAL,TRONADORA,1041854.767434556,23,412412.78137304995,1150127.541336017,412281.40900459583,1150040.8293164207,-131.37236845411826,-86.71201959624887,157.40925492392387
G-11817-1974,GUANACASTE,PARQUE NACIONAL,SANTA_CECILIA,2232750.3940422926,98,344279.1140826737,1213084.5229107013,344401.3181868947,1212995.5402246397,122.2041042210185,-88.98268606164493,151.16799101399346
G-0233612-1995,NO_HAY_DATOS,NO HAY DATOS,TRONADORA,1980301.8424228479,121,410199.379994166,1151730.415973491,410073.12491266854,1151812.817518449,-126.25508149748202,82.40154495788738,150.76591198073444
G-1370252-2009,NO_APLICA,FUERA ASP,SANTA_CECILIA,1582708.70810776,72,344847.04011174466,1216844.8604565652,344719.15192261385,1216766.9934796367,-127.88818913081195,-77.86697692843154,149.72860453210407
1-128950-1993,LOS_SANTOS,RESERVA FORESTAL,PARAMO,2493063.6126737087,48,525055.3539777368,1052470.0868738238,524923.4395909803,1052403.152223292,-131.91438675648533,-66.93465053173713,147.92448369064996
A-0859962-1991,VOLCAN_ARENAL,PARQUE NACIONAL,PENAS_BLANCAS,1763806.6269517166,37,419238.2288255927,1148911.2261692237,419285.2722187365,1149043.8475251808,47.04339314380195,132.6213559571188,140.71782010245582
A-0846778-1990,VOLCAN_ARENAL,PARQUE NACIONAL,FORTUNA,1390235.7885796665,20,421778.4394524176,1149984.065633914,421790.9074264206,1150121.7053025365,12.467974002996925,137.63966862251982,138.20321542661907
A-0859035-1989,VOLCAN_ARENAL,PARQUE NACIONAL,FORTUNA,858629.4103384428,31,418429.27618254966,1150516.104356498,418341.56683792913,1150412.6134119947,-87.70934462052537,-103.49094450334087,135.65878050445411
G-0949322-1992,VOLCAN_ARENAL,PARQUE NACIONAL,TRONADORA,231620.5875029181,69,409599.86302565184,1149889.6836544094,409602.50792182947,1149759.359505998,2.6448961776332,-130.3241484113969,130.35098440344154
A-0023646-1974,VOLCAN_ARENAL,PARQUE NACIONAL,FORTUNA,2853761.094572067,70,423759.169849263,1149429.6318789774,423668.1630716276,1149340.4329764245,-91.00677763536805,-89.1989025529474,127.43107074894856
A-0871829-1990,VOLCAN_ARENAL,PARQUE NACIONAL,PENAS_BLANCAS,966051.6309918836,35,424620.80570577463,1153165.8275957243,424588.95802019496,1153044.5604525146,-31.84768557967618,-121.26714320969768,125.37940460467676
G-48405-1992,NO_HAY_DATOS,NO HAY DATOS,SANTA_CECILIA,548734.847908685,31,347265.17755662574,1214435.6699296557,347370.7080879422,1214374.4774470744,105.53053131647175,-61.19248258136213,121.98857718822337
P-0366524-1979,INTERNACIONAL_LA_AMISTAD,PARQUE NACIONAL,POTRERO_GRANDE,1187544.2347143516,35,598586.5487255921,1007247.3260180275,598669.9537027306,1007311.4006924524,83.40497713850345,64.07467442494817,105.17582476090878
A-1671528-2013,MIRAVALLES,ZONA PROTECTORA,BIJAGUA,2559629.6284931824,60,379543.00423153216,1187342.3192442707,379452.39390063245,1187291.9194703298,-90.6103308997117,-50.399773940909654,103.68398757305799
A-1674782-2013,MIRAVALLES,ZONA PROTECTORA,BIJAGUA,2778464.9228857458,57,380373.25889523904,1186205.641173503,380282.6495691635,1186155.2420280895,-90.60932607552968,-50.39914541342296,103.68280392748363
G-0791701-2002,GUANACASTE,PARQUE NACIONAL,SANTA_CECILIA,371115.54813510645,102,346345.587430276,1216250.0794858176,346296.8947403964,1216161.0986589915,-48.69268987956457,-88.98082682606764,101.43256671482827
A-0861742-1991,VOLCAN_ARENAL,PARQUE NACIONAL,PENAS_BLANCAS,391228.4640016705,17,414941.10224374686,1147995.259175528,415039.93565816147,1147972.8016972614,98.83341441460652,-22.457478266675025,101.35276086494898
G-142658-1993,GUANACASTE,PARQUE NACIONAL,LA_CRUZ,5889747.2901255125,46,328255.38280653825,1216754.8313420166,328297.9786165044,1216845.4113172488,42.59580996615114,90.57997523224913,100.09562897423307
A-0576042-1999,JUAN_CASTRO_BLANCO,PARQUE NACIONAL,TORO_AMARILLO,1610616.508697615,141,467414.4596044155,1132355.8530612786,467508.2759799793,1132390.082382171,93.81637556379428,34.22932089236565,99.86570348562832
G-1240736-2007,PALO_VERDE,PARQUE NACIONAL,BAGACES,136433.95010241307,48,357303.9109783348,1148136.4650009426,357258.69460647006,1148213.0108210542,-45.21637186472071,76.54582011164166,88.90322188296953
G-0092678-1993,VOLCAN_ARENAL,PARQUE NACIONAL,TRONADORA,429423.2169733569,58,413164.8859146108,1149812.1652701483,413078.2494648673,1149820.7179332161,-86.63644974352792,8.552663067821413,87.05758134542054
A-0825063-1989,VOLCAN_ARENAL,PARQUE NACIONAL,PENAS_BLANCAS,845991.848018579,29,425148.341418145,1150913.5317397907,425220.1673495443,1150948.6072777319,71.82593139930395,35.07553794118576,79.93283294892706
G-0956585-1993,PARQUE_NACIONAL,PARQUE NACIONAL,TRONADORA,147160.37164851557,37,409690.78198697825,1150524.430387368,409768.0357632723,1150542.3740240685,77.25377629406285,17.94363670051098,79.31027707512457
G-0008819-1992,VOLCAN_ARENAL,PARQUE NACIONAL,TRONADORA,839433.6447911342,79,410188.32550656225,1150202.968212685,410242.3392709201,1150259.2861028996,54.01376435783459,56.31789021450095,78.03327173915153
A-0580561-1985,VOLCAN_ARENAL,PARQUE NACIONAL,PENAS_BLANCAS,483182.4355519321,30,425396.181017677,1151619.1201934502,425428.62289866107,1151675.8159003528,32.44188098405721,56.695706902537495,65.32135043737361
H-622239-2000,NO_APLICA,FUERA ASP,LA_VIRGEN,1294183.362214292,85,496324.79066191445,1164715.302195498,496342.18698880734,1164653.3449490585,17.39632689289283,-61.957246439531446,64.35318621275266
G-506220-1983,GUANACASTE,PARQUE NACIONAL,SANTA_ELENA,6311481.953475738,173,328351.6448835023,1204925.5382783755,328303.3041625162,1204883.0968095222,-48.3407209860743,-42.441468853270635,64.32809327095453
G-919335-2004,NO_HAY_DATOS,NO HAY DATOS,CABO_VELAS,1154.3522724476966,7,297677.4332319395,1143209.2405264424,297646.3389759345,1143263.7335586408,-31.094256005017087,54.493032198399305,62.74028462384694
500499221963,Arenal,Parque Nacional,Tronadora,831228.2251178473,34,415543.13587995357,1148747.4650132945,415595.9778372313,1148726.5078508176,52.841957277734764,-20.957162476843223,56.846065017930236
A-1327425-2009,CAÑO_NEGRO,REFUGIO NACIONAL DE VIDA SILVESTRE,CAÑO_NEGRO,980391.9854611873,128,409508.59997928154,1205007.9958776413,409516.9322299629,1205063.790942146,8.332250681356527,55.795064504723996,56.413789311685825
A-0095783-1993,VOLCAN_ARENAL,PARQUE NACIONAL,PENAS_BLANCAS,143424.48246900178,15,415687.55437956064,1149364.8773881134,415684.62961209466,1149309.5625568498,-2.9247674659709446,-55.314831263618544,55.392100722509106
G-0064905-1992,VOLCAN_ARENAL,PARQUE NACIONAL,TRONADORA,899542.8341837861,67,413415.1588767533,1150743.5317331702,413386.65836223593,1150784.6793423274,-28.500514517363627,41.14760915725492,50.05402148791507
A-0550480-1984,FLORENCIA,FUERA ASP,FLORENCIA,378888.4401532727,63,450003.77772569854,1144696.6680496375,450040.0492071976,1144726.1291372445,36.27148149907589,29.461087607080117,46.7287497492695
SJ-0592930-1985,NO_APLICA,FUERA ASP,RIVAS,8264.084724832326,13,544471.3949752217,1046598.1348054883,544426.7684363745,1046584.3278653685,-44.626538847223856,-13.80694011982996,46.71359079492124
H-0420651-1997,NO_HAY_DATOS,NO HAY DATOS,HORQUETAS,36246.102874379954,10,503526.0517452689,1148844.484893145,503523.593632348,1148803.874093486,-2.458112920925487,-40.61079965904355,40.68512465360027
P-0842338-1989,INTERNACIONAL_LA_AMISTAD,PARQUE NACIONAL,PITTIER,675463.4207573831,13,616866.6793333294,999423.2091502047,616845.870262947,999391.6260660173,-20.809070382383652,-31.58308418735396,37.822065212842155
A-0689055-2001,NO_APLICA,FUERA ASP,SANTA_RITA,126337.4808629473,71,481739.1758684406,1152606.369089843,481738.93776487786,1152643.5037243732,-0.23810356273315847,37.13463453017175,37.13539787044176
A-684839-2001,NO_APLICA,FUERA ASP,SANTA_RITA,3634.279206464067,12,481824.4224466843,1152011.4639864964,481787.5376271018,1152011.005209818,-36.88481958245393,-0.45877667842432857,36.887672624751524
600280141976,Internacional la Amistad,Parque Nacional,Potrero Grande,1644999.9745796635,99,600447.7956175423,1004493.3773289177,600440.3786320046,1004529.2557251327,-7.416985537740402,35.8783962149173,36.637016655585406
G-0954937-1992,VOLCAN_ARENAL,PARQUE NACIONAL,TRONADORA,316659.9112689793,26,409017.4708093287,1149629.2538254655,408985.37309730845,1149637.6476478588,-32.09771202027332,8.393822393380105,33.177091061574515
A-1327427-2009,CAÑO_NEGRO,REFUGIO NACIONAL DE VIDA SILVESTRE,CAÑO_NEGRO,340822.94015898556,77,410002.41460374,1205532.3344009563,409971.63895778323,1205540.8612580528,-30.775645956746303,8.52685709646903,31.9350540315591
A-1211683-2008,NO_APLICA,FUERA ASP,SAN_RAFAEL,40121.04057908716,21,421039.0441627556,1185291.370747859,421012.3877998998,1185276.7213082348,-26.656362855806947,-14.649439624045044,30.416570516726328
A-1328806-2009,CAÑO_NEGRO,REFUGIO NACIONAL DE VIDA SILVESTRE,CAÑO_NEGRO,132429.86257181343,29,410027.87306614144,1206676.7460774055,410030.6145582306,1206706.9460396147,2.7414920891751535,30.199962209211662,30.324140487618482
A-0956567-1993,VOLCAN_ARENAL,PARQUE NACIONAL,TRONADERA,373895.2922035679,46,411168.87899299717,1150316.164266613,411186.72272075707,1150292.7049728336,17.843727759900503,-23.4592937794514,29.474346218365064
P-0557643-1999,NO_APLICA,FUERA ASP,SAN_VITO,53937.85915442486,38,615141.810612996,977440.5987269128,615152.5036264914,977466.6146234758,10.69301349541638,26.015896563068964,28.12769829889144
A-0878680-1992,VOLCAN_ARENAL,PARQUE NACIONAL,PENAS_BLANCAS-FORTUNA,1113135.1731263231,26,421282.77774440043,1148201.5653295377,421262.34640597383,1148182.7933524875,-20.431338426598813,-18.771977050229907,27.74575124729139
700616091992,Cahuita,Parque Nacional,Cahuita,110030.61473796517,36,631131.5320464595,1070701.656649912,631151.0727730305,1070720.8740761145,19.540726570994593,19.21742620249279,27.40710609989005
A-0461540-1997,NO_APLICA,FUERA ASP,PITAL,698920.5427824743,41,464730.10694079957,1166777.3531858015,464704.53651083534,1166784.7332085103,-25.570429964223877,7.380022708792239,26.614124515707207
H-058681-1999,NO_APLICA,FUERA ASP,HORQUETAS,45140.114377301186,11,502250.9671770887,1141552.029177547,502262.85688168317,1141574.4564701542,11.889704594446812,22.427292607259005,25.384021136038005
P-0845613-1989,INTERNACIONAL_LA_AMISTAD,PARQUE NACIONAL,POTRERO_GRANDE,1088743.5869947076,31,600639.0106752231,1007615.7135621769,600656.3113397266,1007597.5839527481,17.300664503476582,-18.12960942881182,25.05984298241146
H-0003039-1991,MAQUENQUE,REFUGIO NACIONAL DE VIDA SILVESTRE,LA_VIRGEN,588058.8050524015,49,488767.1632074319,1176494.052319497,488756.51586311084,1176516.6551737653,-10.647344321070705,22.602854268159717,24.98509479988224
A-0689083-2001,NO_APLICA,FUERA ASP,SANTA_RITA,56102.96845517086,40,479088.92886844894,1151803.401629378,479112.00359059963,1151794.270758306,23.074722150689922,-9.130871072178707,24.815632348749247
G-0008817-1992,VOLCAN_ARENAL,PARQUE NACIONAL,TRONADORA,358367.37009418104,47,410757.74341646093,1149853.8142631853,410777.30718942365,1149859.8410689842,19.563772962719668,6.026805798988789,20.4710429796717
A-0986163-2005,NO_APLICA,FUERA ASP,POCOSOL,191860.39586557334,53,438664.8763415182,1179046.7215906177,438647.165468117,1179038.368246671,-17.710873401199933,-8.35334394662641,19.581965982096165
A-0811544-2002,NO_APLICA,FUERA ASP,UPALA,19629.80897732608,15,399635.59556775115,1198354.1632389573,399628.9426476379,1198336.1020832383,-6.652920113236178,-18.061155718984082,19.247511318050808
A-0811550-2002,NO_APLICA,FUERA ASP,UPALA,14265.647752208895,12,399626.12041541643,1198022.1590605872,399616.0594590555,1198005.901518234,-10.060956360946875,-16.257542353123426,19.118852639750102
SJ-1342130-2009,NO_APLICA,FUERA ASP,SAN_VITO,871202.2492374927,50,543282.2777279596,1024849.1719438585,543286.3750067931,1024866.7798274114,4.0972788335056975,17.60788355290424,18.07830902081634
G-1374030-2009,LOMAS_DE_BARBUDAL,RESERVA BIOLOGICA,BAGACES,818331.409321921,87,350117.13576812565,1162711.9700869208,350123.2992211638,1162695.5326929095,6.163453038141597,-16.437394011300057,17.55494446690447
P-0013701-1975,INTERNACIONAL_LA_AMISTAD,PARQUE NACIONAL,POTRERO_GRANDE,2713381.4959686995,29,600820.5009777196,1006350.1781077917,600819.847114411,1006333.3716020116,-0.6538633086020127,-16.80650578008499,16.8192203672574
G-508836-1983,NO_APLICA,FUERA ASP,BAGACES,1054.9240658935323,6,362601.94325449923,1163696.427441337,362604.8847707748,1163712.8926892388,2.94151627557585,16.465247901855037,16.725935144828803
202502911995,No acplica,Fuera ASP,Los Chiles,132103.67237948626,41,438703.5983155053,1204961.322523105,438687.94102271984,1204957.3194893515,-15.657292785472237,-4.0030337534844875,16.160912616604826
A-1597699-2012,NO_APLICA,FUERA ASP,UPALA,16256.135180849276,67,398311.7840033547,1192724.7227110658,398319.5404975127,1192714.802895973,7.7564941579476,-9.919815092813224,12.592296577585849
A-0610070-2000,NO_APLICA,FUERA ASP,CUTRIS,18448.061308339238,11,455779.39052744396,1174732.8571257207,455776.76462214394,1174720.9464701123,-2.625905300024897,-11.910655608400702,12.196683797927449
P-0765581-2002,NO_APLICA,FUERA ASP,BIOLLEY,402661.48508659797,58,611329.9041089034,996876.2155142557,611336.7546203401,996866.3785468576,6.85051143669989,-9.83696739806328,11.987303055104423
P-0557640-1999,NO_APLICA,FUERA ASP,SAN_VITO,2083.702895100054,9,614600.4726529393,977280.0790578842,614609.8601979672,977274.4001743448,9.387545027886517,-5.678883539396338,10.971586936474758
A-0811551-2002,NO_APLICA,FUERA ASP,YOLILLAL,20034.39661995153,17,400731.2694090436,1199225.5462919693,400728.0939394033,1199235.7543974384,-3.1754696402931586,10.208105469122529,10.690604506067599
H-420650-1997,NO_HAY_DATOS,NO HAY DATOS,HORQUETAS,13059.746834688482,6,503267.3923935298,1148822.3936092756,503275.0133394001,1148816.8336513906,7.620945870294236,-5.559957884950563,9.433554348196585
H-0619216-2000,NO_APLICA,FUERA ASP,LA_VIRGEN,1335005.2066988274,102,487047.1379065941,1166206.1980554333,487039.5729752713,1166211.1395149452,-7.564931322762277,4.941459511872381,9.035829127732764
A-0573045-1999,NO_APLICA,FUERA ASP,PALMIRA,7302.037377459928,9,462192.5299531625,1128262.71295116,462186.3696261727,1128268.8368359304,-6.160326989775058,6.123884770320728,8.68628765935812
H-0003044-1991,MAQUENQUE,REFUGIO NACIONAL DE VIDA SILVESTRE,LA_VIRGEN,10657.8983624354,8,490338.64376007544,1180000.8879433642,490330.21430880803,1179999.6498492616,-8.429451267409604,-1.2380941025912762,8.519890003779667
A-1350885-2009,MIRAVALLES,ZONA PROTECTORA,BIJAGUA,71788.88110413495,20,381021.9214554228,1187330.1024317888,381021.54296810366,1187323.0445246028,-0.3784873191616498,-7.057907185982913,7.0680482805874645
205841961999,No aplica,Fuera ASP,Pital,6327.450428226963,9,466238.34124295955,1162415.3813743428,466234.85382342414,1162409.2703828125,-3.487419535405934,-6.110991530353203,7.036072235272995
P-1067008-2006,NO_APLICA,FUERA ASP,BUENOS_AIRES,785403.1431556595,79,571483.0758081399,1006006.1987724991,571484.7765089812,1005999.5008089266,1.7007008413784206,-6.697963572456501,6.910506448142533
A-0144400-1993,VOLCAN_ARENAL,PARQUE NACIONAL,FORTUNA,1332896.4784001075,44,420628.19104121055,1154866.155678948,420634.43906087126,1154863.7353596457,6.248019660706632,-2.4203193022403866,6.700425001846824
P-1124844-2007,NO_APLICA,FUERA ASP,BRUNKA,61603.74532496437,16,568048.5653851081,1011181.0654207482,568053.7300213892,1011177.2817942604,5.164636281086132,-3.78362648782786,6.402288443619499
A-0811585-2002,NO_APLICA,FUERA ASP,YOLILLAL,96760.0636979478,34,400206.6729876724,1198651.4709266094,400210.4070759471,1198646.963622916,3.7340882747084834,-4.507303693331778,5.853136067719395
A-0811540-2002,NO_APLICA,FUERA ASP,YOLILLAL/UPALA,12731.542396511415,22,399911.69823223486,1198666.3617579965,399909.1361990401,1198661.159137545,-2.5620331947575323,-5.20262045157142,5.79924768001408
A-0929138-1990,CAÑO_NEGRO,REFUGIO NACIONAL DE VIDA SILVESTRE,CAÑO_NEGRO,22466.29647609964,18,413434.80310634174,1203769.4946147176,413438.39064228436,1203773.8932280296,3.587535942613613,4.3986133120488375,5.676108984901346
A-540990-1999,NO_APLICA,FUERA ASP,SANTA_ISABEL,287414.2167503985,52,479403.1287099144,1156984.363245911,479398.37966638984,1156984.8240667111,-4.749043524556328,0.4608208001591265,4.771348887682568
P-0956293-1991,INTERNACIONAL_LA_AMISTAD,PARQUE NACIONAL,POTRERO_GRANDE,1171027.5058267927,37,611845.8171234379,998499.8895720725,611841.6835180221,998502.0639772032,-4.133605415816419,2.174405130674131,4.670624305804184
A-0610716-2000,NO_APLICA,FUERA ASP,CUTRIS,13145.480663928669,16,456367.1439240294,1174063.4164628328,456370.78111553733,1174060.4947587303,3.6371915079071186,-2.9217041025403887,4.665352819240256
SJ-0524336-1983,NO_APLICA,FUERA ASP,RIVAS,2023.707924908027,5,543786.2808376658,1046480.8542320002,543789.8624609846,1046481.9278441428,3.5816233188379556,1.0736121425870806,3.7390732315313424
G-1328660-2009,NO_APLICA,FUERA ASP,VEINTISIETE_DE_ABRIL,66285.44382148597,34,306861.07924920175,1122651.3853741344,306857.6341452982,1122650.8261086585,-3.445103903533891,-0.5592654759529978,3.490203257510569
619223032016,No aplica,Fuera ASP,Potrero Grande,65621.63167399686,38,602527.9990174508,1009180.7388228967,602525.2653960191,1009178.8070399532,-2.7336214317474514,-1.9317829435458407,3.347308093540781
P-1086676-2006,NO_APLICA,FUERA ASP,BUENOS_AIRES,137642.40061526975,28,571302.6598665863,1004603.3074788701,571302.241826331,1004600.3398547083,-0.41804025531746447,-2.9676241618581116,2.996923559437236
P-0675279-2001,NO_APLICA,FUERA ASP,SAN_VITO,28070.150248218328,18,620897.2257430798,985698.4537438164,620898.4278888217,985700.595237337,1.202145741903223,2.1414935206994414,2.4558397512813697
A-0079164-1992,NO_APLICA,PATRIMONIO DEL ESTADO,QUESADA,2017.350824603447,13,452774.92874697695,1143951.5517906328,452777.3036427266,1143952.1328070164,2.3748957496718504,0.5810163835994899,2.4449355533061503
A-1597708-2012,NO_APLICA,FUERA ASP,UPALA,46087.58492960395,127,398951.3835355605,1192581.2697235944,398953.6335371887,1192581.263005944,2.250001628184691,-0.006717650452628732,2.250011656338999
A-0249946-1995,NO_APLICA,FUERA ASP,LOS_CHILES,10773.130095953471,10,438581.5510251586,1205590.3789508499,438582.7669576552,1205591.9055325903,1.2159324965905398,1.5265817404724658,1.9516515177174552
A-1596917-2012,NO_APLICA,FUERA ASP,UPALA,38651.22215451168,37,398641.5845355854,1192751.3986793966,398643.19043104595,1192750.6496622274,1.605895460525062,-0.7490171692334116,1.771983902280558
P-1182636-2007,NO_APLICA,FUERA ASP,VOLCAN,8727.676370940462,8,555156.0998065374,1022385.5108024558,555156.5828095571,1022386.8934671077,0.48300301970448345,1.3826646518427879,1.4646001012218959
P-2087346-2018,FUERA ASP,NO APLICA,POTRERO,1448.863945633173,5,590396.4585400767,996551.3628016999,590395.8598849665,996551.6113481128,-0.5986551102250814,0.24854641291312873,0.6482000157131963
G-1003293-2005,MARINO_LAS_BAULAS,PARQUE NACIONAL,CABO_VELAS,2774.0568980086664,8,298404.5074551481,1141984.5383278814,298404.21107357944,1141985.106697017,-0.2963815686525777,0.5683691357262433,0.6410035169038929
A-2050534-2018,NO_HAY_DATOS,NO HAY DATOS,FORTUNA,645854.5182334231,53,421744.5376554933,1154944.604264584,421744.9834081653,1154944.9943573305,0.44575267197797075,0.3900927465874702,0.5923409453310285
NO_SE_INDICA,ISLA_DEL_COCO,PARQUE NACIONAL,ISLA_DEL_COCO,23269452.520742867,1677,160661.51580004065,612186.4428373207,160661.93690624856,612186.2045682427,0.4211062079120893,-0.23826907807961106,0.4838414946147215
P-0081234-1992,NO_APLICA,FUERA ASP,CORREDORES,189013.12165640295,74,625082.5403853052,955042.199978038,625082.7026060437,955042.3571894963,0.16222073847893625,0.1572114583104849,0.225900444038432
P-0081233-1992,NO_APLICA,FUERA ASP,CORREDORES,269366.8668954931,31,625555.3564639973,955894.9486033686,625555.5179751773,955895.106236516,0.16151117999106646,0.1576331474352628,0.22568577809080917
615945512012,Las Tablas,Zona Protectora,Sabalito,50974447.00897558,49,630491.4749915065,992906.7237997038,630491.6062856619,992906.8872068368,0.13129415537696332,0.16340713307727128,0.2096188120772638
P-0557642-1999,NO_APLICA,FUERA ASP,SAN_VITO,21079.61982685743,18,614862.2485658553,977715.4445896033,614862.3916934392,977715.5944555679,0.14312758389860392,0.1498659645440057,0.20723250855345324
P-0129901-1993,GOLFO_DULCE,RESERVA FORESTAL,PUERTO_JIMENEZ,6485.2485102387145,5,570248.4519848992,937374.7042214145,570248.6262083771,937374.8155471066,0.17422347783576697,0.11132569203618914,0.20675403245529797
P-0675251-2001,NO_APLICA,FUERA ASP,SAN_VITO,19137.507289838977,23,620599.881492059,985852.5143364394,620600.0181595618,985852.6692719648,0.13666750281117857,0.1549355253810063,0.2065987012295381
P-0129901-1993,GOLFO_DULCE,RESERVA FORESTAL,PUERTO_JIMENEZ,789043.5399529114,35,569931.687121999,937911.2755614029,569931.860874423,937911.3866853223,0.17375242395792156,0.11112391937058419,0.20624846735802285
P-0124263-1993,GOLFO_DULCE,RESERVA FORESTAL,PUERTO_JIMENEZ,402095.6087903995,21,571738.5015670335,939648.593701389,571738.6739628048,939648.7063762787,0.17239577136933804,0.11267488962039351,0.2059512872914295
604376981981,No aplica,Fuera ASP,Puerto Jimenez,2477.365901683923,5,576824.437369573,943990.2291090864,576824.6064815781,943990.3461592031,0.1691120050381869,0.11705011664889753,0.20566866571151832
P-0129900-1993,GOLFO_DULCE,RESERVA FORESTAL,PUERTO_JIMENEZ,896352.4702604339,87,570476.2623609654,939239.3695286224,570476.4350518202,939239.4811539705,0.17269085487350821,0.11162534810137004,0.2056267241768324
P-0154561-1993,GOLFO_DULCE,RESERVA FORESTAL,PUERTO_JIMENEZ,246048.82340756617,33,570956.4889521886,940141.4397524447,570956.660915676,940141.5518060498,0.17196348740253597,0.11205360502935946,0.20524972935358
P-0030587-1992,GOLFO_DULCE,RESERVA FORESTAL,PUERTO_JIMENEZ,1343629.7906883806,96,568851.4977111219,938668.4332748714,568851.6707932237,938668.5435242839,0.17308210174087435,0.1102494124788791,0.20521293062323437
P-0204637-1994,GOLFO_DULCE,RESERVA FORESTAL,PUERTO_JIMENEZ,706276.6530245428,56,570230.1311759048,939911.3161354306,570230.3032882033,939911.4275736198,0.17211229854729027,0.11143818916752934,0.20503929700467086
P-0030587-1992,GOLFO_DULCE,RESERVA FORESTAL,PUERTO_JIMENEZ,177459.1910034092,36,569212.4072581332,939716.2529537571,569212.5794894451,939716.3635378985,0.1722313119098544,0.11058414145372808,0.20467651829960296
606458491986,Golfito,Refugio de Vida Silvestre,Golfito,2428356.769790044,73,588742.0914304565,955734.7158200612,588742.2514206107,955734.8432051623,0.15999015420675278,0.12738510116469115,0.20450871238614537
P-0133450-1993,GOLFO_DULCE,RESERVA FORESTAL,PUERTO_JIMENEZ,208921.56905295703,40,569019.3407724886,939972.4519825096,569019.5127963021,939972.562446632,0.17202381347306073,0.11046412237919867,0.20443706790800187
P-0133451-1993,GOLFO_DULCE,RESERVA FORESTAL,PUERTO_JIMENEZ,201697.75037834432,44,568740.8321149099,940555.6702043411,568741.0036477841,940555.7804585253,0.17153287422843277,0.11025418422650546,0.20391054921342236
P-0133448-1993,GOLFO_DULCE,RESERVA FORESTAL,PUERTO_JIMENEZ,158348.5636771745,38,568482.2794525336,940398.5430694199,568482.4510909449,940398.6530975412,0.17163841135334224,0.11002812127117068,0.20387724670095622
P-0981347-2005,GOLFO_DULCE,RESERVA FORESTAL,PUERTO_JIMENEZ,988508.4888362109,76,567713.2658387412,940018.0301728622,567713.4377705299,940018.1395553147,0.17193178867455572,0.10938245244324207,0.20377698805147307
P-0133449-1993,GOLFO_DULCE,RESERVA FORESTAL,PUERTO_JIMENEZ,48342.89116965979,13,568005.0882313373,940459.1920138836,568005.2598233977,940459.301649035,0.17159206047654152,0.10963515134062618,0.20362637753510002
P-0133952-1993,GOLFO_DULCE,RESERVA FORESTAL,PUERTO_JIMENEZ,343553.94558636507,44,564271.5728206699,937912.1155210759,564271.7463080416,937912.2219931957,0.17348737176507711,0.10647211980540305,0.20355387605695496
P-0137751-1993,GOLFO_DULCE,RESERVA FORESTAL,PUERTO_JIMENEZ,455584.2941593863,25,565679.2935576623,939603.2617119289,565679.4657281162,939603.3694089556,0.17217045393772423,0.10769702668767422,0.2030795774234515
P-0171613-1994,GOLFO_DULCE,RESERVA FORESTAL,PUERTO_JIMENEZ,941243.5582234072,86,563384.7889987921,938465.8280489843,563384.9619942746,938465.9338039035,0.17299548257142305,0.10575491923373193,0.2027598084736043
P-0211653-1994,PIEDRAS_BLANCAS,PARQUE NACIONAL,GOLFITO,778797.1791907192,43,586099.4221152749,956976.7723262602,586099.5809565976,956976.8976142573,0.15884132264181972,0.12528799707069993,0.2023058278661057
P-0970344-1991,GOLFO_DULCE,RESERVA FORESTAL,JIMENEZ,861070.614598508,54,559301.3096240618,936441.4911339541,559301.4841018775,936441.5934524301,0.17447781574446708,0.1023184759542346,0.20226610865035569
611864992007,No aplica,Fuera ASP,Guaycara,167196.73184816167,43,594081.3005383068,964395.3106828632,594081.4536445078,964395.4428408749,0.15310620097443461,0.1321580116637051,0.2022554049308151
P-0152128-1993,GOLFITO,REFUGIO NACIONAL DE VIDA SILVESTRE,GOLFITO,783548.4409778267,33,587091.522183739,958534.0156462986,587091.6797707888,958534.1417748525,0.15758704976178706,0.12612855387851596,0.2018467001367861
P-0515543-1983,PIEDRAS_BLANCAS,PARQUE NACIONAL,GOLFITO,824219.0519637206,119,585841.6338016698,957957.351967917,585841.7918105727,957957.4770629214,0.15800890291575342,0.12509500433225185,0.2015330581059249
P-0396549-1980,NO_HAY_DATOS,NO HAY DATOS,GOLFITO,1313121.7674218193,60,585956.9166084995,958417.4767069004,585957.0742523328,958417.6019072395,0.15764383331406862,0.12520033912733197,0.2013124514270113
P-0335129-1996,PIEDRAS_BLANCAS,PARQUE NACIONAL,GOLFITO,178461.81853371114,29,586754.3737831914,959167.6648561342,586754.5308475221,959167.7907660572,0.15706433064769953,0.12590992299374193,0.2013020433828229
P-0282889-1977,NO_HAY_DATOS,NO HAY DATOS,SIERPE,445273.2525151931,54,585406.0012766646,958275.3701200812,585406.1590264875,958275.4948864223,0.15774982294533402,0.12476634106133133,0.20112594686195187
P-0282888-1977,PIEDRAS_BLANCAS,PARQUE NACIONAL,SIERPE,949788.1302830972,65,585842.1747326377,958981.6796002737,585842.3319176405,958981.8047492168,0.1571850028121844,0.12514894304331392,0.20092133548711308
P-0578002-1985,PIEDRAS_BLANCAS,PARQUE NACIONAL,GOLFITO,1591631.8128309182,105,586813.7574380817,959944.1984994832,586813.9138629652,959944.3244893822,0.15642488352023065,0.1259898990392685,0.20085367520720848
P-0980328-1991,NO_APLICA,FUERA ASP,GAYCARA,721.3119683581608,6,589676.029294534,962994.2501017335,589676.1833467762,962994.3785503469,0.15405224217101932,0.12844861345365644,0.20057701666962052
P-0009058-1969,PIEDRAS_BLANCAS,PARQUE NACIONAL,SIERPE,152112.23062453524,27,591341.7627207938,964652.9359315559,591341.9154707781,964653.0658631496,0.15274998429231346,0.12993159366305918,0.20053622299505974
P-0020184-1991,PIEDRAS_BLANCAS,PARQUE NACIONAL,GOLFITO,172939.63303400204,30,585201.2699336326,959235.8406079675,585201.4268665229,959235.9652188835,0.15693289029877633,0.12461091601289809,0.20038915251854653
P-0104490-1993,PIEDRAS_BLANCAS,PARQUE NACIONAL,GOLFITO,234378.31889365427,57,586885.6271381038,960775.0923192373,586885.7828853803,960775.2183984625,0.1557472764980048,0.12607922521419823,0.2003825969667987
P-0054427-1992,PIEDRAS_BLANCAS,PARQUE NACIONAL,GOLFITO,230278.28653293982,23,590858.8389131454,964867.0604077686,590858.9914660543,964867.1899430564,0.15255290898494422,0.12953528785146773,0.2001294102288099
604221941997,Piedras Blancas,Parque Nacional,Golfito,2023097.5127294334,62,583963.0045160941,958640.054391958,583963.1618916201,958640.177970986,0.15737552603241056,0.12357902794610709,0.20009705730490554
P-0023196-1991,PIEDRAS_BLANCAS,PARQUE NACIONAL,GOLFITO,1358855.8940339573,83,585668.2211482603,960164.4448552929,585668.3773507668,960164.5699109294,0.15620250650681555,0.1250556365121156,0.2000953154435709
P-0056961-1992,PIEDRAS_BLANCAS,PARQUE NACIONAL,GOLFITO,1167654.6493386696,68,587133.8114226649,961758.1118335341,587133.9663729236,961758.2381866734,0.15495025867130607,0.12635313929058611,0.1999367361714473
P-0141934-1993,PIEDRAS_BLANCAS,PARQUE NACIONAL,GOLFITO,217326.76526761055,28,590338.5535980202,964644.4756119867,590338.706301979,964644.6046684604,0.15270395879633725,0.12905647372826934,0.19993517060099492
P-0039743-1992,PIEDRAS_BLANCAS,PARQUE NACIONAL,GOLFITO,50057.68690700503,8,584435.1787805579,959447.0377638399,584435.3354997677,959447.1617451785,0.15671920974273235,0.12398133857641369,0.19983063583341235
P-0578001-1985,PIEDRAS_BLANCAS,PARQUE NACIONAL,GOLFITO,476735.3880775571,46,586571.3177040521,961551.2192301638,586571.4728050743,961551.3451025444,0.15510102221742272,0.12587238056585193,0.19975030233319827
P-0040165-1992,PIEDRAS_BLANCAS,PARQUE NACIONAL,GOLFITO,558821.3887749836,58,584485.5135186878,959671.691070006,584485.6700639251,959671.8151277871,0.1565452372888103,0.12405778106767684,0.19974169409826675
P-0866037-2003,PIEDRAS_BLANCAS,PARQUE NACIONAL,GOLFITO,230759.62057671277,26,590054.7000556831,964944.282922164,590054.852524592,964944.411811181,0.15246890881098807,0.12888901703990996,0.1996475566279928
P-0282890-1977,PIEDRAS_BLANCAS,PARQUE NACIONAL,SIERPE,601482.1875723529,33,585512.567770827,961083.7778144414,585512.7232061961,961083.9027489808,0.15543536911718547,0.12493453943170607,0.19942114510655137
P-0357793-1979,PIEDRAS_BLANCAS,PARQUE NACIONAL,SIERPE,711462.60856352,45,584353.3721447706,960136.3358815329,584353.5283128585,960136.4598654555,0.15616808796767145,0.12398392264731228,0.19940031287461182
P-0913044-1990,PIEDRAS_BLANCAS,PARQUE NACIONAL,GOLFITO,802497.6818558723,30,586024.4597646022,961595.4781561812,586024.6147989016,961595.6035537574,0.15503429935779423,0.12539757625199854,0.19939956395949804
P-0198090-1994,PIEDRAS_BLANCAS,PARQUE NACIONAL,PALMAR,452365.4258964928,65,586671.8662589535,962186.0934260275,586672.0208295435,962186.2193717087,0.15457059000618756,0.1259456812404096,0.19938500926090658
P-0041119-1992,PIEDRAS_BLANCAS,PARQUE NACIONAL,GOLFITO,405489.69916118775,18,583574.6048443925,959369.8119183677,583574.7614732938,959369.9352561984,0.15662890125531703,0.12333783064968884,0.19936106234121842
P-0040164-1992,PIEDRAS_BLANCAS,PARQUE NACIONAL,GOLFITO,426138.6856158435,55,583643.2447081667,959590.7553455121,583643.4013060733,959590.8787046043,0.15659790660720319,0.12335909227840602,0.19934986832579205
P-0894536-2003,PIEDRAS_BLANCAS,PARQUE NACIONAL,GOLFITO,501091.1285737753,12,589752.486208841,965413.0200973646,589752.6382701112,965413.1487468906,0.1520612702006474,0.12864952604286373,0.1991816518811102
P-0037835-1992,PIEDRAS_BLANCAS,PARQUE NACIONAL,GOLFITO,145815.1888570264,20,583967.1449252656,960196.3207818164,583967.3010197815,960196.4444644117,0.1560945159289986,0.12368259532377124,0.19915542244471315
P-0894526-1990,PIEDRAS_BLANCAS,PARQUE NACIONAL,GOLFITO,932465.3878879566,36,582468.3481329156,959041.9579584663,582468.5051317704,959042.0803811237,0.15699885482899845,0.12242265744134784,0.19908778835633925
P-0451521-1981,PIEDRAS_BLANCAS,PARQUE NACIONAL,GOLFITO,498579.6135932505,11,584057.3282501572,960550.5775747829,584057.4840359652,960550.7013024334,0.15578580799046904,0.12372765049804002,0.19894157300325246
P-0033878-1992,PIEDRAS_BLANCAS,PARQUE NACIONAL,GOLFITO,220886.76705631893,23,585392.6158498029,961934.7312667896,585392.7705981052,961934.8561777662,0.15474830230232328,0.12491097662132233,0.1988712878872759
P-0635551-2000,PIEDRAS_BLANCAS,PARQUE NACIONAL,GOLFITO,602191.9143307336,97,582260.7482819441,959233.7176129377,582260.9050836253,959233.8398297257,0.1568016812670976,0.12221678800415248,0.1988057104769388
P-0451522-1981,PIEDRAS_BLANCAS,PARQUE NACIONAL,SIERPE,823675.526275143,22,584233.139039597,961070.3109716652,584233.2943880539,961070.4348808051,0.15534845693036914,0.12390913988929242,0.19871240026417827
P-0050453-1992,PIEDRAS_BLANCAS,PARQUE NACIONAL,GOLFITO,276904.94872308534,7,583091.6670663111,960182.3851705657,583091.8231300556,960182.508119397,0.15606374444905668,0.1229488312965259,0.19867638875478397
P-0052908-1962,PIEDRAS_BLANCAS,PARQUE NACIONAL,GOLFITO,586705.4503000756,12,589154.0475658176,965692.0842400842,589154.1993358992,965692.2124092947,0.1517700816038996,0.12816921051125973,0.19864919882328738
P-0982642-1991,PIEDRAS_BLANCAS,PARQUE NACIONAL,GOLFITO,131930.70547326654,27,588571.6879278834,965217.0601233005,588571.8401211126,965217.187776782,0.15219322929624468,0.127653481438756,0.1986408577484857
P-0033875-1992,PIEDRAS_BLANCAS,PARQUE NACIONAL,GOLFITO,191964.87332873046,13,585372.2034484259,962470.3066445166,585372.3577310203,962470.4315746869,0.1542825944488868,0.12493017024826258,0.19852119883815822
P-0045177-1992,PIEDRAS_BLANCAS,PARQUE NACIONAL,GOLFITO,370272.0819552904,27,584631.9579055138,961991.2442690931,584632.1125487927,961991.3685603155,0.15464327891822904,0.1242912223096937,0.19840073502338362
P-0982644-1991,PIEDRAS_BLANCAS,PARQUE NACIONAL,GOLFITO,161444.50300607085,25,588382.4068513456,965500.0143418852,588382.5588184582,965500.1418857863,0.15196711267344654,0.12754390109330416,0.19839720270306874
P-0982637-1991,PIEDRAS_BLANCAS,PARQUE NACIONAL,GOLFITO,172882.9792562467,35,587988.7488985608,965222.0069537116,587988.9010377831,965222.1341333372,0.15213922236580402,0.12717962556052953,0.19829523478840344
P-0023195-1991,PIEDRAS_BLANCAS,PARQUE NACIONAL,GOLFITO,507401.4482278414,54,583511.3359839381,961187.3294866921,583511.4912085866,961187.452804352,0.15522464853711426,0.1233176599489525,0.19824716080881494
P-0017454-1973,PIEDRAS_BLANCAS,PARQUE NACIONAL,SIERPE,732433.6087897606,35,588726.7899888115,966087.7969569908,588726.9414329929,966087.9248116306,0.15144418145064265,0.12785463978070766,0.19819724773242864
P-0474569-1982,PIEDRAS_BLANCAS,PARQUE NACIONAL,PALMAR,363137.1679679984,46,586514.3930437145,964128.7329704422,586514.5460355543,964128.8589586274,0.15299183980096132,0.12598818528931588,0.19819063014728522
P-0982645-1991,PIEDRAS_BLANCAS,PARQUE NACIONAL,GOLFITO,153191.88575902235,32,588199.0593723294,965741.1704946668,588199.2110892804,965741.2978753317,0.15171695104800165,0.1273806649260223,0.19810064874274716
P-0053545-1992,PIEDRAS_BLANCAS,PARQUE NACIONAL,GOLFITO,378559.5605560541,5,588706.7230212368,966406.7414445285,588706.8742705155,966406.8692412709,0.15124927868600935,0.12779674248304218,0.1980109888170733
P-0203502-1994,PIEDRAS_BLANCAS,PARQUE NACIONAL,GOLFITO,1243663.9774852172,43,582760.7694365786,960970.9122964214,582760.9248266367,960971.0350180845,0.15539005806203932,0.12272166309412569,0.1980067593217768
P-0015098-1991,PIEDRAS_BLANCAS,PARQUE NACIONAL,GOLFITO,46946.452584937215,10,586430.253878504,964234.7128825997,586430.4066901415,964234.8387360638,0.15281163749750704,0.12585346412379295,0.19796588339061943
P-0009501-1991,PIEDRAS_BLANCAS,PARQUE NACIONAL,GOLFITO,623647.8640229218,40,586017.6193181745,963921.3870956366,586017.7723947383,963921.5126160843,0.15307656372897327,0.12552044773474336,0.19795913003092547
P-0982646-1991,PIEDRAS_BLANCAS,PARQUE NACIONAL,GOLFITO,164483.0317461472,46,587794.72381856,965669.9078400247,587794.875583283,965670.0348941232,0.1517647230066359,0.12705409852787852,0.19792744908681256
P-0050440-1992,PIEDRAS_BLANCAS,PARQUE NACIONAL,GOLFITO,807280.5728610344,34,583893.3293974898,962204.2714359767,583893.4838302056,962204.395137425,0.15443271584808826,0.12370144831947982,0.1978674102538195
P-0882049-1990,INTERNACIONAL_LA_AMISTAD,PARQUE NACIONAL,PITTIER,588768.6880877428,53,616173.0836087677,997536.8854633227,616173.210470297,997537.03728924,0.12686152930837125,0.15182591730263084,0.19785084478779472
P-0021980-1991,PIEDRAS_BLANCAS,PARQUE NACIONAL,GOLFITO,169536.61155316854,15,588320.8584938702,966658.2256392837,588321.0095218287,966658.3531791592,0.1510279584908858,0.1275398755678907,0.19767615967991126
P-0913824-2004,PIEDRAS_BLANCAS,PARQUE NACIONAL,GOLFITO,1163950.6555842329,72,580090.1789894261,959386.0395657335,580090.3355542026,959386.1599760795,0.15656477643642575,0.12041034596040845,0.1975124822255374
P-0784501-1988,PIEDRAS_BLANCAS,PARQUE NACIONAL,GOLFITO,1418789.1579106562,18,581776.0596133292,961051.9291558332,581776.2149003826,961052.0510619209,0.15528705331962556,0.12190608773380518,0.1974212834403992
P-0025842-1992,PIEDRAS_BLANCAS,PARQUE NACIONAL,GOLFITO,397423.6859810103,35,586929.9426214523,965882.9343686086,586930.0942034841,965883.0607058983,0.1515820318600163,0.12633728969376534,0.19732770497316737
P-0089590-1992,PIEDRAS_BLANCAS,PARQUE NACIONAL,GOLFITO,289404.36020032316,8,584690.7980921492,963940.3023021967,584690.9511259465,963940.4267371771,0.1530337972799316,0.12443498033098876,0.19723946724702124
P-0662809-1986,PIEDRAS_BLANCAS,PARQUE NACIONAL,GOLFITO,1771384.6130035631,65,585706.8047657211,964875.7967442689,585706.9570344624,964875.9220461737,0.15226874127984047,0.12530190485995263,0.19719618894004928
P-0892243-2003,NO_HAY_DATOS,NO HAY DATOS,GOLFITO,1158200.4000682533,82,579912.3102881854,960097.910645997,579912.4662543527,960098.0309702748,0.15596616733819246,0.12032427778467536,0.1969857283626628
P-0936458-1990,PIEDRAS_BLANCAS,PARQUE NACIONAL,GOLFITO,267024.00870626024,22,580454.6358774693,960724.1905186657,580454.791371075,960724.3113093915,0.15549360564909875,0.120790725806728,0.19689758972286478
P-0019928-1991,PIEDRAS_BLANCAS,PARQUE NACIONAL,GOLFITO,2250365.6285628453,30,579622.2541061428,960168.3500840956,579622.410032453,960168.4701544677,0.15592631022445858,0.1200703721260652,0.1967991577286495
P-0532335-1984,PIEDRAS_BLANCAS,PARQUE NACIONAL,GOLFITO,354786.75388027425,50,585046.8849343092,965053.8384015575,585047.0370468355,965053.9631471395,0.15211252635344863,0.12474558199755847,0.19672234469306782
P-0742258-1988,GOLFO_DULCE,RESERVA FORESTAL,PUERTO_JIMENEZ,418170.91052314825,57,562231.2065709048,946639.5526264731,562231.3728034021,946639.6578125166,0.1662324973149225,0.1051860434236005,0.1967164123673144
P-0885824-1990,PIEDRAS_BLANCAS,PARQUE NACIONAL,GOLFITO,2425314.478161488,32,582733.2434687607,963019.0922891458,582733.3971691421,963019.215034855,0.15370038140099496,0.12274570914451033,0.19669854182530191
P-0885825-1990,PIEDRAS_BLANCAS,PARQUE NACIONAL,GOLFITO,2356270.077847264,38,581772.4866616079,962298.4331743879,581772.6409592252,962298.555142161,0.1542976173805073,0.12196777306962758,0.19668221169405634
P-0358162-1979,NO_HAY_DATOS,NO HAY DATOS,SIERPE,180678.29402400553,12,585484.0553557505,965633.1454295594,585484.2070488327,965633.270576852,0.15169308218173683,0.12514729262329638,0.19665359399903204
P-0025843-1992,PIEDRAS_BLANCAS,PARQUE NACIONAL,GOLFITO,484167.3923239857,15,586202.4351325675,966520.6704155811,586202.5861365424,966520.7961968736,0.15100397483911365,0.12578129256144166,0.19652769264314546
P-0508025-1983,PIEDRAS_BLANCAS,PARQUE NACIONAL,GOLFITO,1571267.9205938755,173,580242.5453021338,961233.2998501783,580242.7003913564,961233.420535364,0.155089222593233,0.12068518565502018,0.19651356442027115
P-0922564-2004,PIEDRAS_BLANCAS,PARQUE NACIONAL,GOLFITO,1486753.3654219983,109,584877.2096943876,965467.3975521087,584877.3614984731,965467.5222043775,0.15180408547166735,0.12465226871427149,0.19642471448752122
603019321978,Piedras Blancas,Parque Nacional,Golfito,1716455.7899543643,38,583870.2152392543,964715.8566596074,583870.3676047595,964715.9804462146,0.15236550522968173,0.12378660717513412,0.19631192347849669
P-0532334-1984,PIEDRAS_BLANCAS,PARQUE NACIONAL,GOLFITO,618935.7739771534,44,584875.059137111,965581.9373300323,584875.2108048098,965582.0619495467,0.15166769886855036,0.1246195143321529,0.19629853344450368
P-0005754-1991,PIEDRAS_BLANCAS,PARQUE NACIONAL,GOLFITO,707824.7471053973,32,583036.4622658695,964035.4298933652,583036.6151589204,964035.5529657247,0.1528930509230122,0.12307235947810113,0.196273000405185
P-0023548-1992,PIEDRAS_BLANCAS,PARQUE NACIONAL,GOLFITO,78591.13757681567,14,584827.5010768932,966299.2421850954,584827.6521830438,966299.3668256999,0.15110615058802068,0.12464060448110104,0.19587840368694004
607014391987,Piedras Blancas,Parque Nacional,Golfito,831385.0466262028,52,577328.1399320756,959815.7404758441,577328.2960197956,959815.8586704148,0.1560877199517563,0.11819457064848393,0.19578900084151143
P-0094716-1993,PIEDRAS_BLANCAS,PARQUE NACIONAL,GOLFITO,441038.253550872,29,583392.3551726211,965127.6908606827,583392.5071744851,965127.8142516997,0.15200186404399574,0.12339101696852595,0.19578025881425437
611635142007,PIEDRAS_BLANCAS,PARQUE NACIONAL,01,1272293.5402866974,80,579329.7176256088,961889.197734365,579329.8721268349,961889.317675541,0.1545012261485681,0.11994117603171617,0.19559272631997876
P-0635167-1986,INTERNACIONAL_LA_AMISTAD,PARQUE NACIONAL,SAN_VITO,1867376.1646347195,45,613852.606806736,999189.6357954537,613852.7322182003,999189.7857751745,0.12541146436706185,0.14997972082346678,0.19550435302820207
P-0094715-1993,PIEDRAS_BLANCAS,PARQUE NACIONAL,GOLFITO,653887.6226444087,37,582517.2635879833,964904.2737122445,582517.415742533,964904.3964084992,0.15215454972349107,0.12269625475164503,0.19546196031872518
P-0870839-1989,PIEDRAS_BLANCAS,PARQUE NACIONAL,GOLFITO,2995886.551284138,53,580237.5673188675,962864.2503506626,580237.7210372151,962864.3710788332,0.15371834754478186,0.12072817061562091,0.19546002545812996
P-0025836-1992,PIEDRAS_BLANCAS,PARQUE NACIONAL,GOLFITO,2299776.3913883544,100,584764.1444109748,967027.1102290435,584764.2949406378,967027.2349018777,0.1505296629620716,0.12467283417936414,0.19545458555324327
P-0023546-1992,PIEDRAS_BLANCAS,PARQUE NACIONAL,GOLFITO,2066162.635791488,50,583607.4324147888,966071.2821381638,583607.5836671655,966071.4057730185,0.1512523767305538,0.12363485468085855,0.19535316418885665
P-0540483-1984,NO_HAY_DATOS,NO HAY DATOS,GOLFITO,858162.308154053,47,583691.369119857,966226.8282031689,583691.520260762,966226.9519170119,0.15114090498536825,0.12371384294237942,0.1953168914747719
P-0870837-1989,PIEDRAS_BLANCAS,PARQUE NACIONAL,GOLFITO,1012360.8545301408,5,580890.650937267,963871.9659513991,580890.8038102648,963872.0872793609,0.1528729978017509,0.12132796179503202,0.195168203789016
P-0019927-1991,PIEDRAS_BLANCAS,PARQUE NACIONAL,GOLFITO,1253110.9211090505,42,578017.0579753522,961462.9817218846,578017.2127845434,961463.1005373496,0.15480919124092907,0.11881546501535922,0.19514866235638564
P-0947377-1991,PIEDRAS_BLANCAS,PARQUE NACIONAL,GOLFITO,1155939.1881850297,117,581612.3202704191,964729.1794931337,581612.472533213,964729.301412148,0.15226279385387897,0.12191901437472552,0.19505948953663693
P-0894717-2003,PIEDRAS_BLANCAS,PARQUE NACIONAL,GOLFITO,1168399.3645423772,53,577151.8014528336,960880.2100391269,577151.9566635459,960880.3281205001,0.15521071234252304,0.11808137316256762,0.19502198828293946
P-0023547-1992,PIEDRAS_BLANCAS,PARQUE NACIONAL,GOLFITO,547356.6514341682,24,582644.1370321334,965736.1166115045,582644.2885234646,965736.2394250941,0.15149133116938174,0.12281358963809907,0.19502000210046835
P-0047895-1992,PIEDRAS_BLANCAS,PARQUE NACIONAL,GOLFITO,1319989.4921777993,128,579233.9808690556,962789.4011535853,579234.1346118618,962789.5210393212,0.15374280617106706,0.11988573591224849,0.19496009880120518
P-0742148-1988,GOLFO_DULCE,RESERVA FORESTAL,JIMENEZ,832450.7341654375,49,561059.3948615219,948559.2972804911,561059.5594695845,948559.4015921017,0.1646080625941977,0.10431161057204008,0.1948761821545882
P-0746864-1988,PIEDRAS_BLANCAS,PARQUE NACIONAL,GOLFITO,1488407.8355954587,59,585254.5530732931,968509.1848535017,585254.7024014771,968509.3099300214,0.1493281840812415,0.12507651967462152,0.19478973878240385
P-0870838-1990,PIEDRAS_BLANCAS,PARQUE NACIONAL,GOLFITO,2961103.338924191,42,581413.5316307409,964989.7432819967,581413.6836450511,964989.865037051,0.1520143102388829,0.12175505433697253,0.19476304519595722
P-0015044-1991,PIEDRAS_BLANCAS,PARQUE NACIONAL,GOLFITO,476443.1001126077,27,578200.4792107997,962319.7479920778,578200.6333421401,962319.8669936066,0.1541313404450193,0.11900152871385217,0.1947250213598967
P-0063771-1986,INTERNACIONAL_LA_AMISTAD,PARQUE NACIONAL,SAN_VITO,705285.1887178291,45,613295.2108959473,1000172.8652195844,613295.3354778435,1000173.0148110688,0.12458189623430371,0.14959148433990777,0.19467475711132065
P-1180252-2007,PIEDRAS_BLANCAS,PARQUE NACIONAL,GOLFITO,447567.97112753615,18,576117.3764465826,960623.5945190798,576117.5318831988,960623.711674415,0.15543661615811288,0.11715533526148647,0.19464304308892166
P-1143195-2007,PIEDRAS_BLANCAS,PARQUE NACIONAL,GOLFITO,1983091.3240642156,55,575368.8000796838,960143.7474694356,575368.9558470753,960143.8640513598,0.1557673915522173,0.11658192425966263,0.19456316541182067
P-0460938-1982,PIEDRAS_BLANCAS,PARQUE NACIONAL,SIERPE,1326134.1775891457,53,583902.1965724409,967716.1870679905,583902.3464827761,967716.3110139049,0.14991033519618213,0.12394591432530433,0.1945140053481172
P-0009474-1991,PIEDRAS_BLANCAS,PARQUE NACIONAL,GOLFITO,1542575.4137410456,87,578461.1856689132,963208.2015908748,578461.3390797027,963208.3208436343,0.15341078955680132,0.11925275949761271,0.19430926637769141
P-0765582-2002,NO_APLICA,FUERA ASP,BIOLLEY,218786.07457330823,29,610241.2691918502,996922.3878425825,610241.3962915848,996922.5347751663,0.12709973461460322,0.14693258376792073,0.1942769330410062
P-0633463-1986,INTERNACIONAL_LA_AMISTAD,PARQUE NACIONAL,POTRERO_GRANDE,851828.0890381956,56,611987.7848898789,999273.4939330674,611987.910128117,999273.6424040886,0.1252382380189374,0.14847102120984346,0.19423763899198787
P-0765583-2002,NO_APLICA,FUERA ASP,BIOLLEY,83263.70274504274,45,610717.2484201087,997557.6361568369,610717.3750115354,997557.7834748831,0.12659142666961998,0.14731804619077593,0.1942369584804019
P-0020861-1991,PIEDRAS_BLANCAS,PARQUE NACIONAL,GOLFITO,759207.925077863,32,577125.0004519604,962169.025689822,577125.1546208127,962169.1438171971,0.154168852372095,0.1181273750262335,0.19422181075336833
P-1150098-2007,PIEDRAS_BLANCAS,PARQUE NACIONAL,GOLFITO,312710.3177680918,57,583255.3864111307,967753.1673865741,583255.5362673787,967753.2908131923,0.14985624805558473,0.12342661817092448,0.19414176561061797
P-0009498-1991,PIEDRAS_BLANCAS,PARQUE NACIONAL,GOLFITO,233073.47203520313,24,577863.8295345751,963095.0544951252,577863.983009427,963095.1732567531,0.15347485186066478,0.1187616279348731,0.19405889421357175
P-0424768-1981,PIEDRAS_BLANCAS,PARQUE NACIONAL,SIERPE,881434.7945145342,71,584343.1774998144,968902.2581658548,584343.3264555695,968902.3825227116,0.14895575505215675,0.12435685680247843,0.19404237886850967
P-0765584-2002,NO_APLICA,FUERA ASP,BIOLLEY,12965.412802994251,17,610460.9382103278,997666.0130185307,610461.0646996122,997666.1601241964,0.12648928444832563,0.1471056657610461,0.19400931931031057
P-0766057-2002,PIEDRAS_BLANCAS,PARQUE NACIONAL,GOLFITO,885227.0868053669,59,576560.9418598763,962019.490672327,576561.0961188046,962019.608318872,0.15425892837811261,0.11764654505532235,0.19400135707725777
P-0639797-1986,PIEDRAS_BLANCAS,PARQUE NACIONAL,GOLFITO,2994477.73332496,29,579599.9298362305,964799.5304681078,579600.0819537867,964799.6507676748,0.15211755619384348,0.12029956700280309,0.1939374557001536
P-0761488-1988,PIEDRAS_BLANCAS,PARQUE NACIONAL,GOLFITO,1614555.3081560303,47,581103.3541323565,966167.447466932,581103.5051834909,966167.5690299296,0.1510511344531551,0.12156299757771194,0.19389174195840303
P-0420478-1997,PIEDRAS_BLANCAS,PARQUE NACIONAL,SIERPE,577251.9835300198,42,576100.4127306408,961903.8726336707,576100.5670636471,961903.989923894,0.15433300624135882,0.1172902233665809,0.19384445649251295
P-0755398-1988,INTERNACIONAL_LA_AMISTAD,PARQUE NACIONAL,SAN_VITO/POTRERO_GRANDE,2652865.428898759,42,612591.8056997139,1001089.6600977902,612591.9294816392,1001089.8091297015,0.12378192530013621,0.14903191127814353,0.19373300082904035
P-0694596-2001,PIEDRAS_BLANCAS,PARQUE NACIONAL,GOLFITO,1325356.0516646793,103,582108.0606149106,967366.7822868186,582108.2107315388,967366.9047495469,0.15011662826873362,0.1224627282936126,0.1937320879562504
P-0902742-1990,INTERNACIONAL_LA_AMISTAD,PARQUE NACIONAL,POTRERO_GRANDE,677882.56477198,66,610465.21978249,998328.9395027469,610465.3457240834,998329.0866829382,0.12594159331638366,0.14718019124120474,0.1937093018439408
P-1223345-2007,NO_APLICA,FUERA ASP,PITTIER,516462.60081143957,55,604368.1861044312,990895.5765137519,604368.3178996367,990895.7183313962,0.13179520552512258,0.1418176443548873,0.19360325526648203
P-0017569-1991,NO_HAY_DATOS,NO HAY DATOS,GOLFITO,773666.8725292236,27,580094.5882104666,965995.0008480932,580094.7393775026,965995.121593182,0.1511670360341668,0.12074508878868073,0.19347053845467396
P-1629526-2013,NO_APLICA,FUERA ASP,PITTIER,490453.1477901172,64,603876.5658467792,990717.8308360772,603876.6977179243,990717.9722768184,0.13187114510219544,0.1414407411357388,0.19337911511740702
P-0345298-1979,PIEDRAS_BLANCAS,PARQUE NACIONAL,SIERPE,774832.693857281,45,584061.5312068013,969837.4245399367,584061.679358727,969837.5487603964,0.1481519256485626,0.12422045972198248,0.19333834510235648
P-0008177-1991,PIEDRAS_BLANCAS,PARQUE NACIONAL,GOLFITO,199833.4880979061,17,577903.4458361396,964423.9797730562,577903.5981612959,964424.0986743635,0.15232515626121312,0.11890130722895265,0.19323683419771912
P-0009500-1991,PIEDRAS_BLANCAS,PARQUE NACIONAL,GOLFITO,639606.594245322,14,578292.8926813722,964832.2314774937,578293.0447253579,964832.3506829102,0.1520439856685698,0.11920541652943939,0.1932027559532767
P-0434433-1981,PIEDRAS_BLANCAS,PARQUE NACIONAL,SIERPE,826674.6938536707,84,581685.938712129,967959.2152849571,581686.0883221993,967959.3374299048,0.14961007027886808,0.12214494775980711,0.1931387102372123
P-0051957-1961,PIEDRAS_BLANCAS,PARQUE NACIONAL,PALMAR,1146222.142544623,15,583206.9902281531,969431.4854342717,583207.1386776542,969431.6088875537,0.14844950113911182,0.12345328193623573,0.193075029999425
P-0078559-1992,PIEDRAS_BLANCAS,PARQUE NACIONAL,GOLFITO,15361.23636203437,21,582735.4740664447,969022.2210853522,582735.6228435616,969022.3441334871,0.14877711690496653,0.12304813484661281,0.19306857331990696
P-0079277-1992,PIEDRAS_BLANCAS,PARQUE NACIONAL,GOLFITO,65892.70930545917,51,582575.2971940442,968908.760861053,582575.446065737,968908.8837756896,0.14887169282883406,0.12291463662404567,0.19305643947339313
P-0020863-1991,PIEDRAS_BLANCAS,PARQUE NACIONAL,GOLFITO,330081.07331121713,11,579538.4483710671,966340.368702531,579538.5992020118,966340.4890111919,0.1508309447672218,0.12030866090208292,0.19293560528690679
P-0902352-1990,INTERNACIONAL_LA_AMISTAD,PARQUE NACIONAL,POTRERO_GRANDE,231153.99028762733,34,609376.4787911539,998446.5858796512,609376.6046008142,998446.7321523255,0.12580966029781848,0.146272674202919,0.1929346154600718
P-0925998-1990,PIEDRAS_BLANCAS,PARQUE NACIONAL,GOLFITO,120551.19499283085,43,582451.1304797136,969139.3546813645,582451.2791398367,969139.4775009376,0.14866012311540544,0.12281957315281034,0.1928327766592755
P-0887393-2003,PIEDRAS_BLANCAS,PARQUE NACIONAL,GOLFITO,445136.94772928534,32,582623.3043681283,969469.9110867843,582623.4528080575,969470.0340654373,0.14843992923852056,0.12297865294385701,0.19276452389436866
P-0019929-1991,PIEDRAS_BLANCAS,PARQUE NACIONAL,GOLFITO,1037093.9651119411,21,576896.853189156,964368.3567927731,576897.0055442057,964368.4748496606,0.1523550496203825,0.11805688752792776,0.1927420292453387
P-0042209-1992,PIEDRAS_BLANCAS,PARQUE NACIONAL,GOLFITO,129652.34133484866,51,581146.3314314355,968112.9411480477,581146.480893246,968113.0628449626,0.14946181047707796,0.12169691489543766,0.19274068560154436
P-0020862-1991,PIEDRAS_BLANCAS,PARQUE NACIONAL,GOLFITO,94849.98819153011,8,578958.7544789161,966194.7894543824,578958.9053922251,966194.9092967008,0.15091330907307565,0.11984231846872717,0.19270964727108367
P-0017570-1991,PIEDRAS_BLANCAS,PARQUE NACIONAL,GOLFITO,875403.3339193538,25,578220.4306250858,965547.8689163612,578220.5820521184,965547.9881005904,0.15142703254241496,0.11918422917369753,0.19270450609243692
P-0009502-1991,PIEDRAS_BLANCAS,PARQUE NACIONAL,GOLFITO,87817.80873878783,17,582316.0165826209,969292.3037695548,582316.1651303667,969292.4264949089,0.1485477457754314,0.12272535404190421,0.19268613157067876
P-0046028-1992,PIEDRAS_BLANCAS,PARQUE NACIONAL,GOLFITO,173369.32540934533,8,578575.6368355374,965903.5863117495,578575.7879716179,965903.7058047601,0.1511360805016011,0.11949301057029516,0.19266731535094145
603252031978,Piedras Blancas,Parque Nacional,Golfito,812366.7506327387,45,581872.2437449372,969075.283425931,581872.392443468,969075.4057889959,0.14869853074196726,0.12236306490376592,0.19257199354387702
P-0039646-1992,PIEDRAS_BLANCAS,PARQUE NACIONAL,GOLFITO,337044.03079913836,59,580654.814618598,967971.2838672942,580654.9641612798,967971.4051621942,0.1495426818728447,0.1212948999600485,0.19254990640880876
P-0042210-1992,PIEDRAS_BLANCAS,PARQUE NACIONAL,GOLFITO,69795.00619282594,22,582183.0958168219,969763.8700920753,582183.2439715232,969763.9927443035,0.14815470133908093,0.12265222822315991,0.19233664397867187
L-0875187-1991,INTERNACIONAL_LA_AMISTAD,PARQUE NACIONAL,BRATSI,2994353.9623150374,20,614417.6607140959,1006629.1389265782,614417.7800165943,1006629.2897260677,0.11930249840952456,0.1507994894636795,0.1922851324186584
P-0043341-1992,PIEDRAS_BLANCAS,PARQUE NACIONAL,GOLFITO,153593.13052880997,25,574290.0414721209,962957.176121825,574290.1948521285,962957.291957944,0.15338000759948045,0.11583611904643476,0.1922067459975234
P-0009499-1991,PIEDRAS_BLANCAS,PARQUE NACIONAL,GOLFITO,565234.5625569001,24,578819.4472884772,966950.4211814743,578819.5976057502,966950.5409220522,0.1503172729862854,0.11974057788029313,0.1921798338773868
P-0757304-1988,GOLFO_DULCE,RESERVA FORESTAL,PUERTO_JIMENEZ,1752614.7699326477,108,554647.7027136482,948179.23279576,554647.8673228072,948179.3318370578,0.16460915899369866,0.0990412977989763,0.19210766224780904
P-0210790-1994,INTERNACIONAL_LA_AMISTAD,PARQUE NACIONAL,POTRERO_GRANDE,694358.7839591585,11,609163.2569711285,999888.6611715761,609163.3816349092,999888.8072976364,0.12466378067620099,0.14612606028094888,0.19207780638510907
P-0506090-1983,PIEDRAS_BLANCAS,PARQUE NACIONAL,GOLFITO,1749262.2912498,71,580868.4551394503,968992.6317045928,580868.6038588647,968992.753217837,0.1487194144865498,0.12151324411388487,0.19204929768239917
P-0008176-1991,PIEDRAS_BLANCAS,PARQUE NACIONAL,GOLFITO,125000.72118401898,20,578037.357511305,966650.7910827756,578037.50803091,966650.9101604626,0.15051960502751172,0.11907768703531474,0.19192614998305596
P-0008189-1991,PIEDRAS_BLANCAS,PARQUE NACIONAL,GOLFITO,17393.67060628161,6,577850.1583068814,966526.0974984468,577850.3089115627,966526.2164320654,0.15060468122828752,0.11893361853435636,0.19190355813676277
602082891994,Internacional la Amistad,Paqrque Nacional,Potrero Grande,1399992.0647877231,24,609921.444974427,1001374.0343403069,609921.5683855775,1001374.1811830638,0.12341115053277463,0.14684275689069182,0.19181529482051732
P-0586648-1985,PIEDRAS_BLANCAS,PARQUE NACIONAL,GOLFITO,2717269.954208699,107,579306.530310635,968138.697637605,579306.6796640207,968138.8178150915,0.14935338567011058,0.12017748644575477,0.19170044877241252
P-0093966-1993,INTERNACIONAL_LA_AMISTAD,PARQUE NACIONAL,POTRERO_GRANDE,324072.658954734,36,607924.4461151279,999279.3231423616,607924.5711898241,999279.4682861855,0.12507469626143575,0.14514382393099368,0.19159960665461112
P-0529957-1998,GOLFO_DULCE,RESERVA FORESTAL,PUERTO_JIMENEZ,323971.9182133749,34,555789.3907572806,950551.8161766501,555789.5534947529,950551.9162777218,0.16273747221566737,0.10010107164271176,0.19105943946103376
P-0642111-1986,INTERNACIONAL_LA_AMISTAD,PARQUE NACIONAL,POTRERO_GRANDE,1411783.854433775,23,609206.5427632887,1002467.3416019541,609206.6652410276,1002467.4879110005,0.12247773888520896,0.146309046423994,0.1908065344476752
L-0040298-1992,INTERNACIONAL_LA_AMISTAD,PARQUE NACIONAL,BRATSI,2994723.0916482434,13,613251.2872681968,1008324.1102166137,613251.4051329958,1008324.2601076445,0.1178647989872843,0.1498910307418555,0.19068149343124205
604226851981,Internacional la Amistad,Parque Nacional,Potrero Grande,2946143.5718958974,36,608785.0989541017,1002477.1997215868,608785.2214163633,1002477.3456970288,0.1224622615845874,0.14597544202115387,0.1905409016082457
P-1579882-2012,CORCOVADO,PARQUE NACIONAL,SIERPE/PUERTO_JIMENEZ,346825673.39843833,293,545534.778458802,944672.6504313558,545534.9455463988,944672.7418276103,0.16708759672474116,0.09139625448733568,0.1904508868804857
L-0040299-1992,INTERNACIONAL_LA_AMISTAD,PARQUE NACIONAL,BRATSI,2805287.5411063996,6,613296.380720152,1009971.9439896167,613296.4972308852,1009972.0940062384,0.11651073314715177,0.1500166216865182,0.18994667072818816
P-0422689-1981,INTERNACIONAL_LA_AMISTAD,PARQUE NACIONAL,POTRERO_GRANDE,307273.90493556485,8,608600.0600983276,1003499.6273245707,608600.181680053,1003499.7731896356,0.12158172542694956,0.14586506492923945,0.18989137190669142
P-0204851-1994,GOLFO_DULCE,RESERVA FORESTAL,SIERPE,413039.35502195545,57,555588.7988586567,952205.7922608852,555588.9602276045,952205.8922488989,0.16136894782539457,0.09998801362235099,0.18983556092159962
P-0379879-1980,INTERNACIONAL_LA_AMISTAD,PARQUE NACIONAL,POTRERO_GRANDE,1001477.7374507263,23,608763.6681105217,1004106.5826856606,608763.7892300147,1004106.7287034966,0.12111949292011559,0.146017836057581,0.1897133100553689
P-1124915-2007,NO_APLICA,FUERA ASP,BIOLLEY,123542.77142938731,41,600051.4810073512,993544.8641804206,600051.610427493,993545.0026040474,0.12942014180589467,0.13842362677678466,0.18950111755632593
P-0379880-1980,INTERNACIONAL_LA_AMISTAD,PARQUE NACIONAL,POTRERO_GRANDE,1542780.8526112214,28,608933.854526808,1004872.5347051042,608933.9750392276,1004872.6808941715,0.12051241961307824,0.14618906727991998,0.18945840354328866
607719411988,Internacional la Amistad,Parque Nacional,Potrero Grande,1615179.6745539755,24,607177.6117247655,1002679.5243337698,607177.7339450384,1002679.6689941658,0.12222027289681137,0.14466039603576064,0.18937905187267717
607894871989,Internacional la Amistad,Parque Nacional,POTRERO_GRANDE,1281069.9323378354,19,609028.810427984,1005688.2322510163,609028.9302594769,1005688.3785760099,0.11983149289153516,0.14632499357685447,0.18913114612321405
P-0635422-1986,INTERNACIONAL_LA_AMISTAD,PARQUE NACIONAL,POTRERO_GRANDE,1674690.4584743856,22,609427.7459208784,1006655.5968731015,609427.8649928406,1006655.7435587225,0.11907196219544858,0.146685621002689,0.1889306846174513
P-0786190-1988,INTERNACIONAL_LA_AMISTAD,PARQUE NACIONAL,POTRERO_GRANDE,1220507.0749014616,12,606881.852162731,1003397.3983243011,606881.9737379351,1003397.5427623488,0.12157520407345146,0.1444380476605147,0.1887932198398091
607894881988,Internacional la Amistad,Parque Nacional,Potrero Grande,1041397.7202328146,21,607493.5313834859,1005114.5686293399,607493.6516049526,1005114.7136431421,0.12022146675735712,0.14501380221918225,0.18836720495711146
P-0898307-1990,INTERNACIONAL_LA_AMISTAD,PARQUE NACIONAL,POTRERO_GRANDE,457015.7381524183,20,606252.2467614373,1004232.6088312368,606252.3676663898,1004232.7528113761,0.1209049525205046,0.14398013928439468,0.18801140404863523
P-0961074-1991,INTERNACIONAL_LA_AMISTAD,PARQUE NACIONAL,POTRERO_GRANDE,2973981.3274184316,25,606517.4142068721,1005321.1153285876,606517.5342384584,1005321.2595544722,0.12003158626612276,0.14422588457819074,0.18763978118704802
P-0120035-1993,INTERNACIONAL_LA_AMISTAD,PARQUE NACIONAL,POTRERO_GRANDE,1636958.4547761567,57,606498.281967682,1005656.6927764838,606498.4017171409,1005656.8369990224,0.11974945897236466,0.1442225385690108,0.1874568578512503
P-0379881-1980,INTERNACIONAL_LA_AMISTAD,PARQUE NACIONAL,POTRERO_GRANDE,1032651.9234765135,30,605593.9299102309,1005125.1695550367,605594.0500428493,1005125.3130074911,0.12013261835090816,0.1434524543583393,0.18711080314422354
P-0627261-1986,INTERNACIONAL_LA_AMISTAD,PARQUE NACIONAL,POTRERO_GRANDE,2000492.4612099323,127,606490.8713023934,1007225.2771684995,606490.9897627779,1007225.4214652451,0.1184603845467791,0.1442967455368489,0.1866933675294784
P-0898309-1990,INTERNACIONAL_LA_AMISTAD,PARQUE NACIONAL,POTRERO_GRANDE,546423.7252257435,14,604803.0657329665,1005360.8867611473,604803.1856579253,1005361.029632815,0.11992495879530907,0.1428716677473858,0.18653232745820758
P-0327449-1996,GOLFO_DULCE,RESERVA FORESTAL,SIERPE,485151.8468536623,48,552065.9718034448,955580.8189971965,552066.1302147293,955580.9162442209,0.15841128455940634,0.0972470244159922,0.18587931254856147
P-0925950-1990,INTERNACIONAL_LA_AMISTAD,PARQUE NACIONAL,POTRERO_GRANDE,1885308.57258912,48,605254.4180783748,1007336.5796397215,605254.5363817503,1007336.7229305044,0.11830337543506175,0.1432907828129828,0.18581694507898514
P-0553236-1999,GOLFO_DULCE,RESERVA FORESTAL,SIERPE,210116.30639777647,62,569577.6758563251,970615.0203682121,569577.8227391384,970615.1326730255,0.14688281330745667,0.1123048133449629,0.18489708474056624
P-0221965-1994,GOLFO_DULCE,RESERVA FORESTAL,SIERPE,234255.03638444876,40,553361.3079737623,959076.9032085993,553361.4635857389,959077.001680072,0.15561197663191706,0.0984714727383107,0.1841513459482286
P-0294099-1995,GOLFO_DULCE,RESERVA FORESTAL,SIERPE,690088.43832163,114,567104.2465370428,969904.3654959222,567104.3938853254,969904.4757442193,0.14734828262589872,0.11024829710368067,0.18402772456090188
P-0325260-1978,GOLFO_DULCE,RESERVA FORESTAL,SIERPE,2197133.7144201975,51,570128.3714426643,972587.7779685053,570128.5167304188,972587.8908171267,0.1452877544797957,0.11284862144384533,0.18396560266407877
P-0581151-1999,GOLFO_DULCE,RESERVA FORESTAL,SIERPE,966001.0163749508,138,560686.113197777,965739.0893534945,560686.263674613,965739.1941351707,0.15047683601733297,0.1047816762002185,0.18336433089648257
P-1053430-2006,GOLFO_DULCE,RESERVA FORESTAL,SIERPE,836011.4991682395,41,566422.1674905379,970677.0782468559,566422.3141661945,970677.1879771815,0.14667565666604787,0.1097303256392479,0.18317885419259436
P-0581151-1999,GOLFO_DULCE,RESERVA FORESTAL,SIERPE,121433.57071214914,46,560190.5102194789,965752.593621375,560190.6606658292,965752.6979868341,0.15044635033700615,0.10436545906122774,0.183101756886126
P-0015639-2022,LA AMISTAD,PARQUE NACIONAL,POTRERO GRANDE,2019632.445500102,82,603113.5115224374,1010431.266481004,603113.6271927299,1010431.4081577135,0.1156702924054116,0.14167670952156186,0.18289862374006655
P-0416596-1997,GOLFO_DULCE,RESERVA FORESTAL,SIERPE,520523.4808427866,42,547681.0616937976,957126.6627868147,547681.2186631116,957126.7565160806,0.15696931397542357,0.09372926584910601,0.18282379715597064
P-0225349-1994,TERRABA_SIERPE,HUMEDAL NACIONAL,SIERPE,342501.11125519406,47,551202.9396822416,959627.3825102977,551203.094747056,959627.479230869,0.15506481437478215,0.09672057128045708,0.18275657461745012
P-0089277-1993,GOLFO_DULCE,RESERVA FORESTAL,SIERPE,612897.2784303689,61,560183.6481512357,966508.3785839425,560183.797976344,966508.482992265,0.14982510835397989,0.10440832248423249,0.18261615727326347
P-0573834-1999,INTERNACIONAL_LA_AMISTAD,PARQUE NACIONAL,POTRERO_GRANDE,1049110.478673663,74,601366.5245517091,1009106.790596172,601366.6412370586,1009106.9307766121,0.11668534949421883,0.1401804401539266,0.18238976558002531
P-08456144-1989,INTERNACIONAL_LA_AMISTAD,PARQUE NACIONAL,POTRERO_GRANDE,1006951.019233644,29,600933.5215130363,1008706.8496168155,600933.6384964387,1008706.9894040036,0.11698340240400285,0.13978718814905733,0.18227883697411726
P-0135140-1993,INTERNACIONAL_LA_AMISTAD,PARQUE NACIONAL,POTRERO_GRANDE,2200682.01372993,25,601521.4457540449,1009783.8070066243,601521.5618636692,1009783.9472838433,0.11610962427221239,0.14027721900492907,0.18209652116498867
P-0219206-1994,GOLFO_DULCE,RESERVA FORESTAL,AGUA_BUENA,417495.4421057794,68,552229.8669623646,961444.8712779438,552230.0205888256,961444.9689230857,0.15362646093126386,0.09764514188282192,0.1820320390249518
P-0224602-1994,GOLFO_DULCE,RESERVA FORESTAL,SIERPE,834787.6216004705,69,551115.4280293129,960740.5257613885,551115.5821820083,960740.6224551123,0.1541526954388246,0.096693723811768,0.1819690351011443
P-0219194-1994,GOLFO_DULCE,RESERVA FORESTAL,SIERPE,122582.23661374673,41,553224.4015377281,962309.1433210628,553224.554518734,962309.24182412,0.15298100584186614,0.09850305726286024,0.18195065385570727
P-0094946-1993,GOLFO_DULCE,RESERVA FORESTAL,SIERPE,1162442.4718804546,127,558056.3511073996,965975.5511756878,558056.5012777736,965975.6538089638,0.15017037407960743,0.10263327602297068,0.1818920850351013
P-0272483-1995,GOLFO_DULCE,RESERVA FORESTAL,SIERPE,322002.0570435282,54,549957.9560477126,960334.2253673238,549958.1104809088,960334.3210973333,0.15443319617770612,0.09573000948876143,0.1816971293069327
P-0180767-1994,GOLFO_DULCE,RESERVA FORESTAL,SIERPE,483326.36576155014,33,549098.0839694493,959884.3642268629,549098.2387238638,959884.4592405331,0.15475441457238048,0.09501367015764117,0.18159440064733615
P-0219204-1994,GOLFO_DULCE,RESERVA FORESTAL,SIERPE,3103.6830313187093,7,552742.5914810742,962517.9484706266,552742.7442634961,962518.0465758122,0.15278242190834135,0.0981051855487749,0.18156843303762352
P-0219201-1994,GOLFO_DULCE,RESERVA FORESTAL,SIERPE,17406.354103036225,13,552621.3665989995,962535.4522916251,552621.519357596,962535.5502973755,0.15275859646499157,0.09800575044937432,0.18149467186421525
L-0794131-1989,CAHUITA,PARQUE NACIONAL,CAHUITA,439125.6710019484,58,632241.0543061186,1070178.6507769455,632241.1221219569,1070178.8190499912,0.06781583826523274,0.168273045681417,0.18142438045234288
P-0357829-1996,INTERNACIONAL_LA_AMISTAD,PARQUE NACIONAL,POTRERO_GRANDE,714016.2733989069,78,600324.3836061958,1009821.0178324176,600324.4996463291,1009821.1571718312,0.11604013328906149,0.139339413610287,0.18133059509912217
P-0270095-1995,GOLFO_DULCE,RESERVA FORESTAL,SIERPE,671443.240488125,52,559450.1221105963,968013.6059024822,559450.270650539,968013.7097796536,0.14853994268923998,0.10387717140838504,0.18125832757125865
L-0728334-2001,CAHUITA,PARQUE NACIONAL,CAHUITA,70697.04820261576,11,632107.1477184307,1070586.3995941777,632107.2151825585,1070586.567804985,0.06746412778738886,0.16821080725640059,0.18123543863153002
P-0184596-1994,GOLFO_DULCE,RESERVA FORESTAL,SIERPE,534873.0691423267,46,546647.974108469,958865.6477140065,546648.1295960821,958865.7406516467,0.1554876131704077,0.092937640263699,0.18114580543643585
L-0012053-1976,CAHUITA,PARQUE NACIONAL,CAHUITA,103098.44714737404,22,632025.0237456416,1070771.424502022,632025.0910781682,1070771.5926576431,0.06733252666890621,0.16815562103874981,0.1811352589490699
L-0728333-2001,CAHUITA,PARQUE NACIONAL,CAHUITA,18901.479799287237,13,631750.8664777594,1069998.47372172,631750.9344169345,1069998.6416126513,0.0679391750600189,0.1678909312468022,0.18111625079697946
P-0180759-1994,GOLFO_DULCE,RESERVA FORESTAL,SIERPE,406741.3739045486,55,548727.4361551383,960442.4162342087,548727.5904416491,960442.5109550162,0.1542865107767284,0.09472080750856549,0.18104242260512382
701388541993,Cahuita,Parque Nacional,Cahuita,9217.388710021973,10,631669.0240628293,1070124.6555230266,631669.0919054803,1070124.823331227,0.0678426509257406,0.16780820046551526,0.18100336302982453
L-0064142-1992,CAHUITA,PARQUE NACIONAL,CAHUITA,44925.72564504016,17,631759.0634410628,1070503.100310378,631759.13097128,1070503.2682282417,0.0675302172312513,0.16791786369867623,0.18098822941955975
L-0728329-2001,CAHUITA,PARQUE NACIONAL,CAHUITA,4881.056496702135,10,631393.6561563582,1069936.1444327394,631393.7241428142,1069936.3120801316,0.06798645597882569,0.1676473922561854,0.18090828153199648
L-0064144-1992,CAHUITA,PARQUE NACIONAL,CAHUITA,7935.178871250711,9,631557.7217923078,1070383.3236107803,631557.7894375293,1070383.4913392672,0.06764522148296237,0.1677284869365394,0.18085552609610775
L-0728328-2001,CAHUITA,PARQUE NACIONAL,CAHUITA,6081.597083976492,17,631376.1603048372,1070040.026555707,631376.2282233286,1070040.194132686,0.06791849143337458,0.16757697891443968,0.18081749179953785
L-0047577-1992,CAHUITA,PARQUE NACIONAL,CAHUITA,16467.21560163051,14,631457.3353198905,1070238.1115948642,631457.4030545481,1070238.2792453086,0.06773465755395591,0.16765044443309307,0.1808166346124308
L-0630364-2000,CAHUITA,PARQUE NACIONAL,CAHUITA,10887.373350568116,9,631328.2936578965,1070171.4145133027,631328.3614249855,1070171.5820708878,0.06776708899997175,0.16755758505314589,0.18074269739154694
707292942001,Cahuita,Parque Nacional,Cahuita,38843.15713370219,11,631555.9156123573,1071116.9554553723,631555.9826434593,1071117.1232760455,0.06703110202215612,0.1678206732030958,0.18071233215429705
L-0158590-1994,CAHUITA,PARQUE NACIONAL,CAHUITA,54112.04429662973,25,631440.5185062777,1070466.7853558601,631440.5860426379,1070466.9529651434,0.06753636023495346,0.16760928323492408,0.1807042660822107
P-184587-1994,GOLFO_DULCE,RESERVA FORESTAL,SIERPE,372562.34403797984,30,547075.3740301138,959791.699415228,547075.5287500079,959791.7927501769,0.15471989405341446,0.09333494887687266,0.1806921644614072
P-0184601-1994,GOLFO_DULCE,RESERVA FORESTAL,SIERPE,62289.08171344921,14,545976.1005809781,959088.3872396955,545976.2558494679,959088.4796534632,0.15526848984882236,0.09241376770660281,0.18068925923159848
L-0362999-1996,CAHUITA,PARQUE NACIONAL,CAHUITA,115645.53175946325,34,631428.3456346244,1070618.7478874628,631428.4130679166,1070618.9155130603,0.06743329227901995,0.16762559744529426,0.18068090609270138
L-0222584-1994,CAHUITA,PARQUE NACIONAL,CAHUITA,4297.706686658785,6,631281.7129691488,1070276.314905114,631281.7806774204,1070276.4824061124,0.06770827167201787,0.16750099835917354,0.18066818896566056
P-0212673-1994,GOLFO_DULCE,RESERVA FORESTAL,SIERPE,994869.7421564036,90,558280.3323003324,968073.2274647804,558280.4807463564,968073.3303918183,0.1484460240462795,0.10292703786399215,0.18063830484867893
L-0222662-1994,CAHUITA,PARQUE NACIONAL,CAHUITA,3924.9966817237437,6,631256.6492869278,1070323.9956844207,631256.7169523513,1070324.1631674874,0.06766542349942029,0.1674830666743219,0.18063550913370066
707320542001,Cahuita,Parque Nacional,Cahuita,21984.753145975992,10,631393.0703105353,1070939.5083845092,631393.13748178,1070939.6760020806,0.06717124476563185,0.16761757130734622,0.18057581879736204
L-0064145-1992,CAHUITA,PARQUE NACIONAL,CAHUITA,17611.209153319298,8,631223.0157257284,1070449.9425648781,631223.0832924638,1070450.1100162978,0.06756673543713987,0.16745141963474452,0.180569215746549
P-0184595-1994,GOLFO_DULCE,RESERVA FORESTAL,SIERPE,263042.75518280827,24,547164.5778003726,960145.9772812561,547164.7322699658,960146.0707121743,0.15446959319524467,0.09343091817572713,0.18052753721541706
P-0184599-1994,GOLFO_DULCE,RESERVA FORESTAL,SIERPE,104232.93314842996,33,546161.375334674,959453.5383691167,546161.5302800259,959453.6309526197,0.1549453518819064,0.09258350299205631,0.1804986623110761
L-0557033-1999,NO_HAY_DATOS,NO HAY DATOS,CAHUITA,66729.51376359808,22,631214.0083803439,1070808.4367944107,631214.0755828613,1070808.6042205323,0.06720251741353422,0.16742612165398896,0.18040976846837503
P-0121905-1993,GOLFO_DULCE,RESERVA FORESTAL,SIERPE,1719937.586896224,66,557016.4507600964,967621.7928718431,557016.5995327649,967621.8947504907,0.14877266844268888,0.10187864757608622,0.18031241140723125
L-0021505-1975,CAHUITA,PARQUE NACIONAL,CAHUITA,581099.3664471455,10,631241.3786570907,1071813.640272725,631241.4451092071,1071813.807794391,0.06645211635623127,0.16752166603691876,0.1802203994003094
L-0563821-1999,CAHUITA,PARQUE NACIONAL,CAHUITA,21199.381419041176,8,630982.3163185577,1071267.719981337,630982.3832004365,1071267.8872862172,0.06688187876716256,0.16730488021858037,0.18017799158714962
L-0134946-1993,CAHUITA,PARQUE NACIONAL,CAHUITA,22001.69898319803,10,630877.6412998141,1071391.074133181,630877.708062657,1071391.241321084,0.0667628429364413,0.1671879030764103,0.18002519860298197
L-0134945-1993,CAHUITA,PARQUE NACIONAL,CAHUITA,103886.3857689891,24,630978.1866464613,1071695.907255995,630978.2531277192,1071696.074555878,0.06648125790525228,0.16729988297447562,0.18002502186067887
L-0728331-2001,CAHUITA,PARQUE NACIONAL,CAHUITA,5991.081619299767,7,630833.1449938815,1071311.3843597313,630833.2118161686,1071311.5514994843,0.06682228716090322,0.16713975300081074,0.1800025419114581
P-0179427-1994,GOLFO_DULCE,RESERVA FORESTAL,SIERPE,35006.261890078895,14,546763.1386551972,960754.0401082939,546763.2925888593,960754.1332164283,0.153933662106283,0.09310813446063548,0.17990190947344356
705963101999,Cahuita,Parque Nacional,Cahuita,12884.904443749227,11,630734.8711811997,1071579.3318824528,630734.9377829733,1071579.4989766101,0.0666017736075446,0.16709415731020272,0.17987844132879682
L-0563823-1999,CAHUITA,PARQUE NACIONAL,CAHUITA,30428.1450977996,5,630682.6274133197,1072071.7807522698,630682.6935814156,1072071.9478550446,0.06616809591650963,0.16710277483798563,0.17972633161496104
705638221999,Cahuita,Parque Nacional,Cahuita,16743.52188216895,9,630528.9088879048,1072003.9693529261,630528.9751195034,1072004.1363054921,0.06623159861192107,0.1669525660108775,0.17961008867072872
P-0180763-1994,GOLFO_DULCE,RESERVA FORESTAL,SIERPE,127387.44061762653,22,546281.4983164759,961120.1557285372,546281.6519550262,961120.2484722417,0.15363855031318963,0.09274370444472879,0.17946085605632697
P-0180757-1994,GOLFO_DULCE,RESERVA FORESTAL,SIERPE,218613.27032899484,27,545607.6737932645,960652.990190563,545607.8277613629,960653.0823524994,0.15396809834055603,0.09216193633619696,0.17944357836335173
L-0729292-2001,CAHUITA,PARQUE NACIONAL,CAHUITA,45695.44769200962,8,630530.1960716508,1072663.2396717283,630530.2617673416,1072663.4066495323,0.06569569080602378,0.166977803921327,0.1794366484107129
L-0221135-1994,CAHUITA,PARQUE NACIONAL,CAHUITA,14539.353452553507,12,630361.5728789626,1072475.0481276368,630361.6387316782,1072475.2149430127,0.06585271563380957,0.16681537590920925,0.1793431063522604
P-0091559-1993,GOLFO_DULCE,RESERVA FORESTAL,SIERPE,2200192.8707907074,60,556346.7145875816,968658.0849704728,556346.8624757122,968658.1863429663,0.14788813062477857,0.1013724934309721,0.1792966302084455
L-0709390-2001,CAHUITA,PARQUE NACIONAL,CAHUITA,30990.020681705326,5,630242.7291093828,1072777.749757363,630242.7947315448,1072777.9165495462,0.06562216195743531,0.1667921831831336,0.17923699537473806
6-2176890-2020,GOLFO_DULCE,RESERVA FORESTAL,SIERPE,1332208.452092208,33,547383.9248295974,962378.7094827506,547384.0774574316,962378.803212349,0.152627834235318,0.09372959833126515,0.17911028274977409
707093892001,Cahuita,Parque Nacional,Cahuita,25175.27593949437,8,630159.2730401106,1072922.9456147172,630159.3384977855,1072923.1123104964,0.06545767490752041,0.16669577918946743,0.17908710172394413
L-0724637-2001,CAHUITA,PARQUE NACIONAL,CAHUITA,45761.39774846658,10,630145.7066253269,1073143.6630618451,630145.7719073867,1073143.829750185,0.0652820598334074,0.1666883397847414,0.17901606060989608
700215061975,Cahuita,Parque Nacional,Cahuita,259348.61878457665,11,630329.1716714487,1073879.567612965,630329.2363619534,1073879.7345238747,0.06469050468876958,0.1669109098147601,0.1790086959118989
L-0522635-1983,CAHUITA,PARQUE NACIONAL,CAHUITA,214344.36946498323,21,630048.0145733869,1073442.3844283824,630048.0796231469,1073442.5510621732,0.06504976004362106,0.1666337908245623,0.17888066280707
L-0728336-2001,CAHUITA,PARQUE NACIONAL,CAHUITA,167545.7647096204,13,629993.7135158423,1073838.4918850537,629993.7782511913,1073838.658484193,0.06473534891847521,0.16659913933835924,0.17873426819689267
608991792003,GOLFO DULCE,RESERVA FORESTAL,SIERPE,75919.42170961657,39,534439.1483462256,954641.433936828,534439.3067230474,954641.5166866537,0.15837682178243995,0.08274982566945255,0.17869177744437917
608991752003,GOLFO DULCE,RESERVA FORESTAL,SIERPE,250959.82952822917,38,534734.600969126,954933.5673056953,534734.759152868,954933.6502913672,0.15818374196533114,0.08298567193560302,0.1786301149547802
700475791992,Cahuita,Parque Nacional,Cahuita,48509.26573112607,10,629764.6852472507,1073968.6690785938,629764.7498416698,1073968.8354944836,0.0645944190910086,0.16641588974744081,0.1785124290858685
L-0709391-2001,CAHUITA,PARQUE NACIONAL,CAHUITA,15904.615782763809,7,629719.4844480233,1074108.7514759663,629719.5489218457,1074108.9178597536,0.06447382248006761,0.16638378729112446,0.17843889278553995
L-0064143-1992,CAHUITA,PARQUE NACIONAL,CAHUITA,131449.0788804423,32,629785.116211141,1074371.7768358376,629785.1804672988,1074371.9432834997,0.06425615784246475,0.16644766204990447,0.17841994849947398
P-0848159-1989,GOLFO_DULCE,RESERVA FORESTAL,SIERPE,2671527.4158289954,79,550615.4244735909,965866.7997385022,550615.5743988608,965866.8962603122,0.14992526988498867,0.09652180992998183,0.17830885099244576
P-0187529-1994,GOLFO_DULCE,RESERVA FORESTAL,SIERPE,639320.1662999596,41,553411.4118719238,967945.8926245256,553411.5601983147,967945.9915413389,0.14832639088854194,0.09891681326553226,0.17828419498269812
700215061975,Cahuita,Parque Nacional,Cahuita,691597.2239628956,17,629895.2479509066,1075862.1835110402,629895.3110415847,1075862.350210955,0.06309067807160318,0.16669991472736,0.1782394323084647
703818711997,Cahuita,Parque Nacional,Cahuita,31577.86000430584,13,629463.640766773,1074420.6990064061,629463.7049463596,1074420.8651678467,0.06417958659585565,0.16616144054569304,0.17812535939566498
708910371990,Cahuita,Parque Nacional,Cahuita,134046.98182877898,21,629481.9408415582,1074783.416402229,629482.0047355157,1074783.5826238843,0.063893957529217,0.1662216552067548,0.178078849020367
L-0049065-1992,CAHUITA,PARQUE NACIONAL,CAHUITA,28780.83600597456,28,629379.634707808,1074551.5754309858,629379.6987774783,1074551.741574993,0.06406967027578503,0.1661440071184188,0.1780695194316338
P-0092056-1993,GOLFO_DULCE,RESERVA FORESTAL,SIERPE,2815160.3000147045,322,557481.3311629402,971444.8800254789,557481.4768164261,971444.9824468167,0.1456534859025851,0.10242133785504848,0.17805917107409136
700794771992,Cahuita,Parque Nacional,Cahuita,5870.697391268797,12,629317.475496831,1074517.4319760283,629317.5396086058,1074517.5980568703,0.06411177478730679,0.16608084202744067,0.1780257446408301
L-0162443-1994,CAHUITA,PARQUE NACIONAL,CAHUITA,43214.379330215976,20,629234.1189303674,1074643.7436894774,629234.1829570598,1074643.9097092624,0.06402669241651893,0.16601978498511016,0.17793815315525147
L-0656662-1986,CAHUITA,PARQUE NACIONAL,CAHUITA,333385.5927166045,6,630138.0494539018,1077577.4739106034,630138.111078253,1077577.6408132678,0.061624351190403104,0.16690266435034573,0.17791587907458487
L-0728332-2001,CAHUITA,PARQUE NACIONAL,CAHUITA,28203.848193064332,9,628974.5712802956,1075038.0992869681,628974.6349397931,1075038.2650888849,0.06365949753671885,0.16580191673710942,0.17760294823095388
L-0137967-1993,CAHUITA,PARQUE NACIONAL,CAHUITA,24212.415757523664,12,628804.0361289431,1075173.519676898,628804.0996890474,1075173.6853598754,0.06356010434683412,0.16568297753110528,0.177456292951682
L-0806837-1989,CAHUITA,PARQUE NACIONAL,CAHUITA,311851.3437382709,29,628615.5044727816,1075587.4799564402,628615.5676735786,1075587.6455203418,0.0632007970707491,0.1655639016535133,0.1772166647951378
L-0884275-1990,CAHUITA,PARQUE NACIONAL,CAHUITA,31827.749335236847,13,628548.8466611815,1075457.77992054,628548.9099620648,1075457.9453880265,0.06330088328104466,0.16546748648397624,0.1771623292562087
P-0202115-1994,GOLFO_DULCE,RESERVA FORESTAL,SIERPE,1601447.7850825638,142,547326.9682689919,965410.0456001405,547327.1184157756,965410.1394175531,0.15014678367879242,0.09381741262041032,0.17704734835595368
L-0907365-1990,CAHUITA,PARQUE NACIONAL,CAHUITA,271050.7233756799,37,627736.0631222504,1076049.7935526175,627736.1259500302,1076049.9583782137,0.06282777979504317,0.16482559614814818,0.17639389745557207
L-0134947-1993,CAHUITA,PARQUE NACIONAL,CAHUITA,10193.308816408738,12,627605.8587515749,1075942.361465567,627605.9215343639,1075942.5262453412,0.06278278899844736,0.16477977414615452,0.17633505766602753
707627122002,Cahuita,Parque Nacional,Cahuita,53222.003814809024,19,627602.5369108779,1076400.3394616856,627602.599417001,1076400.504216924,0.06250612309668213,0.16475523845292628,0.17621380201975717
L-0728335-2001,CAHUITA,PARQUE NACIONAL,CAHUITA,89527.18111223355,25,627558.9968218973,1076304.4043903719,627559.0593963832,1076304.5691002507,0.0625744858989492,0.16470987885259092,0.17619565964334358
709201541990,Cauita,Parque Nacional,Cahuita,23684.429284490645,9,627394.2785108495,1076229.6099596196,627394.3411671488,1076229.7745455776,0.06265629932750016,0.16458595800213516,0.17610891350780034
602882491977,Terraba Sierpe,Humedal Nacional,Sierpe,2998158.829662338,42,551454.5507058564,978739.1177622193,551454.6900826187,978739.2155608209,0.1393767623230815,0.09779860160779208,0.17026581674577074
602772531977,Terraba Sierpe,Humedal Nacional,Sierpe,2266913.0735111237,34,549166.0438739242,978439.2111021406,549166.1833959112,978439.3070103105,0.13952198706101626,0.09590816986747086,0.1693067096153665
P-0536592-1999,NO_APLICA,FUERA ASP,PILAS,419048.3981105746,70,557498.5156634426,1009026.0161209403,557498.6304359919,1009026.1202424357,0.11477254936471581,0.10412149538751692,0.15496458914671066
L-0348640-1979,NO_APLICA,FUERA ASP,LIMON,340923.9792307364,58,603255.8805908842,1101162.6655915023,603255.9216429536,1101162.811400501,0.04105206939857453,0.145808998728171,0.1514778416535473
SJ-1325380-2009,NO_APLICA,FUERA ASP,PEJIBAYE,81241.39387044002,40,551201.6477620408,1011652.8788171972,551201.760102167,1011652.9778755085,0.11234012618660927,0.0990583113161847,0.14977600940216515
SJ-1325378-2009,NO_APLICA,FUERA ASP,PEJIBAYE,126396.02163434128,38,550284.4445888974,1011706.8819875685,550284.556861121,1011706.9803127584,0.11227222357410938,0.09832518990151584,0.14924106390482464
SJ-1325384-2009,NO_APLICA,FUERA ASP,PEJIBAYE,29333.326156626135,22,549257.5124405856,1012042.247448029,549257.6244400796,1012042.3449485427,0.11199949390720576,0.09750051365699619,0.14849322139023155
L-0540798-1984,RIO_BANANO,ZONA PROTECTORA,LIMON,1874111.757485073,39,595574.7018022102,1088912.6914812978,595574.7525926438,1088912.8304508766,0.05079043365549296,0.13896957878023386,0.14796017023938793
SJ-0097990-1993,CHIRRIPO,PARQUE NACIONAL,SAN_PEDRO,526379.1715544723,15,556203.4557697475,1037429.0425142976,556203.5471501047,1037429.146825623,0.09138035716023296,0.1043113253545016,0.13867668250987414
SJ-1521524-2011,NO_APLICA,FUERA ASP,CAJON,820059.2238091044,87,542124.9859078118,1026361.9152220623,542125.0857690412,1026362.0074968487,0.09986122942063957,0.09227478643879294,0.13596654497973557
SJ-0810730-1989,CHIRRIPO,PARQUE NACIONAL,RIVAS,1159232.9301416576,15,546825.6608936341,1042463.5705853237,546825.7477477086,1042463.6674100426,0.08685407449956983,0.09682471887208521,0.13007173575314185
L-0908302-2004,NO_HAY_DATOS,NO HAY DATOS,MATINA,458435.94966929406,32,570271.1565765251,1105165.3724340792,570271.192909393,1105165.4913033037,0.03633286792319268,0.118869224563241,0.12429790762434573
L-2262554-2021,TORTUGUERO,PARQUE NACIONAL,COLORADO,94431659.57697237,84,555538.3097810522,1153448.9255961447,555538.3058041151,1153449.0344177962,-0.003976937034167349,0.1088216514326632,0.10889429667666614
C-0793937-2002,NO_APLICA,FUERA ASP,LA_SUIZA,3607.2281386442482,29,543881.490428646,1088142.2249073803,543881.5395754542,1088142.3213971094,0.049146808218210936,0.09648972912691534,0.10828516327282837
C-0791680-2002,NO_APLICA,FUERA ASP,LA_SUIZA,29881.282941817306,33,543927.3137753648,1088252.2641530074,543927.3628820099,1088252.3606561197,0.04910664516501129,0.09650311223231256,0.10827886806706395
L-631375-2000,NO_APLICA,FUERA ASP,CAIRO,687793.5467602126,43,554247.9428394724,1125178.7048325648,554247.962041809,1125178.8113847305,0.01920233655255288,0.10655216570012271,0.10826861846566582
L-0631374-2000,NO_APLICA,FUERA ASP,CAIRO,19004.526210916694,9,553543.8075958244,1124704.421872525,553543.8271760346,1124704.5278335768,0.019580210209824145,0.10596105176955462,0.10775494941751461
L-0067543-1992,TORTUGUERO,PARQUE NACIONAL,COLORADO,641327.7920045112,52,552416.731035335,1165261.3512827887,552416.7172043633,1165261.4580406218,-0.013830971671268344,0.1067578331567347,0.10765003816856096
L-631373-2000,NO_APLICA,FUERA ASP,CAIRO,3034.0807697488926,7,553409.2908616645,1124646.8073530188,553409.3104511441,1124646.9131319409,0.019589479663409293,0.10577892209403217,0.10757754446378878
L-0070719-1992,TORTUGUERO,PARQUE NACIONAL,COLORADO,8829893.195834454,100,552810.3830695677,1162248.093073704,552810.3717142595,1162248.2000218737,-0.011355308233760297,0.10694816964678466,0.10754930969504703
L-67538-1922,TORTUGUERO,PARQUE NACIONAL,COLORADO,401728.45546126366,18,552402.5152418993,1164808.5230566005,552402.501758539,1164808.629745983,-0.013483360293321311,0.10668938257731497,0.10753801820532213
C-1228028-2008,NO_APLICA,FUERA ASP,TRES_EQUIS,326744.4785873758,103,546239.4269967452,1098057.4802305743,546239.4681588004,1098057.579044514,0.041162055218592286,0.09881393983960152,0.10704442767581519
L-0070717-1992,TORTUGUERO,PARQUE NACIONAL,COLORADO,11832310.919382285,126,551245.7095085008,1167119.8886644,551245.6940999796,1167119.9945332054,-0.015408521168865263,0.10586880543269217,0.1069842347654859
L-0679840-1987,TORTUGUERO,PARQUE NACIONAL,COLORADO,922031.2773016691,7,551762.1449810233,1164607.7268029994,551762.1316620999,1164607.8329531203,-0.013318923418410122,0.10615012096241117,0.10698243735006226
L-0690799-1987,TORTUGUERO,PARQUE NACIONAL,COLORADO,808903.8712504599,32,551653.5685194351,1164026.5257061417,551653.5556777304,1164026.6317535834,-0.01284170476719737,0.10604744171723723,0.10682213851116577
3-1609916-2012,NA,FUERA ASP,La Suiza,250002.02677798131,88,544190.256597874,1093908.6020889236,544190.3010605045,1093908.6990142856,0.04446263052523136,0.09692536201328039,0.10663700724714986
L-0841272-1989,TORTUGUERO,PARQUE NACIONAL,COLORADO,2446375.5898986384,42,550162.5502941383,1165670.8515626036,550162.5360098021,1165670.956443545,-0.014284336124546826,0.10488094133324921,0.10584920459534639
L-0769704-1988,TORTUGUERO,PARQUE NACIONAL,COLORADO,918522.9550904483,34,550654.7386814292,1162623.7798777563,550654.726940705,1162623.8850500584,-0.011740724206902087,0.10517230210825801,0.10582560056835599
C-1219333-2008,NO_APLICA,FUERA ASP,TRES_EQUIS/PAVONES,205245.7007770682,91,545376.7498177422,1100150.0541518736,545376.7891941528,1100150.1523251869,0.03937641065567732,0.0981733133085072,0.10577571158869532
L-0251110-1995,BARRA_DEL_COLORADO,REFUGIO NACIONAL DE VIDA SILVESTRE,COLORADO,43946863.150915176,64,547349.9254329522,1175604.2145975973,547349.9029036717,1175604.3175983755,-0.022529280511662364,0.10300077823922038,0.10543589900151762
501562651993,Corredor Fronterizo,Refugio Nacional de Vida Silvestre,La Cruz,1991933.4704725668,42,334797.232033877,1234009.401083686,334797.1527656079,1234009.3320909492,-0.07926826906623319,-0.06899273674935102,0.10508784993957195
G-0000417-1975,GUANACASTE,PARQUE NACIONAL,LA_CRUZ,2969991.9422105886,40,321807.21026627853,1219309.402272781,321807.14246625657,1219309.3220207905,-0.06780002196319401,-0.08025199035182595,0.10505819784119257
C-1708566-2013,NO_APLICA,FUERA ASP,PAVONES,22139.138858526683,54,541964.1953341387,1095126.0519220233,541964.2386995113,1095126.1470699932,0.04336537257768214,0.09514796989969909,0.10456429464609433
G-264669-1995,NO_HAY_DATOS,NO HAY DATOS,LA_CRUZ,1797282.824636044,38,324352.16521298664,1221215.565960087,324352.0959897057,1221215.4878595662,-0.06922328093787655,-0.07810052088461816,0.10436260818057808
C-0007442-1968,TAPANTI_MACIZO_DE_LA_MUERTE,PARQUE NACIONAL,PEJIBAYE,2992726.921772361,28,533688.2984004688,1080181.8882147993,533688.353681251,1080181.9759178862,0.05528078228235245,0.08770308690145612,0.10367157923844517
G-0402370-1980,MARINO_LAS_BAULAS,PARQUE NACIONAL,VEINTISIETE_DE_ABRIL,872.6795333498158,6,297457.3693349851,1143453.9447336083,297457.36266700627,1143453.8414063693,-0.0066679788287729025,-0.10332723893225193,0.10354216651694924
G-0402365-1980,MARINO_LAS_BAULAS,PARQUE NACIONAL,CABO_VELAS,918.7736583247315,6,297526.7548299029,1143382.2258784443,297526.74820637546,1143382.1226212743,-0.006623527442570776,-0.10325716994702816,0.1034693880394194
G-0402369-1980,MARINO_LAS_BAULAS,PARQUE NACIONAL,CABO_VELAS,882.0159953478724,6,297471.0467966171,1143439.7170026964,297471.0401977236,1143439.6137537102,-0.006598893494810909,-0.10324898618273437,0.10345964693115056
G-0402367-1980,MARINO_LAS_BAULAS,PARQUE NACIONAL,CABO_VELAS,880.9006505082361,6,297498.36334561545,1143411.388746345,297498.35675562645,1143411.2855010768,-0.006589989003259689,-0.10324526811018586,0.10345536884186941
500108921952,Guanacaste,Parque Nacional,Cañas Dulces,2920655.019449179,56,325282.8582687935,1220736.4143932655,325282.7894738336,1220736.3371283694,-0.06879495992325246,-0.07726489612832665,0.10345342277838379
G-0919333-2004,MARINO_LAS_BAULAS,PARQUE NACIONAL,CABO_VELAS,1018.1561662037491,6,297630.7620477197,1143276.5907946406,297630.7555608258,1143276.4876231032,-0.006486893864348531,-0.10317153739742935,0.10337526745288975
G-0919331-2004,MARINO_LAS_BAULAS,PARQUE NACIONAL,CABO_VELAS,1002.1574014073603,6,297617.1725417405,1143291.6985233757,297617.1660425763,1143291.5953855107,-0.0064991642138920724,-0.10313786496408284,0.1033424323539393
510587722006,Marino las Baulas,Parque Nacional,Cabo Velas,4955.8716681660735,6,297731.30885787815,1143165.794945471,297731.3024569681,1143165.6918364323,-0.006400910031516105,-0.10310903866775334,0.10330752878769202
L-0066373-1992,TORTUGUERO,PARQUE NACIONAL,COLORADO,1563731.6960331686,9,546572.0592301551,1167680.6601521978,546572.043162898,1167680.7621661946,-0.01606725703459233,0.10201399680227041,0.10327154638228912
L-0066450-1992,TORTUGUERO,PARQUE NACIONAL,COLORADO,9694884.44802744,115,545394.5820638295,1172344.0475269442,545394.5621159625,1172344.1487844463,-0.019947867025621235,0.10125750210136175,0.1032036778931795
G-0000413-1975,GUANACASTE,PARQUE NACIONAL,LA_CRUZ,2563238.028827075,42,322400.95120833674,1216333.179728696,322400.8859115036,1216333.0998365828,-0.06529683317057788,-0.07989211310632527,0.10318152043219828
G-0344730-1996,MARINO_LAS_BAULAS,PARQUE NACIONAL,CABO_VELAS,400.54622507304884,6,297925.31616531394,1143848.72191452,297925.3091757587,1143848.618970987,-0.006989555258769542,-0.10294353310018778,0.10318054511323756
510452352006,Marino las Baulas,Parque Nacional,Cabo Velas,3954.3085993769346,11,298020.86200048344,1142707.6454259593,298020.8560032999,1142707.5425519045,-0.005997183558065444,-0.10287405480630696,0.1030487135432567
G-414-1975,GUANACASTE,PARQUE NACIONAL,LA_CRUZ,2568780.332665384,28,323162.287650597,1217122.7905760123,323162.22172613716,1217122.7113868077,-0.06592445983551443,-0.07918920461088419,0.10303865552067747
G-1042300-2005,MARINO_LAS_BAULAS,PARQUE NACIONAL,CABO_VELAS,9407.236370940876,9,298123.8372275983,1142535.3235178753,298123.83138563304,1142535.2206923915,-0.005841965263243765,-0.10282548377290368,0.10299130386235832
G-20583-1975,NO_HAY_DATOS,NO HAY DATOS,LA_CRUZ,1347478.1707095653,44,327024.7670744038,1221716.0759366394,327024.6975482361,1221716.0000641753,-0.06952616770286113,-0.07587246410548687,0.10291024635518449
SJ-1022660-2005,NO_HAY_DATOS,NO HAY DATOS,COPEY,499309.68428013707,69,518833.9774725162,1060637.8666854997,518834.04814600124,1060637.9413386944,0.07067348505370319,0.07465319475159049,0.10280000474832142
G-1446692-2010,MARINO_LAS_BAULAS,PARQUE NACIONAL,CABO_VELAS,19984.999880982563,10,298289.8550840757,1142467.020045307,298289.84930930566,1142466.9174149048,-0.005774770048446953,-0.10263040219433606,0.10279274013121559
G-416-1975,GUANACASTE,PARQUE NACIONAL,LA_CRUZ,2577950.39336599,21,324031.1614457855,1217665.2336136845,324031.09511427046,1217665.1551033016,-0.06633151503046975,-0.07851038291119039,0.1027801056192256
510032952005,Marino las Baulas,Parque Nacional,Cabo Velaz,2736.139494688483,12,298367.3303017385,1142097.4857246396,298367.32479935675,1142097.3831044498,-0.005502381769474596,-0.10262018977664411,0.10276759973324034
G-1006602-2005,MARINO_LAS_BAULAS,PARQUE NACIONAL,CABO_VELAS,2860.263475359319,6,298379.2120922929,1142059.7826962764,298379.20660105813,1142059.6800936842,-0.005491234769579023,-0.10260259220376611,0.10274943107495516
G-1566211-2012,MARINO_LAS_BAULAS,PARQUE NACIONAL,CABO_VELAS,7323.524929033045,10,298463.69109593483,1141849.0237165943,298463.68579443963,1141848.9211500932,-0.0053014951990917325,-0.10256650112569332,0.10270342255500954
G-429753-1981,GUANACASTE,PARQUE NACIONAL,LA_CRUZ,2068808.0826299177,13,326204.1193830711,1220145.796319642,326204.051120119,1220145.7197042108,-0.06826295208884403,-0.07661543134599924,0.10261459422624707
L-0066367-1992,TORTUGUERO,PARQUE NACIONAL,COLORADO,624417.8124566637,18,545795.8262752852,1167400.9871437915,545795.8103701767,1167401.0885129478,-0.015905108535662293,0.10136915626935661,0.10260934811357315
G-1059140-2006,MARINO_LAS_BAULAS,PARQUE NACIONAL,CABO_VELAS,16938.355933388695,11,298637.1453812631,1140573.7809137322,298637.1411233318,1140573.6784682353,-0.004257931315805763,-0.10244549694471061,0.10253394473704223
G-418-1975,GUANACASTE,PARQUE NACIONAL,LA_CRUZ,2660138.127956152,25,324870.16105759743,1217997.7789269264,324870.0944860764,1217997.7011594628,-0.06657152104889974,-0.07776746363379061,0.10236965280197567
L-0668907-2000,NO_APLICA,FUERA ASP,FLORIDA,16299.103349310113,29,544820.5906045923,1113504.989045762,544820.6189860378,1113505.0873697295,0.028381445445120335,0.09832396754063666,0.10233820908383395
L-0668906-2000,NO_APLICA,FUERA ASP,FLORIDA,39360.43794735521,43,544861.3331637044,1113625.73942932,544861.3614286953,1113625.837737596,0.028264990891329944,0.0983082759194076,0.10229089316421743
L-0974711-1991,TORTUGUERO,PARQUE NACIONAL,COLORADO,826852.7987366803,72,544853.5208910848,1169076.9296161723,544853.50362321,1169077.0303063586,-0.017267874791286886,0.1006901862565428,0.10216013463276584
L-0066368-1992,TORTUGUERO,PARQUE NACIONAL,COLORADO,575966.8178627677,8,545128.3879945597,1167101.1014491848,545128.3723419511,1167101.2022885485,-0.01565260859206319,0.10083936364389956,0.1020469569161322
3-32012-1962,NA,NA,NA,299999,5,531994.5996383199,1081330.50125624,531994.653849978,1081330.5876851473,0.054211658076383173,0.0864289072342217,0.10202382014555415
C-0005546-1973,TAPANTI_MACIZO_DE_LA_MUERTE,PARQUE NACIONAL,PEJIBAYE,99977.59287589788,5,531358.7022684545,1080136.4077874725,531358.7574883429,1080136.4935653005,0.055219888454303145,0.08577782800421119,0.1020150570162352
SJ-0446517-1997,LOS_SANTOS,RESERVA FORESTAL,COPEY,1647041.6438175887,104,518641.34578604536,1062031.2525481905,518641.41533522995,1062031.327107748,0.06954918458359316,0.07455955748446286,0.10196183937396204
P-738439-2001,NO_APLICA,FUERA ASP,NARANJITO,9593.645273775328,7,494770.47443871695,1040230.1429159961,494770.56088684866,1040230.1968898957,0.08644813171122223,0.05397389957215637,0.10191398977268061
L-0066447-1992,TORTUGUERO,PARQUE NACIONAL,COLORADO,2223585.3055627495,56,544678.070347396,1168388.0784624633,544678.0535976908,1168388.1789902027,-0.01674970518797636,0.10052773938514292,0.10191358599211067
C-0000605-1973,TAPANTI_MACIZO_DE_LA_MUERTE,PARQUE NACIONAL,PEJIBAYE,351254.5014747811,7,531298.7566110133,1080532.0741720828,531298.8115128175,1080532.1599494198,0.05490180419292301,0.08577733696438372,0.10184281830516813
L-0974708-1991,TORTUGUERO,PARQUE NACIONAL,COLORADO,95154.02665632038,18,544573.8381505484,1168496.6240888636,544573.8213365261,1168496.724519231,-0.016814022324979305,0.10043036728166044,0.1018281396229653
L-640041-1986,TORTUGUERO,PARQUE NACIONAL,COLORADO,1001598.2326483987,15,543722.1181563591,1171637.0976770648,543722.0986681185,1171637.1975654478,-0.019488240592181683,0.09988838294520974,0.10177170809605009
SJ-0417101-1997,LOS_SANTOS,RESERVA FORESTAL,COPEY,1270680.8416869491,90,517400.33597378636,1060964.9737892617,517400.4062971053,1060965.0472767875,0.07032331894151866,0.07348752580583096,0.10171423516899307
C-0000605-1973,TAPANTI_MACIZO_DE_LA_MUERTE,PARQUE NACIONAL,PEJIBAYE,199808.3711161568,5,531320.986696928,1081112.4210882552,531321.0411226103,1081112.5069261412,0.05442568229045719,0.08583788597024977,0.10163807141334091
C-0007198-1974,TAPANTI_MACIZO_DE_LA_MUERTE,PARQUE NACIONAL,PEJIBAYE,909814.0313906968,5,530353.6575741867,1079648.0892715654,530353.7131401608,1079648.174214018,0.055565974093042314,0.08494245260953903,0.10150269815247491
122724812021,LOS QUETZALES,PARQUE NACIONAL,COPEY,1053000.7509631012,152,518971.5389530842,1063296.5992942457,518971.60748706793,1063296.67416533,0.06853398372186348,0.0748710841871798,0.10150165600694608
P-738434-2001,NO_APLICA,FUERA ASP,NARANJITO,167239.4809960192,40,494215.84621716035,1040645.8638700335,494215.9322091378,1040645.9174502012,0.08599197748117149,0.05358016770333052,0.10131857955103461
L-0640042-1986,TORTUGUERO,PARQUE NACIONAL,COLORADO,2692568.446259752,36,543253.053009905,1171157.482156778,543253.0339594708,1171157.5816212893,-0.019050434231758118,0.09946451126597822,0.10127244465202985
L-1920317-2016,NO_APLICA,FUERA ASP,ROXANA,21580.51772929728,16,545843.203070232,1154342.025093304,545843.1979310743,1154342.1259759376,-0.0051391576416790485,0.10088263358920813,0.10101344812033916
C-0864968-2003,NO_APLICA,FUERA ASP,SANTA_TERESITA,10006.82821121737,12,540731.066725718,1104684.3817377847,540731.1021793963,1104684.4762876024,0.03545367834158242,0.09454981773160398,0.10097837065940372
C-0864969-2003,NO_APLICA,FUERA ASP,SANTA_TERESITA,24583.4025360729,21,540604.0922237519,1104507.876256121,540604.1278460339,1104507.9706738754,0.035622281953692436,0.09441775432787836,0.10091411845677468
1-423450-1997,LOS SANTOS,RESERVA FORESTAL,COPEY,1986056.5684255362,42,515912.5997845543,1060812.5217866693,515912.67019116227,1060812.5940498903,0.07040660799248144,0.07226322102360427,0.10089134532611424
1-291137-1995,LOS SANTO,RESERVA FORESTAL,COPEY,1504282.5637570824,59,517983.3497579563,1063324.051176679,517983.41820183303,1063324.1252571547,0.06844387674937025,0.07408047560602427,0.10085871866377116
G-166311-1995,SANTA_ROSA,PARQUE NACIONAL,SANTA_ELENA,870653.2938248403,56,320989.9886053298,1209355.1741885808,320989.92895519227,1209355.0928794974,-0.059650137554854155,-0.08130908338353038,0.10084297670627795
P-738438-2001,NO_APLICA,FUERA ASP,NARANJITO,276430.7576258294,67,494514.9743815896,1041698.8812503244,494515.0595476142,1041698.9351084818,0.08516602456802502,0.05385815736372024,0.10076682418006778
1-286024-1995,LOS SANTO,RESERVA FORESTAL,COPEY,2936937.4852959067,70,517348.6321925612,1062774.0232349008,517348.70106507133,1062774.0967560718,0.0688725101063028,0.07352117099799216,0.10074117943154519
500362141997,Guanacaste,Parque Nacional,La Cruz,1785051.8958307188,45,328717.4440345723,1219083.060437245,328717.3767191651,1219082.9858706966,-0.06731540715554729,-0.07456654845736921,0.10045662839933608
G-40340-1977,GUANACASTE,PARQUE NACIONAL,LA_CRUZ,5091259.118703611,145,329476.3042085538,1219925.2425652822,329476.23624768155,1219925.1686467002,-0.0679608722566627,-0.07391858194023371,0.10041233447112695
P-738440-2001,NO_APLICA,FUERA ASP,NARANJITO,169394.80838327948,60,494853.29895253823,1042522.1724684342,494853.3834651247,1042522.2266186096,0.084512586472556,0.05415017541963607,0.10037240044085134
G-0682509-1987,GUANACASTE,PARQUE NACIONAL,LA_CRUZ,667773.1495965669,16,327975.4319524857,1217704.83771506,327975.365793558,1217704.7624819092,-0.06615892768604681,-0.07523315073922276,0.10018498232129497
1-420636-1997,LOS SANTOS,RESERVA FORESTAL,COPEY,2936092.8735409975,47,514840.48499596375,1060887.8525065742,514840.55529567704,1060887.923845465,0.0702997132902965,0.07133889081887901,0.10015631299107325
1-279335-1995,LOS SANTO,RESERVA FORESTAL,COPEY,1913745.948174119,53,516302.3421688227,1062658.8098854355,516302.41105882375,1062658.8825316848,0.06889000104274601,0.07264624931849539,0.10011648107936344
G-16532-1991,SANTA_ROSA,PARQUE NACIONAL,SANTA_ELENA,1798971.986795416,56,321678.175611106,1208354.9431007276,321678.1168274487,1208354.86232808,-0.05878365726675838,-0.0807726476341486,0.09989864347170109
P-738435-2001,NO_APLICA,FUERA ASP,NARANJITO,26735.137963523157,21,493347.07681144966,1042150.3490763428,493347.1615469629,1042150.401984863,0.08473551325732842,0.052908520214259624,0.09989704058802543
P-0448733-1997,MANUEL_ANTONIO,PARQUE NACIONAL,QUEPOS,1201113.894027209,154,486394.10602943157,1037653.8746634875,486394.1941511437,1037653.9216805423,0.08812171214958653,0.04701705474872142,0.09988012609833276
1-279333-1995,LOS SANTO,RESERVA FORESTAL,COPEY,1853907.2117322087,47,515351.4591152296,1062694.2036503367,515351.5279233855,1062694.2755423363,0.06880815589101985,0.07189199957065284,0.09951392826830643
3-2251046-2020,LOS QUETZALES,PARQUE NACIONAL,COPEY,1256658.5242940672,162,517104.41528744635,1064956.156314321,517104.4823637395,1064956.2297388446,0.0670762931695208,0.07342452346347272,0.09945043866771809
L-0376513-1997,NO_APLICA,FUERA ASP,ROXANA,46010.53494256921,22,544325.6421014443,1148900.2865630873,544325.64136417,1148900.3859767343,-7.372742984443903e-4,0.09941364708356559,0.09941638094321718
C-0004174-1973,TAPANTI_MACIZO_DE_LA_MUERTE,PARQUE NACIONAL,SANTA_TERESITA,190768.45640759525,7,527896.170174164,1080630.9163396878,527896.2248498049,1080630.999320876,0.05467564088758081,0.08298118831589818,0.0993745607325449
G-40339-1977,GUANACASTE,PARQUE NACIONAL,LA_CRUZ,6786432.849401366,125,329837.00745653274,1218403.4932080286,329836.9407850444,1218403.419522453,-0.06667148834094405,-0.07368557550944388,0.09937128053796325
G-18114-1991,SANTA_ROSA,PARQUE NACIONAL,SANTA_ELENA,969841.8839490465,62,322121.7443307345,1207296.9444695397,322121.68640562927,1207296.8640050811,-0.05792510521132499,-0.08046445855870843,0.09914558439430964
P-0013076-1971,MANUEL_ANTONIO,PARQUE NACIONAL,QUEPOS,344789.5107101053,20,483952.08168657246,1037306.5416574314,483952.1700236129,1037306.5866669634,0.08833704044809565,0.045009532012045383,0.09914277929870548
703764761997,No aplica,Fuera ASP,Roxana,85488.87279663049,39,543881.9347892526,1147910.6273480372,543881.9348635505,1147910.726345712,7.429788820445538e-5,0.09899767488241196,0.09899770276274056
G-7931-1973,GUANACASTE,PARQUE NACIONAL,LA_GARITA,2191422.349576474,17,332072.40190976975,1220041.2433333197,332072.33395116276,1220041.1715868243,-0.06795860698912293,-0.07174649531953037,0.0988227294428638
L-0578881-1999,NO_APLICA,FUERA ASP,ROXANA,381731.06735236384,56,543589.4750922213,1146509.4572963037,543589.4763156464,1146509.5559785566,0.0012234251480549574,0.09868225292302668,0.09868983641215089
513844252009,Guanacaste,Parque Nacional,Santa Elena,302021.68209739495,9,321692.9548583124,1205564.123645469,321692.89835262945,1205564.0427630015,-0.0565056829364039,-0.08088246756233275,0.09866542334111386
L-0361612-1979,NO_HAY_DATOS,NO HAY DATOS,ROXANA,1708541.465747133,105,543418.4692043883,1146454.1416230418,543418.4704542316,1146454.2401747545,0.0012498432770371437,0.09855171269737184,0.09855963770125414
600109501972,MANUEL_ANTONIO,Parque Nacional,QUEPOS,145362.75647423975,10,484168.3731680586,1038442.317652889,484168.46056924487,1038442.3628433066,0.08740118629066274,0.04519041767343879,0.09839279046004834
301588111993,Tapanti MAcizo de la Muerte,Parque Nacional,Orosi,900353.6038719341,28,524124.15566321247,1077813.752112558,524124.2124701681,1077813.8318713726,0.05680695560295135,0.07975881453603506,0.09792087980134433
G-7930-1973,GUANACASTE,PARQUE NACIONAL,LA_GARITA,2054326.013932526,16,332753.2591144995,1218978.6279209568,332753.1920653037,1218978.556652729,-0.06704919581534341,-0.07126822788268328,0.0978506768756473
P-0448727-1997,MANUEL_ANTONIO,PARQUE NACIONAL,QUEPOS,185921.32415716723,24,483595.67021327367,1038998.5070633758,483595.7571418654,1038998.5518613117,0.08692859171424061,0.04479793587233871,0.09779281730190266
P-0323024-1996,MANUEL_ANTONIO,PARQUE NACIONAL,QUEPOS,356099.1811425853,31,483771.0334584204,1039468.5867801439,483771.11999892973,1039468.6317290087,0.08654050930636004,0.04494886484462768,0.0975174866463692
P-0926763-1990,MANUEL_ANTONIO,PARQUE NACIONAL,QUEPOS,55493.08305269416,28,483934.2592258708,1039721.9089184452,483934.3455435421,1039721.9540023492,0.08631767134647816,0.04508390394039452,0.09738223031531645
P-1734945-2014,MANUEL_ANTONIO,PARQUE NACIONAL,QUEPOS,2576.9795940680197,11,482482.02178735205,1039139.2248454308,482482.1085206678,1039139.2686886553,0.0867333157802932,0.04384322452824563,0.0971848568619526
G-31704-1992,GUANACASTE,PARQUE NACIONAL,GARITA,2843826.783313119,37,333690.46743810864,1218774.4175146352,333690.40059534204,1218774.3470106642,-0.06684276659507304,-0.07050397107377648,0.09715330865830214
P-1758835-2014,MANUEL_ANTONIO,PARQUE NACIONAL,QUEPOS,5643.064999682829,14,482571.55857492186,1039202.2589915603,482571.64521849185,1039202.3029226,0.08664356998633593,0.04393103963229805,0.09714445153044839
P-1746894-2014,MANUEL_ANTONIO,PARQUE NACIONAL,QUEPOS,2446.9505611537024,9,482061.33660627255,1039079.9669641496,482061.4233931741,1039080.0104877194,0.08678690152009949,0.043523569824174047,0.09708896644675542
C-0492564-1983,TAPANTI_MACIZO_DE_LA_MUERTE,PARQUE NACIONAL,PEJIBAYE,7365.302887539554,27,524779.5627709961,1081071.9501653523,524779.6169492311,1081072.0305671683,0.05417823500465602,0.08040181593969464,0.09695222098858937
3-32730-1963,TAPANTI_MACIZO_DE_LA_MUERTE,PARQUE NACIONAL,PEJIBAYE,768832.4471862412,25,524843.7834068993,1081232.460979449,524843.8374568037,1081232.5414141254,0.05404990434180945,0.08043467625975609,0.09690783923073779
C-0492564-1983,TAPANTI_MACIZO_DE_LA_MUERTE,PARQUE NACIONAL,PEJIBAYE,322084.951205452,69,524537.7876991266,1080828.4280592767,524537.8420639223,1080828.5082706118,0.05436479568015784,0.08021133509464562,0.0968988611233942
L-0824240-1989,TORTUGUERO,PARQUE NACIONAL,COLORADO,921208.9737406969,10,539160.1829163058,1164552.3910069165,539160.1690736559,1164552.4867903234,-0.013842649990692735,0.095783406868577,0.09677850996019824
P-1334450-2009,NO_APLICA,FUERA ASP,QUEPOS,122536.33923372506,43,482086.8783980513,1039826.4873948122,482086.9645727641,1039826.5309786677,0.08617471280740574,0.043583855498582125,0.09656932011544943
300301751956,Tapanti MAcizo de la Muerte,Parque Nacional,Orosi,196917.85188177228,11,521072.2163141639,1076131.0055559464,521072.2743541727,1076131.0827137462,0.05804000882199034,0.07715779985301197,0.09655034283840824
C-0035918-1992,NO_APLICA,FUERA ASP,SANTA_ROSA,11524.534614581615,15,533641.9340281489,1100848.6764113216,533641.9723154664,1100848.7649528447,0.03828731749672443,0.08854152308776975,0.09646512318862732
C-0057283-1992,GUAYABO,MONUMENTO NACIONAL,SANTA_TERESITA,55602.455181861296,20,534235.553696624,1102776.3193324767,534235.5904342214,1102776.4084719333,0.0367375974310562,0.08913945662789047,0.0964131411837718
C-0492564-1983,TAPANTI_MACIZO_DE_LA_MUERTE,PARQUE NACIONAL,PEJIBAYE,231961.59681548178,64,524080.12058134965,1081329.630516273,524080.1744710628,1081329.7103927133,0.05388971313368529,0.07987644034437835,0.09635531590794526
G-0856229-2003,GUANACASTE,PARQUE NACIONAL,GARITA,350745.8346283715,34,334392.6498488435,1217994.1443488838,334392.5836480076,1217994.0743372429,-0.06620083592133597,-0.07001164089888334,0.09635445261137568
704615361997,no aplica,Fuera ASP,Guacimo,409084.1422912639,54,540149.3664754715,1130211.9376518896,540149.3809512823,1130212.0328608223,0.014475810807198286,0.09520893264561892,0.09630311497580853
C-1089628-2006,GUAYABO,MONUMENTO NACIONAL,SANTA_TERESA,81450.06467308104,12,533943.4662828116,1102695.8003745659,533943.5031003772,1102695.8892856233,0.03681756556034088,0.08891105744987726,0.09623257905016042
C-1361673-2009,GUAYABO,MONUMENTO NACIONAL,SANTA_TERESA,783689.013199899,143,533544.214903059,1102321.431742535,533544.251994209,1102321.520283638,0.03709115006495267,0.0885411030612886,0.09599625172083838
3-6081-1970,GUAYABO,MONUMENTO NACIONAL,SANTA_TERESITA,79592.13312038314,13,533494.9800271317,1102728.0972685046,533495.0167272311,1102728.1857843674,0.036700099357403815,0.08851586282253265,0.0958225196081836
3-6080-1970,GUAYABO,MONUMENTO NACIONAL,SANTA_TERESITA,15827.532284533674,10,533442.255989424,1103022.7470792697,533442.2925044795,1103022.8355849015,0.036515055573545396,0.08850563177838922,0.09574234246158242
SJ-0563428-1984,CERRO_NARA,ZONA PROTECTORA,SANTA_MARIA,2111855.8099673726,21,496554.9724843941,1050915.215415682,496555.0501890198,1050915.2713239111,0.07770462572807446,0.05590822920203209,0.09572742006367395
C-1361672-2009,GUAYABO,MONUMENTO NACIONAL,SANTA_TERESA,537208.1896275282,65,533508.7338119686,1103305.6128520246,533508.7701043353,1103305.7014121874,0.036292366683483124,0.08856016281060874,0.09570808908618918
301250911993,No aplica,Fuera ASP,Santa Cruz,5068.270198492333,8,532337.8807357262,1102050.4097006929,532337.9180382318,1102050.4972638756,0.037302505574189126,0.0875631826929748,0.09517766484546515
G-0303621-1978,SANTA_ROSA,PARQUE NACIONAL,NACASCOLO,1348229.929519862,6,319329.92468662426,1192393.8395465757,319329.87881164136,1192393.7562084745,-0.0458749828976579,-0.08333810116164386,0.09513019058684152
3-177734-1994,GUAYABO,MONUMENTO NACIONAL,SANTA_TERESITA,11126.037050007828,11,532439.1017508053,1103258.3393955382,532439.1379897607,1103258.4270985192,0.03623895545024425,0.08770298096351326,0.09489507238003012
P-0120994-1993,NO_APLICA,FUERA ASP,QUEPOS,278861.5643383791,73,481823.41365943424,1042048.6371244907,481823.4979886649,1042048.6805824365,0.0843292306526564,0.04345794580876827,0.09486839408563194
SJ-2176662-2020,LOS SANTOS,RESERVA FORESTAL,SANTA MARIA,49951.98997596279,9,505734.33844009094,1060986.745857103,505734.40821628436,1060986.809780194,0.06977619341341779,0.06392309092916548,0.09463022097197621
G-0303623-1978,SANTA_ROSA,PARQUE NACIONAL,NACASCOLO,5241649.884475809,86,319713.0121433227,1190876.6412014386,319712.96757675597,1190876.5580914803,-0.04456656670663506,-0.08310995833016932,0.09430505840971327
1-866425-2003,NA,FUERA ASP,SAN LORENZO,590028.6365091358,42,497009.0212994423,1053573.1176698466,497009.09681601985,1053573.174076014,0.07551657757721841,0.05640616733580828,0.09425714403954351
L-0864946-2003,NO_APLICA,FUERA ASP,ESPERANZA,31914.012470406655,32,536746.8720893688,1159135.3605678647,536746.8626281744,1159135.4542076986,-0.009461194393225014,0.09363983385264874,0.09411659090350677
L-1560860-2012,NO_APLICA,FUERA ASP,RITA,238455.25779447705,50,534115.7431555637,1161449.4195879947,534115.7317046846,1161449.5111417384,-0.011450879159383476,0.09155374369584024,0.0922670613937954
G-0006552-1972,GUANACASTE,PARQUE NACIONAL,LA_CRUZ/LA_GARITA/SANTA_ELENA/,10773021.360325068,8,337067.2857620577,1213017.8944707976,337067.2237633079,1213017.8265287364,-0.061998749792110175,-0.06794206122867763,0.09197808793286617
307313582001,FUERA ASP,FUERA ASP,02,29124.16345339277,21,511245.6001664612,1072649.263297908,511245.6606752174,1072649.3322396842,0.06050875619985163,0.06894177617505193,0.09172937413404739
G-8668-1969,GUANACASTE,PARQUE NACIONAL,CANAS_DULCES,6454161.373905007,98,331543.2531051687,1204725.0142843127,331543.1976844157,1204724.941443953,-0.05542075302219018,-0.07284035976044834,0.091526924320541575
500467491960,Guancaste,Parque Nacional,Cañas Dulces,33754766.41032343,172,335825.5010220899,1210072.3397319533,335825.44135730126,1210072.2706009462,-0.05966478865593672,-0.06913100718520582,0.09131803304823519
L-1094593-2006,NO_APLICA,FUERA ASP,RITA,23666.370758187026,10,532819.5381284823,1160059.9907642335,532819.5277894132,1160060.0811694372,-0.010339069063775241,0.09040520363487303,0.09099448990663321
G-806177-2002,NO_HAY_DATOS,NO HAY DATOS,SANTA_CECILIA,571233.6138154541,94,345328.32180607284,1219614.2172232782,345328.2547902952,1219614.1562878757,-0.06701577763305977,-0.06093540252186358,0.0905772473210864
G-832-1976,GUANACASTE,PARQUE NACIONAL,MAYORGA,664335.0736388462,16,339518.47972987016,1212990.2668935177,339518.41787631094,1212990.2009450705,-0.06185355922207236,-0.06594844721257687,0.09041604104465341
G-0019047-1974,GUANACASTE,PARQUE NACIONAL,SANTA_CECILIA,1971594.777565822,26,341957.77219343156,1215538.3643712022,341957.7083403619,1215538.300460111,-0.06385306967422366,-0.06391109130345285,0.09034291393584529
G-0808675-2002,NO_APLICA,FUERA ASP,SANTA_CECILIA,120689.83570560763,45,346967.33454957453,1220653.886923108,346967.26666843944,1220653.8273748301,-0.06788113509537652,-0.059548277873545885,0.0902986483815887
C-1432616-2010,VOLCAN_TURRIALBA,PARQUE NACIONAL,SANTA_CRUZ,188704.3515431583,21,527229.7302491433,1106471.2934843868,527229.7636623356,1106471.3770225209,0.03341319225728512,0.08353813411667943,0.08997255841932371
C-1432615-2010,VOLCAN_TURRIALBA,PARQUE NACIONAL,SANTA_CRUZ,551968.8979901373,12,527217.5402024136,1107613.6361522693,527217.5726661591,1107613.71974569,0.03246374556329101,0.08359342068433762,0.08967583151388528
C-0990397-1991,NO_APLICA,FUERA ASP,CERVANTES,9999.433456590865,12,522315.63921362406,1095540.0797449662,522315.6813678844,1095540.1587597379,0.04215426032897085,0.07901477161794901,0.0895562158519401
G-22794-1974,GUANACASTE,PARQUE NACIONAL,MAYORGA,31268107.748501975,183,335838.37368929596,1206453.4905681876,335838.3170270503,1206453.4213121783,-0.0566622456535697,-0.0692560093011707,0.08948186915140587
C-0692228-2001,VOLCAN_TURRIALBA,PARQUE NACIONAL,SANTA_CRUZ,16520.04107371345,24,526437.6980671731,1107460.141667915,526437.7306182354,1107460.2246031086,0.0325510622933507,0.08293519355356693,0.08909443296970472
C-0650841-2000,VOLCAN_TURRIALBA,PARQUE NACIONAL,SANTA_CRUZ,4782.290373312077,14,526384.3409569142,1107386.9342742637,526384.3735631936,1107387.0171539565,0.03260627936106175,0.08287969278171659,0.08906297170745722
C-2006718-2017,VOLCAN_TURRIALBA,PARQUE NACIONAL,SANTA_CRUZ,2384785.077849444,75,526447.43557374,1108431.4429232527,526447.4673392804,1108431.5259082993,0.031765540363267064,0.08298504655249417,0.08885700594713944
G-13176-1974,GUANACASTE,PARQUE NACIONAL,SANTA_CECILIA,140719.62074039318,16,345816.9277868658,1216932.063906302,345816.8629043932,1216932.0032441416,-0.06488247262313962,-0.06066216039471328,0.0888236058570377
502863801977,Guancaste,Parque Nacional,Santa Cecilia,372419.2558224946,10,347493.38841538527,1218534.1296705315,347493.32234023977,1218534.0704313647,-0.06607514549978077,-0.05923916678875685,0.08874234465374099
3-0002250-1973,TAPANTI_MACIZO_DE_LA_MUERTE,PARQUE NACIONAL,SAN_FRANCISCO,157094.10828255862,5,509630.46671194705,1077040.044388502,509630.52353356563,1077040.1121507795,0.05682161857839674,0.06776227755472064,0.08843315326998014
G-739812-2001,NO_APLICA,FUERA ASP,SARNDINAL,923621.8014238887,96,318967.1536687141,1167069.9993020028,318967.12857208174,1167069.914591985,-0.025096632365603,-0.08471001777797937,0.08834946557868821
G-6252-1974,GUANACASTE,PARQUE NACIONAL,SANTA_CECILIA,1816173.3381572813,30,345414.37053949246,1215593.1949233308,345414.30676314235,1215593.1338923501,-0.06377635011449456,-0.06103098066523671,0.08827345826966952
500495651963,Guanacaste,Parque Nacional,Cañas Dulces,423702.7167687658,23,339718.5875484072,1208269.4408864265,339718.5295588537,1208269.3748904213,-0.05798955349018797,-0.0659960051998496,0.0878536340530655
5-19985-2024,Fuera ASP,No aplica,05,58486.99907995062,41,328517.5445778362,1093552.794146841,328517.58007293125,1093552.714154921,0.03549509507138282,-0.07999191991984844,0.08751347911373397
G-406513-1980,NO_HAY_DATOS,NO HAY DATOS,MAYORGA,1565620.9326432943,39,340084.9813342413,1207855.3598129188,340084.9236548951,1207855.294084969,-0.05767934618052095,-0.06572794984094799,0.08744752921670544
G-0408529-1980,GUANACASTE,PARQUE NACIONAL,MAYORGA,865958.5848380085,35,339745.47481487814,1207267.7618144425,339745.4176520339,1207267.6958161816,-0.0571628442266956,-0.06599826086312532,0.08731186172017297
G-0556583-1999,NO_APLICA,FUERA ASP,SANTA_CECILIA,921915.1419738159,137,351661.2382800608,1219914.7510750492,351661.17124480644,1219914.6953203292,-0.0670352543820627,-0.05575472000055015,0.08719125032024488
A-294238-1978,NO_HAY_DATOS,NO HAY DATOS,DOS_RIOS/QUEBRADA_GRANDE,1483285.9342000782,45,341643.88926571707,1209004.3711978712,341643.83074591,1209004.306821618,-0.058519807062111795,-0.06437625316902995,0.08699925166729786
G-641268-2000,NO_APLICA,FUERA ASP,CARTAGENA,4826.515189199359,15,317854.92599764577,1149066.051191114,317854.91561657604,1149065.9648143118,-0.010381069732829928,-0.0863768020644784,0.08699838241992754
G-613270-1986,GUANACASTE,PARQUE NACIONAL,MAYORGA,484433.2939213943,33,339028.1361463245,1205546.412224914,339028.08034460456,1205546.345516997,-0.05580171995097771,-0.06670791702345014,0.08696998415025067
G-0539950-1999,NO_APLICA,FUERA ASP,SANTA_CECILIA,182062.05701186135,66,350951.241610999,1218798.0794017005,350951.1754593294,1218798.0230417065,-0.06615166959818453,-0.05635999399237335,0.08690507645383974
G-78457-1992,GUANACASTE,PARQUE NACIONAL,MAYORGA,53198.65139254066,33,339344.3672896223,1205848.5533799734,339344.3112497276,1205848.486985359,-0.05603989469818771,-0.0663946142885834,0.08688333904905893
G-641270-2000,NO_APLICA,FUERA ASP,CARTAGENA,53879.17341268051,22,318202.854217238,1149380.7702699683,318202.84356211143,1149380.684163606,-0.010655126592610031,-0.08610636228695512,0.08676311053089851
G-8669-1975,GUANACASTE,PARQUE NACIONAL,MAYORGA,124717.25558784604,22,338328.22406874364,1204100.046644677,338328.16946477134,1204099.9793411144,-0.05460397229762748,-0.06730356253683567,0.0866681217105218
500097591949,Guanacaste,Parque Nacional,Cañas Dulces,475420.2626928389,17,339869.0997923602,1206132.3600678954,339869.04354212777,1206132.2941363167,-0.05625023244647309,-0.06593157863244414,0.08666638166699023
A-18548-1972,GUANACASTE,PARQUE NACIONAL,DOS_RIOS,1000280.2064136581,10,341190.3487061525,1207389.9020103868,341190.2915123929,1207389.8371469593,-0.05719375959597528,-0.06486342754215002,0.08647768711776443
G-0617468-1986,GUANACASTE,PARQUE NACIONAL,MAYORGA,233738.9128031102,27,339750.2643629813,1205504.6659928912,339750.2086271451,1205504.5998758131,-0.05573583621298894,-0.06611707806587219,0.0864751493223907
G-0539959-1999,NO_APLICA,FUERA ASP,SANTA_CECILIA,146436.63439253252,87,350963.52945398755,1217930.9961221311,350963.4639782006,1217930.939675344,-0.06547578691970557,-0.056446787202730775,0.08644835717505023
500016601963,Guanacaste,Parque Nacional,Mayorga,537500.4670434967,23,339190.5187189712,1204528.5600311344,339190.4637721911,1204528.4934456316,-0.05494678008835763,-0.06658550282008946,0.08632947253332708
G-17997-1974,GUANACASTE,PARQUE NACIONAL,SANTA_CECILIA,900451.2767063491,47,348300.4230960794,1215099.8726921296,348300.35987279826,1215099.8140066606,-0.06322328111855313,-0.05868546897545457,0.08626220229199251
L-1348685-2009,NO_APLICA,FUERA ASP,JIMENEZ,193011.5246387981,19,526894.1466525662,1124297.7919037899,526894.1654043057,1124297.8759271675,0.018751739524304867,0.08402337762527168,0.0860903927435947
P-1620994-2012,NO_APLICA,FUERA ASP,QUEPOS,25715.37728690263,27,478061.41264808056,1052412.191472799,478061.4883192822,1052412.23230874,0.07567120163002983,0.040835940977558494,0.08598665496258864
A-0539955-1999,NO_APLICA,FUERA ASP,DOS_RIOS,27500.845941779735,16,352531.04031675746,1218704.3744591821,352530.97431002045,1218704.3193583514,-0.06600673700449988,-0.05510083073750138,0.08598250332447871
A-18549-1972,GUANACASTE,PARQUE NACIONAL,DOS_RIOS,978576.6187804937,14,341183.99741079955,1206411.198124808,341183.941024779,1206411.1332625472,-0.05638602055842057,-0.06486226082779467,0.08594472755269804
G-116836-1993,GUANACASTE,PARQUE NACIONAL,MAYORGA,402653.4068034142,52,341128.1722721228,1206202.4182691695,341128.11603455024,1206202.3533243737,-0.05623757257126272,-0.06494479579851031,0.08590978448359793
P-1585954-2012,NO_APLICA,FUERA ASP,PARRITA,47107.018715672195,52,476585.97794715135,1051713.572762776,476586.0541363247,1051713.6123340053,0.07618917332729325,0.03957122936844826,0.08585261979710739
G-0065752-1992,DIRIA,PARQUE NACIONAL,VEINTISIETE_DE_ABRIL,781117.1087556886,54,320416.3398124458,1125293.7759312107,320416.34897481353,1125293.6906547667,0.009162367729004472,-0.08527644397690892,0.08576724829297247
A-294240-1977,NO_HAY_DATOS,NO HAY DATOS,DOS_RIOS,2637331.9079290926,55,343053.792068972,1207934.4110123867,343053.73448217,1207934.3477226864,-0.05758680199505761,-0.06328970030881464,0.0855676687142845
G-0166989-1994,GUANACASTE,PARQUE NACIONAL,MAYORGA,1295459.9354671945,62,341812.2685596869,1206195.0269315687,341812.2123481294,1206194.9625691725,-0.056211557472124696,-0.06436239625327289,0.08545324595885925
G-0847999-1989,DIRIA,PARQUE NACIONAL,SANTA_CRUZ,414280.228408481,39,321787.9440424659,1122981.077146269,321787.95515290904,1122980.9929068238,0.011110443156212568,-0.0842394451610744,0.08496897120815981
P-1594569-2012,NO_APLICA,FUERA ASP,PARRITA,39537.34524074942,26,476622.9976233757,1053006.625870059,476623.0727304691,1053006.6655119527,0.07510709343478084,0.03964189370162785,0.08492676386435585
G-0449611-1997,DIRIA,PARQUE NACIONAL,SANTA_CRUZ,470581.0726667652,91,321626.99902811233,1124276.6916235047,321627.0090907855,1124276.6072983,0.010062673187348992,-0.08432520483620465,0.08492348063017238
G-0004161-1975,DIRIA,PARQUE NACIONAL,SANTA_CRUZ/VEINTISIETE_DE_ABRIL,1051340.026653424,23,321499.60980348376,1125369.7481064848,321499.6189671874,1125369.6637084645,0.009163703653030097,-0.08439802029170096,0.08489404745798686
G-124431-1993,GUANACASTE,PARQUE NACIONAL,MAYORGA,716349.8826496489,52,342452.28711868444,1205491.86417842,342452.2315142347,1205491.8002484762,-0.05560444976435974,-0.06392994383350015,0.08472834562383294
A-37755-1992,NO_HAY_DATOS,NO HAY DATOS,DOS_RIOS,1953600.424914923,60,342048.3595757419,1205008.8835325176,342048.30436437,1205008.8193209611,-0.05521137191681191,-0.06421155645512044,0.08468423449099394
G-0041085-1992,DIRIA,PARQUE NACIONAL,SANTA_CRUZ,2401987.0700095,35,322495.0654130107,1121290.7613637536,322495.0779465523,1121290.6776363137,0.012533541594166309,-0.08372743986546993,0.08466034403023992
1-703262-2001,NA,FUERA ASP,SAN MARCOS,144126.3996344665,35,499122.24864618306,1071696.1782477696,499122.3094054614,1071696.2371925395,0.06075927836354822,0.0589447699021548,0.08465326813583227
A-0001682-1975,GUANACASTE,PARQUE NACIONAL,DOS_RIOS,568912.6843557507,11,343302.4962185956,1206191.2768949554,343302.4400927131,1206191.2137525936,-0.05612588248914108,-0.06314236181788146,0.08448119637602872
A-18553-1972,GUANACASTE,PARQUE NACIONAL,DOS_RIOS,2969754.0762275844,57,344788.36539494555,1207988.9605016944,344788.307849323,1207988.8986516262,-0.05754562251968309,-0.06185006815940142,0.08448035039286035
L-0816191-1989,ACUIFEROS_GUACIMO_POCOCI,ZONA PROTECTORA,JIMENEZ,4478149.803745721,40,523763.22967713006,1120196.959378224,523763.2516641886,1120197.0406585073,0.02198705851333216,0.08128028316423297,0.08420163403002691
C-0577725-1985,VOLCAN_IRAZU,PARQUE NACIONAL,SANTA_ROSA,7323.141203008592,10,518399.3714429994,1103273.2208863706,518399.40709464357,1103273.297032801,0.035651644167955965,0.07614643033593893,0.08407923991559717
G-0165584-1994,DIRIA,PARQUE NACIONAL,SANTA_CRUZ/VEINTISIETE_DE_ABRIL,195440.3988132514,29,322507.6357621407,1125164.030116252,322507.6451045931,1125163.9465710598,0.009342452394776046,-0.08354519214481115,0.08406592976504854
G-0915793-1990,DIRIA,PARQUE NACIONAL,SANTA_CRUZ,853781.514661488,23,322970.0977321344,1123137.8258683227,322970.1087700335,1123137.742561248,0.011037899123039097,-0.08330707484856248,0.08403513513331419
G-219104-1994,GUANACASTE,PARQUE NACIONAL,MAYORGA,992789.68438402,32,343123.622256464,1204884.3175697064,343123.5671665318,1204884.25419117,-0.05508993216790259,-0.06337853637523949,0.08397463604762848
G-0022165-1975,DIRIA,PARQUE NACIONAL,SANTA_CRUZ,1076185.0002169348,47,323068.14595726464,1124003.0745000504,323068.15626878,1124002.9913459688,0.010311515361536294,-0.08315408159978688,0.08379098182832813
500460021958,Guanacaste,Parque Nacional,Cañas Dulces,690810.0000536926,39,343288.08727336477,1204326.6734344186,343288.0326676911,1204326.6101797184,-0.05460567364934832,-0.06325470027513802,0.0835639677229168
A-6321-1974,GUANACASTE,PARQUE NACIONAL,DOS_RIOS,1470142.4856080555,13,345700.1534739387,1207100.9042578577,345700.09663278656,1207100.8430504962,-0.05684115213807672,-0.0612073615193367,0.08352998072873453
C-0004309-1975,VOLCAN_IRAZU,PARQUE NACIONAL,SANTA_ROSA,52143.98203337751,11,517697.1193066388,1103431.113856166,517697.1547737616,1103431.189410321,0.035467122797854245,0.07555415504612029,0.08346464607419872
G-0024237-1975,DIRIA,PARQUE NACIONAL,SANTA_CRUZ,806633.506738279,32,323539.19836765376,1124485.588601633,323539.2083283037,1124485.5058253289,0.009960649942513555,-0.08277630410157144,0.0833734434217103
G-0551705-1984,DIRIA,PARQUE NACIONAL,SANTA_CRUZ,997497.0618037302,59,323472.7433880283,1125417.2127733117,323472.75258818804,1125417.1300050153,0.009200159751344472,-0.08276829635724425,0.08327805125800478
A-126312-1993,GUANACASTE,PARQUE NACIONAL,DOS_RIOS/MAYORGA,1250159.2621978344,85,344576.21568602184,1205308.7581957025,344576.16033231944,1205308.696039781,-0.05535370239522308,-0.06215592147782445,0.08323094943358753
G-575901-1985,GUANACASTE,PARQUE NACIONAL,MAYORGA,308310.5851040464,38,344007.7520960282,1204446.7033326523,344007.6974130329,1204446.6406918797,-0.05468299530912191,-0.06264077266678214,0.0831510455512673
500497351963,Diria,Parque Nacional,Santa Cruz,1812956.6773163103,62,324352.63594688044,1122094.1930316954,324352.6478816933,1122094.110816705,0.011934812879189849,-0.08221499039791524,0.08307673804736541
G-45456-1956,GUANACASTE,PARQUE NACIONAL,CANAS_DULCES,1178657.729444906,39,343478.4286320701,1203403.7967214563,343478.37478046794,1203403.733635348,-0.053851602133363485,-0.06308610830456018,0.08294487394254557
G-0796196-1989,DIRIA,PARQUE NACIONAL,SANTA_CRUZ,1551029.9911872332,94,323690.4674548325,1127049.0546891845,323690.4753398097,1127048.9721693017,0.007884977210778743,-0.08251988282427192,0.08289574130765746
G-448-1975,GUANACASTE,PARQUE NACIONAL,MAYORGA,476272.90459595155,54,344161.3348555028,1204085.2056655914,344161.28048490646,1204085.1431091144,-0.05437059636460617,-0.06255647703073919,0.08288229345005076
G-1327872-2009,DIRIA,PARQUE NACIONAL,SANTA_CRUZ,912399.6981969629,108,324973.0820888048,1120337.9706102598,324973.09553287324,1120337.8888863893,0.013444068434182554,-0.08172387047670782,0.08282230364917834
C-0299073-1996,VOLCAN_IRAZU,PARQUE NACIONAL,POTRERO_CERRADO/SANTA_ROSA,1684699.9284924474,140,516170.5046402927,1102200.3460128196,516170.54109397257,1102200.420283465,0.03645367984427139,0.07427064538933337,0.08273451239196823
A-6320-1974,GUANACASTE,PARQUE NACIONAL,DOS_RIOS,2721598.0147672296,13,346364.32382926164,1206383.3560525533,346364.2676699353,1206383.2953679336,-0.05615932634100318,-0.06068461970426142,0.08268308777329332
G-0024237-1975,DIRIA,PARQUE NACIONAL,SANTA_CRUZ,137756.09542791918,12,324431.00608944416,1124057.6417585989,324431.01645576255,1124057.5597368055,0.010366318398155272,-0.08202179335057735,0.0826742713398597
G-0551705-1984,DIRIA,PARQUE NACIONAL,SANTA_CRUZ,89616.650950365,18,324331.82557213865,1125031.6599293286,324331.8351058553,1125031.577865208,0.009533716656733304,-0.08206412056460977,0.08261604951420566
G-0168121-1994,RINCON_CACAO,FUERA ASP,MAYORGA,122977.99114355113,33,344224.44763641356,1203440.2424560478,344224.39377646305,1203440.1799304336,-0.05385995050892234,-0.06252561416476965,0.08252482472265668
G-0144347-1993,DIRIA,PARQUE NACIONAL,SANTA_CRUZ,1042738.9786545914,114,325152.2239681691,1121376.74658565,325152.236557054,1121376.6650278391,0.012588884856086224,-0.08155781077221036,0.08252367248175198
G-0934518-2004,DIRIA,PARQUE NACIONAL,SANTA_CRUZ,489719.69418846583,90,324362.01575227606,1125669.4484277149,324362.02477336687,1125669.3663988789,0.009021090809255838,-0.0820288360118866,0.0825233907256229
500451171955,Guanacaste,Parque Nacional,Cañas Dulces,1627286.868162388,35,344762.2138972906,1204097.2098916285,344762.15952341753,1204097.1478255345,-0.054373873048461974,-0.062066094018518925,0.0825149568078775
L-0819434-2002,NO_APLICA,FUERA ASP,RITA,31125.756824969314,21,523431.6233412145,1151532.4719923418,523431.6195670164,1151532.5543728261,-0.0037741981213912368,0.08238048432394862,0.08246689498767283
G-0342741-1996,DIRIA,PARQUE NACIONAL,SANTA_CRUZ,354462.46425464563,73,324323.28189652343,1126447.0023987617,324323.2903023136,1126446.9203874792,0.00840579014038667,-0.08201128244400024,0.08244093495341864
L-1065268-2006,NO_APLICA,FUERA ASP,RITA,48539.76496900618,34,522342.0270082437,1159479.9649103724,522342.0167034461,1159480.0466943542,-0.010304797615390271,0.0817839817609638,0.08243062857076738
G-0332183-1996,DIRIA,PARQUE NACIONAL,SANTA_CRUZ,114761.94832780585,57,324402.9682026248,1126224.5337697426,324402.97676311934,1126224.451785235,0.008560494519770145,-0.08198450761847198,0.08243022234512233
G-0366121-1996,DIRIA,PARQUE NACIONAL,SANTA_CRUZ,347078.32052396424,107,324507.9175665387,1127315.710469251,324507.9252623883,1127315.6286199563,0.007695849635638297,-0.08184929471462965,0.0822102983019564
L-0993119-2005,NO_APLICA,FUERA ASP,RITA,213077.47652822547,58,521982.7103316002,1159846.1793393746,521982.69967285637,1159846.2608495168,-0.010658743849489838,0.08151014219038188,0.0822040880999559
A-0191042-1994,FUESRA ASP,FUERA ASP,6,183702.6007894054,19,347623.50978163304,1206981.31717266,347623.45316903695,1206981.257623873,-0.056612596090417355,-0.059548787074163556,0.08216473743705877
G-0521537-1983,RINCON_CACAO,FUERA ASP,MAYORGA,376441.7663554102,33,344788.93421741744,1203391.3873747464,344788.8804367112,1203391.3253105427,-0.05378070625010878,-0.0620642036665231,0.08212386828151819
L-0963721-2004,NO_APLICA,FUERA ASP,RITA,173733.21123002097,44,522031.99918009696,1156893.0413240772,522031.9909391862,1156893.1227438757,-0.008240910770837218,0.08141979854553938,0.08183578804856172
C-0005236-1966,VOLCAN_IRAZU,PARQUE NACIONAL,POTRERO_CERRADO,1757880.1305572689,84,514634.0344846938,1101553.3710779764,514634.07138701534,1101553.4440646286,0.036902321560774,0.07298665214329958,0.08178528429773771
C-1524334-2011,VOLCAN_IRAZU,PARQUE NACIONAL,POTRERO_CERRADO,18983.225678041577,12,514164.9574061339,1100645.431711336,514164.9950498192,1100645.5042406346,0.037643685296643525,0.0725292987190187,0.08171625429120807
A-1321222-2009,INDER,FUERA ASP,DOS_RIOS,572858.8864987716,106,355377.49411740585,1214092.6819129337,355377.43198912515,1214092.628990326,-0.062128280696924776,-0.0529226076323539,0.08161326890257466
C-0000301-1975,TAPANTI_MACIZO_DE_LA_MUERTE,PARQUE NACIONAL,CARMEN,210.74094829474427,7,509076.4165874881,1091835.2158146428,509076.46124507964,1091835.283873235,0.044657591555733234,0.06805859226733446,0.08140191929537027
A-291451-1977,GUANACASTE,PARQUE NACIONAL,DOS_RIOS,2630474.5575622767,108,347186.96870718006,1204828.2336740054,347186.9138428813,1204828.173661594,-0.05486429878510535,-0.06001241132616997,0.08131162767011078
C-2034366-2018,Volcan Irazu,Parque Nacional,Potrero Cerrado,15274320.9017585,268,515018.80431434576,1104194.8703717801,515018.8390706977,1104194.9437699914,0.03475635196082294,0.0733982112724334,0.08121146113460445
G-0361321-1996,DIRIA,PARQUE NACIONAL,SANTA_CRUZ,882300.6938757338,101,325956.02980075113,1127075.132618915,325956.03774641705,1127075.0519565253,0.007945665915030986,-0.08066238975152373,0.081052789756183
SJ-0005835-2022,CORDILLERA_VOLCANICA_CENTRAL,RESERVA FORESTAL,CASCAJAL,465806.8369076246,23,514197.3969533616,1102769.0520063962,514197.432822863,1102769.1246754648,0.03586950141470879,0.07266906858421862,0.08103958699695887
314975882011,Volcan Irazu,Parque Nacional,Tierra Blanca,57871.00181300938,17,513136.7383524434,1100578.9260152418,513136.7759834033,1100578.997731255,0.03763095993781462,0.0717160131316632,0.08098935538292855
7-392310-1997,Cordillera Volcánica Central,Reserva Forestal,Guápiles,248626.8792633894,19,519255.364696347,1119101.695565025,519255.387367083,1119101.773118898,0.02267073601251468,0.07755387295037508,0.08079953886596167
C-1497590-2011,VOLCAN_IRAZU,PARQUE NACIONAL,TIERRA_BLANCA,408932.5011211857,55,513083.09849245794,1100981.559990263,513083.13581074274,1100981.631650954,0.037318284797947854,0.07166069094091654,0.08079547639806516
SJ-0988037-2005,NO_HAY_DATOS,NO HAY DATOS,CASCAJAL,348869.8474518452,51,513379.164400831,1102666.880413771,513379.20026401227,1102666.9524222936,0.03586318128509447,0.07200852269306779,0.08044498189648382
C-0005262-1966,VOLCAN_IRAZU,PARQUE NACIONAL,LLANO_GRANDE,2226101.1438858826,110,512519.46367209987,1101791.4068654526,512519.5002852014,1101791.4781165167,0.036613101547118276,0.0712510640732944,0.08010763594362462
505383331984,No aplica,Fuera ASP,Santa Cruz,2314.4327083621174,6,326307.09457083076,1135855.5516786822,326307.09529919707,1135855.471661786,7.283663144335151e-4,-0.08001689612865448,0.08002021109414723
3-1676082-2013,FUERA_ASP,FUERA ASP,TOBOSI,456169.7676941664,82,501719.407699792,1083735.177819645,501719.4586897577,1083735.23942408,0.05098996567539871,0.06160443485714495,0.0799692628054464
A-0608976-1986,NO_APLICA,FUERA ASP,DOS_RIOS,810899.050179095,60,357401.5883647104,1213222.181274035,357401.52704176784,1213222.1299514212,-0.06132294255075976,-0.05132261384278536,0.07996570499119886
SJ-0576937-1985,NO_HAY_DATOS,NO HAY DATOS,SAN_ANDRES,429113.511765186,16,490819.72598373145,1073327.2790581489,490819.78501777444,1073327.331248588,0.05903404299169779,0.0521904390770942,0.07879632074535907
G-0009936-1974,NO_APLICA,FUERA ASP,NICOYA,42547.323231624905,19,330623.94556069304,1122959.5118798765,330623.95708198746,1122959.4348257002,0.01152129442198202,-0.07705417624674737,0.07791075857815018
A-0516798-1983,RINCON_DE_LA_VIEJA,PARQUE NACIONAL,DOS_RIOS,248731.9971699342,14,349002.4780844087,1200285.4412164653,349002.4270434248,1200285.3825183064,-0.05104098387528211,-0.058698158944025636,0.07778596209069413
P-1312926-2008,CABO_BLANCO,RESERVA NACIONAL ABSOLUTA,COBANO,605520.0307176523,118,375184.9399338162,1060464.875570489,375185.0045424389,1060464.8324039485,0.06460862269159406,-0.04316654056310654,0.07770215151648689
600130811955,CAbo Blanco,Reserva Biologica,Paquera,1810946.2140718699,18,377725.0107721533,1059200.8997470958,377725.0765271754,1059200.8585948688,0.06575502204941586,-0.04115222697146237,0.07757079804559136
G-0570676-1999,DIRIA,PARQUE NACIONAL,SANTA_CRUZ,3934632.019966618,201,330991.0796142085,1127008.9659980943,330991.08782504784,1127008.8894586342,0.00821083935443312,-0.07653946010395885,0.07697861284739947
P-0349454-1979,CABO_BLANCO,RESERVA NACIONAL ABSOLUTA,COBANO,15658.201090454007,23,379133.8125329105,1059828.7862679646,379133.87781237275,1059828.7462436394,0.06527946225833148,-0.040024325251579285,0.07657254602389248
P-0010697-1975,CABO_BLANCO,RESERVA NACIONAL,COBANO,770651.715938814,33,378754.2385919388,1060368.1178496054,378754.3034255376,1060368.0776141093,0.06483359879348427,-0.04023549612611532,0.07630393620927511
C-539104-1984,BRAULIO_CARRILLO,PARQUE NACIONAL,SANTA_ROSA,1817706.4187577313,10,511195.1084156527,1113984.7258908604,511195.1349599749,1113984.796573971,0.02654432220151648,0.07068311050534248,0.07550300094597814
SJ-0217678-1994,CARAIGRES,ZONA PROTECTORA,LEGUA,3603662.548989465,156,486566.20681776974,1074895.5497142503,486566.2643796733,1074895.5984922722,0.057561903551686555,0.04877802194096148,0.07544977246464422
G-0539915-1999,N/A,FUERA ASP,BELEN,53682.0552876305,21,332383.1332131136,1149695.6855941878,332383.1229193511,1149695.6111463823,-0.010293762490618974,-0.07444780552759767,0.07515608620789321
A-1332010-2009,RINCON_DE_LA_VIEJA,PARQUE NACIONAL,AGUAS_CLARAS,1815778.690950688,98,354628.1703786399,1201365.765640769,354628.1186625582,1201365.7115944943,-0.05171608168166131,-0.05404627462849021,0.07480342843561683
1-600333-1999,NA,FUERA ASP,LEGUA,350155.82089281996,23,481760.95210788224,1072155.3647356194,481761.0117131646,1072155.4094699353,0.05960528238210827,0.04473431594669819,0.07452481942997168
P-1294613-2008,NO_APLICA,FUERA ASP,COBANO,479523.1596435923,74,373120.996230935,1066486.3435873094,373121.0558095542,1066486.298961041,0.05957861919887364,-0.04462626832537353,0.07443867066446466
C-507536-1983,BRAULIO_CARRILLO,PARQUE NACIONAL,SANTA_ROSA,4418898.1880515665,13,510230.80681971746,1115361.5064647312,510230.8322131485,1115361.5763996483,0.025393431016709656,0.06993491714820266,0.07440241242947947
A-0493678-1983,RINCON_DE_LA_VIEJA,PARQUE NACIONAL,AGUAS_CLARAS,1298918.7693664166,34,354654.43550613977,1199833.8475374402,354654.38503921777,1199833.7934186251,-0.05046692199539393,-0.054118815110996366,0.07399835379727973
SJ-0198198-1994,BRAULIO_CARRILLO,PARQUE NACIONAL,CASCAJAL,1508367.1165532246,31,507132.3752579464,1111921.5517497235,507132.40332555084,1111921.619019879,0.02806760446401313,0.06727015553042293,0.0728907692745493
1-219802-1994,NA,FUERA ASP,SABANILLAS,2230831.8427271964,50,477841.6591814668,1071655.3732079135,477841.7190384185,1071655.4146823739,0.05985695170238614,0.04147446039132774,0.07282160072295583
G-1215316-2008,RINCON_DE_LA_VIEJA,PARQUE NACIONAL,LIBERIA/CANAS_DULCES/CURUBANDE,27451292.043390512,32,351981.5793524942,1193832.5417867054,351981.53370727046,1193832.485223959,-0.04564522375585511,-0.05656274640932679,0.07268308422933008
A-0937077-1991,RINCON_DE_LA_VIEJA,PARQUE NACIONAL,AGUAS_CLARAS,126465.00590653956,25,358704.52151670726,1200433.8453146433,358704.470685739,1200433.7945531902,-0.05083096824819222,-0.05076145310886204,0.07183670687588571
G-0528133-1984,RINCON_DE_LA_VIEJA,PARQUE NACIONAL,CURUBANDE,1675029.2453362118,27,352786.66754296614,1192849.6002098138,352786.6227324677,1192849.5442778138,-0.04481049842434004,-0.05593200004659593,0.07166846864730812
SJ-0518278-1983,BRAULIO_CARRILLO,PARQUE NACIONAL,JESUS,20310344.544886567,56,506876.5226777261,1116190.0364570094,506876.54721198644,1116190.1037078225,0.024534260330256075,0.06725081312470138,0.07158632408418723
G-0543537-1999,NO_APLICA,FUERA ASP,BOLSON,136985.41280699882,53,337328.302081648,1143647.2358273265,337328.29697600694,1143647.1651794612,-0.005105641088448465,-0.07064786530099809,0.07083211448567679
G-1380112-2009,NO_APLICA,FUERA ASP,MONTE_ROMO,911915.2325555682,136,346863.541762131,1102530.6980840648,346863.57066673896,1102530.6335287865,0.028904607985168695,-0.06455527828074992,0.0707309007201332
L-0498327-1998,BRAULIO_CARRILLO,PARQUE NACIONAL,GUAPILES,3369497.9488035757,43,507330.9562189587,1123120.7647565762,507330.9750884312,1123120.8326765907,0.0188694724929519,0.06792001449503005,0.07049244896559745
SJ-1396180-2010,Braulio Carrilo,Parque Nacional,CASCAJAL,7170119.474156,192,504448.07758596033,1113164.2664787315,504448.104513262,1113164.3315807944,0.026927301660180092,0.06510206288658082,0.07045110479464933
L-498326-1998,BRAULIO_CARRILLO,PARQUE NACIONAL,GUAPILES,761292.4273261279,45,506430.19021813857,1123212.8698765056,506430.20898889616,1123212.9370557852,0.018770757596939802,0.06717927963472903,0.06975239747137149
1-009470-1970,BRAULIO_CARRILLO,PARQUE NACIONAL,DULCE_NOMBRE_DE_JESUS,676152.5101033326,17,504736.85740289657,1117638.9542980858,504736.88067709,1117639.0198480044,0.02327419345965609,0.06554991868324578,0.06955918286306728
SJ-0008326-1976,BRAULIO_CARRILLO,PARQUE NACIONAL,JESUS,232739.19087952375,9,503099.82292213594,1112642.7857918472,503099.8502357321,1112642.849762584,0.027313596161548048,0.06397073692642152,0.06955780127480714
G-960903-1991,NO_HAY_DATOS,NO HAY DATOS,BEJUCO,686695.0684103472,52,355183.0688947215,1091931.3777575586,355183.1068655021,1091931.3195759351,0.03797078056959435,-0.058181623462587595,0.06947576185841078
105031481983,Braulio Carrillo,Parque Nacional,Dulce Nombre de Jesus,58897.324243635405,9,503216.51245721837,1113765.305708934,503216.5388230456,1113765.369781368,0.026365827245172113,0.06407243385910988,0.06928516166505112
SJ-1793-1968,BRAULIO_CARRILLO,PARQUE NACIONAL,NA,2234239.9337262753,167,502585.8062409922,1112386.5458038843,502585.8337286947,1112386.6093586003,0.027487702493090183,0.06355471606366336,0.0692443190614328
509917871991,No aplica,Fuera ASP,Hojancha,901.5544206760824,5,344852.6722793234,1112122.4556794523,344852.6932734954,1112122.3898569401,0.020994172024074942,-0.06582251214422286,0.06908949532275378
SJ-0499771-1983,BRAULIO_CARRILLO,PARQUE NACIONAL,DULCE_NOMBRE_DE_JESUS,467744.99802507553,17,502068.04297053226,1111542.0030578051,502068.07118565193,1111542.0661145633,0.028215119673404843,0.06305675813928246,0.06908145717354637
1-104236-1960,BRAULIO_CARRILLO,PARQUE NACIONAL,DULCE_NOMBRE_DE_JESUS,242897.45693350415,36,504524.4789410818,1119047.2114655469,504524.5010661788,1119047.2768860569,0.02212509699165821,0.0654205100145191,0.06906057520358541
100253901956,Braulio Carrillo,Parque Nacional,San Jeronimo,499999.23290105164,5,505440.3569063635,1122885.0591653073,505440.3759244864,1122885.1255171306,0.019018122868146747,0.06635182327590883,0.06902357169449697
1-582510-1985,BRALUO_CARRILLO,PARQUE NACIONAL,JESUS,342275.46856592223,11,504461.15448218887,1119474.2940448725,504461.1762336323,1119474.3594843582,0.021751443448010832,0.06543948571197689,0.06895978235406519
105031481983,Braulio Carrillo,Parque Nacional,Dulce Nombre de Jesus,463440.83695714513,9,502762.48716757505,1113970.2067516646,502762.51334180863,1113970.2705202787,0.026174233586061746,0.06376861408352852,0.06893131832448669
SJ-10961-1976,BRAULIO_CARRILLO,PARQUE NACIONAL,SAN_JERONIMO,489796.23044759035,5,505453.9373476342,1123410.4916339824,505453.9558750393,1123410.557996256,0.01852740510366857,0.06636227364651859,0.06890004429179171
G-0892615-1990,NO_HAY_DATOS,NO HAY DATOS,BEJUCO,62702.78645872449,16,354792.38296464283,1093973.0419161895,354792.41922451265,1093972.983455309,0.03625986981205642,-0.058460880536586046,0.06879282456695804
G-0892629-1990,NO_HAY_DATOS,NO HAY DATOS,BEJUCO,58100.651139502064,12,354974.05375866283,1093814.182622594,354974.09019160684,1093814.1242939055,0.03643294400535524,-0.058328688610345125,0.06877205336399339
SJ-0012368-1974,BRAULIO_CARRILLO,PARQUE NACIONAL,DULCE_NOMBRE_DE_JESUS,1155900.3433470428,23,503717.41100179526,1117786.4316292186,503717.4341270298,1117786.4963490162,0.02312523452565074,0.06471979757770896,0.06872720473266733
SJ-0000078-1982,LA_CANGREJA,PARQUE NACIONAL,IPIS,148.9947302294313,6,496634.6589053151,1100990.9809527474,496634.69550513563,1100991.039082301,0.036599820537958294,0.05812955368310213,0.06869200735753328
SJ-0845247-1989,BRAULIO_CARRILLO,PARQUE NACIONAL,JESUS_DE_DULCE_NOMBRE,540708.9870849752,8,505231.39413133543,1123992.507756865,505231.4122042707,1123992.5739761048,0.018072935286909342,0.06621923996135592,0.06864123200339901
G-1004366-2005,MONTE_ALTO,ZONA PROTECTORA,HOJANCHA,13535.393553309259,20,347466.0618512214,1107248.6209107833,347466.0869297196,1107248.5570314545,0.025078498176299036,-0.06387932877987623,0.06862579483070602
G-1004366-2005,MONTE_ALTO,ZONA PROTECTORA,HOJANCHA,321150.54404779477,64,347661.23859127075,1107439.5227357235,347661.2635341177,1107439.4590263586,0.024942846968770027,-0.06370936497114599,0.068418044403024
SJ-1793-1968,BRAULIO_CARRILLO,PARQUE NACIONAL,NA,914750.7743262826,124,501461.5070680605,1112323.888888592,501461.53455750947,1112323.9515003874,0.02748944895574823,0.06261179549619555,0.06838060206775091
1-488679-1982,NO_HAY_DATOS,NO HAY DATOS,JESUS,1898753.313681297,21,501958.0243038823,1113788.5375287822,501958.0506179923,1113788.6006080117,0.02631410997128114,0.06307922955602407,0.06834779868409997
SJ-0012564-1974,BRAULIO_CARRILLO,PARQUE NACIONAL,DULCE_NOMBRE_DE_JESUS,789336.7997923195,24,502597.1155786559,1117960.4161170877,502597.1385037571,1117960.4798897405,0.022925101162400097,0.06377265276387334,0.06776807141897902
SJ-0536683-1984,BRAULIO_CARRILLO,PARQUE NACIONAL,SAN_JERONIMO,140975.55590207456,25,500053.0685165376,1111535.9128226195,500053.0965778513,1111535.974271042,0.028061313671059906,0.06144842249341309,0.06755254215700997
SJ-0010851-1974,BRAULIO_CARRILLO,PARQUE NACIONAL,DULCE_NOMBRE_DE_JESUS,1996456.5092301965,50,500724.3990982159,1113396.4900719381,500724.4257136472,1113396.552146062,0.026615431299433112,0.06207412388175726,0.06753945542379351
G-1270485-2008,CIPANCI,REFUGIO NACIONAL DE VIDA SILVESTRE,FILADELFIA,59977.086846872764,14,341493.0575773865,1147123.629371661,341493.0497999438,1147123.5622844293,-0.007777442689985037,-0.06708723166957498,0.0675365476455765
G-1462416-2010,RINCON_DE_LA_VIEJA,PARQUE NACIONAL,LIBERIA/AGUAS_CLARAS/MOGOTE,15303700.549591009,292,357760.59865825984,1190898.9959859464,357760.5556500127,1190898.94403984,-0.0430082471575588,-0.05194610636681318,0.06743965665865992
SJ-0008820-1970,NO_HAY_DATOS,NO HAY DATOS,GUADALUPE,145.57193409979527,6,493868.46669496235,1099852.8190515176,493868.5041083426,1099852.8748920849,0.03741338022518903,0.05584056722000241,0.06721554855333826
SJ-0523830-1983,BRAULIO_CARRILLO,PARQUE NACIONAL,SAN_JERONIMO,563546.3277146518,36,499503.6821761505,1111777.9550652935,499503.71003805735,1111778.0160539872,0.027861906855832785,0.06098869373090565,0.067051522105358
100038891965,Braulio Carrillo,Parque Nacional,Dulce Nombre de Jesus,993586.6538587958,24,501704.90944123705,1118010.2422657232,501704.9322745031,1118010.3053049105,0.022833266062662005,0.06303918734192848,0.06704697741001504
SJ-0011168-1974,BRAULIO_CARRILLO,PARQUE NACIONAL,DULCE_NOMBRE,620985.2545645023,21,500143.0142679556,1113647.0306328207,500143.0406053219,1113647.0922156526,0.026337366260122508,0.06158283189870417,0.06697836998751086
SJ-0356522-1979,BRAULIO_CARRILLO,PARQUE NACIONAL,SAN_JERONIMO,9120.567447151989,5,498911.7347590016,1111565.587716233,498911.7627499999,1111565.6481861,0.02799099829280749,0.060469866963103414,0.06663408133953208
SJ-354741-1979,BRAULIO_CARRILLO,PARQUE NACIONAL,SAN_JERONIMO,135877.3693889256,17,498788.2902248407,1111665.2486191872,498788.31813882,1111665.3090193004,0.02791397931287065,0.06040011323057115,0.06653843941170537
100038881965,Braulio Carrillo,Parque Nacional,Dulce Nombre de Jesus,997107.1697915567,15,500666.3456082249,1116979.564245366,500666.3692664999,1116979.6263961168,0.023658274963963777,0.062150750774890184,0.06650135183703432
1-3885-1965,Braulio Carrillo,Parque Nacional,Dulce Nombre de Jesus,999236.6811665534,26,501035.40632443246,1118467.6562700968,501035.4287662555,1118467.7187828328,0.022441823035478592,0.06251273606903851,0.06641895506550075
G-1462417-2010,RINCON_DE_LA_VIEJA,PARQUE NACIONAL,LIBERIA/MOGOTE,2870038.359426205,171,357920.95115450275,1188962.2729486937,357920.9097137137,1188962.2210552618,-0.041440789063926786,-0.05189343192614615,0.0664098432110364
SJ-000669-1987,NO_APLICA,FUERA ASP,CARMEN,26299.87272072048,144,492062.2684741464,1098992.2284739206,492062.3065086641,1098992.282802864,0.03803451772546396,0.05432894336991012,0.06631936840998663
P-1249834-2007,NO_APLICA,FUERA ASP,COBANO,1311506.2149555646,126,378408.69568653917,1075233.3943850007,378408.7483564592,1075233.3544928378,0.05266992002725601,-0.03989216289483011,0.06607196936754045
SJ-0511165-1983,BRAULIO_CARRILLO,PARQUE NACIONAL,SAN_JERONIMO,294725.7972510393,31,498080.2626889407,1111617.1822530704,498080.29061826086,1111617.2420705922,0.02792932017473504,0.05981752183288336,0.06601653462315588
H-591900-1985,BRAULIO_CARRILLO,PARQUE NACIONAL,VARABLANCA,983742.1277303398,6,500143.2813804331,1117878.3910909153,500143.30425644456,1117878.452898001,0.02287601144053042,0.06180708575993776,0.06590468685581914
100038841965,Braulio Carrillo,Parque Nacional,Dulce Nombre de Jesus,1000000.0403621495,12,500098.61743685516,1117734.7325814161,500098.64046175044,1117734.7943324647,0.02302489528665319,0.06175104854628444,0.06590400442709776
1-3887-1965,Braulio Carrillo,Parque Nacional,NA,1001612.6591609081,12,499641.8831895001,1116419.3052825758,499641.9072318817,1116419.3665710506,0.02404238161398098,0.06128847482614219,0.06583550151845853
A-0436496-1981,RINCON_DE_LA_VIEJA,PARQUE NACIONAL,AGUAS_CLARAS,285598.74987557344,14,362924.75736953254,1194158.7772709832,362924.71192160726,1194158.7296992335,-0.04544792528031394,-0.04757174965925515,0.06579198490642946
A-0209193-1994,NO_HAY_DATOS,NO HAY DATOS,AGUAS_CLARAS,1807.4610247840174,9,364819.830087875,1196106.1701684943,364819.7831083107,1196106.1242111737,-0.046979564300272614,-0.04595732060261071,0.06572027677067858
SJ-0511165-1983,BRAULIO_CARRILLO,PARQUE NACIONAL,SAN_JERONIMO,50250.19465024583,38,497730.2989027308,1111852.580285039,497730.32661526144,1111852.6398265136,0.027712530631106347,0.05954147456213832,0.06567474055535942
SJ-1135391-000,NO_APLICA,FUERA ASP,CHIRES,61318.2337177936,47,451898.36352292233,1067079.3033187203,451898.4260078994,1067079.323330362,0.06248497706837952,0.02001164178363979,0.0656112655426843
H-0378201-1980,BRAULIO_CARRILLO,PARQUE NACIONAL,SAN_JOSE,131768.67144981027,13,497464.0940520642,1111687.492016341,497464.1218810898,1111687.551362993,0.027829025639221072,0.05934665189124644,0.06554753815918038
SJ-0511554-1983,BRAULIO_CARRILLO,PARQUE NACIONAL,JESUS,273051.07581869885,48,497861.31666147336,1112743.866215842,497861.34364828526,1112743.9259067057,0.02698681189212948,0.05969086359255016,0.06550791717438138
1-3886-1965,BRAULIO_CARRILLO,PARQUE NACIONAL,NA,995769.8465950598,11,499174.4693374026,1117394.468417556,499174.49259953655,1117394.5294016087,0.023262133938260376,0.0609840527176857,0.06527006634924645
A-0413710-1980,RINCON_DE_LA_VIEJA,PARQUE NACIONAL,AGUAS_CLARAS,381191.40243525244,18,362768.34945134044,1192955.8020439257,362768.304993547,1192955.7543175698,-0.04445779346860945,-0.04772635595872998,0.06522499868299679
4-7491-1946,NA,NA,NA,2228707.882453803,22,497919.7279563888,1113893.9203290502,497919.7540056257,1113893.980115951,0.026049236941616982,0.059786900877952576,0.06521530695956762
H-312-1984,BRAULIO_CARRILLO,Parque Nacional,VARA_BLANCA,1041034.8900706023,9,498770.3924687969,1116469.4222922046,498770.41643117595,1116469.4829406382,0.023962379025761038,0.060648433631286025,0.06521064415034357
G-1512007-2011,RINCON_DE_LA_VIEJA,PARQUE NACIONAL,LIBERIA/AGUAS_CLARAS/MOGOTE,8461323.95730878,169,360968.5650742457,1189910.2109717352,360968.5229966118,1189910.1616267192,-0.04207763390149921,-0.0493450160138309,0.06484950177259517
G-1425715-2010,MATA_REDONDA,REFUGIO NACIONAL DE VIDA SILVESTRE,SAN_ANTONIO,5081258.178927642,76,344914.0586189488,1140838.6487543425,344914.05610683974,1140838.584194953,-0.002512109058443457,-0.06455938937142491,0.064608245974742
1-748447-1988,LA CANGREJA,PARQUE NACIONAL,9,14618.477451598272,22,460429.7525165478,1072570.5966519353,460429.81088168424,1072570.623873923,0.05836513644317165,0.027221987722441554,0.06440128700259648
1-931481-2004,LA CANGREJA,PARQUE NACIONAL,9,359573.92585073586,160,460045.5797278784,1072567.746897671,460045.63806491863,1072567.7738141122,0.05833704024553299,0.026916441274806857,0.06424721842624054
SJ-0506385-1998,LA_CANGREJA,PARQUE NACIONAL,CHIRES,19212.30344673246,8,460745.38903660874,1073136.4653060553,460745.446941693,1073136.4928005133,0.057905084278900176,0.02749445801600814,0.06410104528742544
1-660991-1986,CERROS_DE_ESCAZU,ZONA PROTECTORA,SAN_ANTONIO,205950.23060092703,39,483263.92811588926,1091664.1380761934,483263.97177432745,1091664.1848759325,0.04365843819687143,0.04679973912425339,0.06400214690061745
SJ-1101221-2006,LA_CANGREJA,PARQUE NACIONAL,CHIRES,345985.28624170646,49,460341.090686853,1073114.4732587917,460341.1485818744,1073114.5004364809,0.05789502139668912,0.027177689131349325,0.063956706364879
SJ-0786106-2002,LA_CANGREJA,PARQUE NACIONAL,CHIRES,125815.08570636064,27,460646.70666165365,1073412.359476955,460646.76433131134,1073412.3869249965,0.05766965768998489,0.027448041597381234,0.0638684930588753
SJ-0156948-1993,LA_CANGREJA,PARQUE NACIONAL,CHIRES,5586834.42645944,128,458263.78999733855,1072404.7604820384,458263.84839445405,1072404.7859258049,0.058397115499246866,0.025443766498938203,0.06369935911989122
H-20533-1953,BRAULIO_CARRILLO,PARQUE NACIONAL,NA,422649.80239836045,84,496772.707994361,1116299.7639995986,496772.7320034082,1116299.82296074,0.024009047192521393,0.058961141388863325,0.06366200233239802
H-1837757-2015,BRAULIO_CARRILLO,PARQUE NACIONAL,HORQUETAS,482583.47758385213,40,500691.6575419492,1147429.168893787,500691.65620021685,1147429.2323682269,-0.0013417323352769017,0.06347443978302181,0.06348861907009783
4-845612-1989,BRAULIO_CARRILLO,PARQUE NACIONAL,VARA_BLANCA,1422122.792561788,20,495738.3553521251,1114721.5291335331,495738.3806671656,1114721.587169294,0.025315040547866374,0.05803576088510454,0.06331667094417669
H-0042868-1992,NO_HAY_DATOS,NO HAY DATOS,PUERTO_VIEJO,443.8819889440201,5,499215.97743635287,1156267.7059542849,499215.96870513615,1156267.7685748425,-0.008731216716114432,0.06262055761180818,0.06322632664450421
SJ-0533531-1998,LA_CANGREJA,PARQUE NACIONAL,CHIRES,71848.41022339277,23,456756.41831795854,1072341.082468249,456756.4766977859,1072341.1066746912,0.05837982735829428,0.024206442292779684,0.06319933615836418
110976712006,La Cangreja,Parque Nacional,Chires,463175.39835584164,47,460014.5194772381,1074056.721035043,460014.5766014559,1074056.747976877,0.0571242177975364,0.026941834017634392,0.06315883690517216
H-1603874-2012,NO_APLICA,FUERA ASP,SANTA_ROSA,8197.431205310451,23,489784.48807988706,1102703.7131750036,489784.52299780876,1102703.7657932988,0.034917921700980514,0.05261829518713057,0.0631501879990536
4-7712-1948,NA,NA,NA,505936.6084815721,79,496135.76037619525,1116397.3472242341,496135.7843197622,1116397.4056479563,0.023943566950038075,0.05842372216284275,0.06313973162480183
H-0011228-1976,BRAULIO_CARRILLO,PARQUE NACIONAL,HORQUETAS,1714088.647375051,11,499577.90052110265,1130109.9790133599,499577.9133291658,1130110.0408241367,0.012808063125703484,0.06181077682413161,0.06312383553488024
H-1603763-2012,NO_APLICA,FUERA ASP,SANTA_ROSA,41535.28678667918,31,489757.78978782607,1102809.1790249413,489757.8245744304,1102809.2316246245,0.03478660434484482,0.05259968317113817,0.06306214800931612
H-01603761-2012,NO_APLICA,FUERA ASP,SANTA_ROSA,9441.802763908403,27,489793.4893166312,1102951.606286973,489793.52401947,1102951.6589212213,0.034702838747762144,0.052634248277172446,0.0630448341171282
SJ-0982810-2005,LA_CANGREJA,PARQUE NACIONAL,CHIRES,637000.1253863033,80,456515.723825805,1072446.895772934,456515.7821097393,1072446.919775796,0.058283934311475605,0.024002861930057406,0.06303296264382473
H-0657706-1686,NO_HAY_DATOS,NO HAY DATOS,SANTA_ROSA,3524.9644929673523,7,489658.70787733205,1102911.5625014922,489658.74258787604,1102911.615017294,0.034710543986875564,0.052515801740810275,0.06295022872353137
SJ-0330876-1996,LA_CANGREJA,PARQUE NACIONAL,CHIRES,345645.81773318537,13,459568.8225779928,1074316.1829638241,459568.87947850244,1074316.209590696,0.056900509633123875,0.026626871898770332,0.0628224347158143
SJ-0893425-2003,LA_CANGREJA,PARQUE NACIONAL,CHIRES,57917.52963337768,22,461375.57281603146,1075363.4130955993,461375.62892184156,1075363.4412353323,0.056105810101144016,0.028139733010903,0.06276708134866985
SJ-0411707-1997,LA_CANGREJA,PARQUE NACIONAL,CHIRES,348797.7581613045,28,458924.2657767354,1074049.5690985005,458924.3228793871,1074049.5951375202,0.05710265174275264,0.02603901969268918,0.06275940871781972
H-705503-1987,BRAULIO_CARRILLO,PARQUE NACIONAL,HORQUETAS,1279667.8172225123,55,499426.39624688466,1134062.78796027,499426.4058520744,1134062.849873078,0.009605189727153629,0.06191280810162425,0.06265345542524503
H-631110-1986,BRAULIO_CARRILLO,PARQUE NACIONAL,LA_VIRGEN,680087.5536330491,61,499288.9033167318,1150246.247738096,499288.8995893079,1150246.3102255857,-0.003727423900272697,0.062487489776685834,0.06259856282314907
SJ-1039482-2005,LA_CANGREJA,PARQUE NACIONAL,CHIRES,915393.3152244706,69,457756.56696253625,1073762.119828388,457756.62422407046,1073762.1449012153,0.057261534209828824,0.02507282723672688,0.06251023888697076
SJ-0671938-2000,LA_CANGREJA,PARQUE NACIONAL,CHIRES,442932.49523732066,24,461162.4416459672,1075649.162627496,461162.4975234012,1075649.190552746,0.05587743403157219,0.027925249887630343,0.06246684892996685
H-790-1976,BRAULIO_CARRILLO,PARQUE NACIONAL,LA_VIRGEN,2087587.4507270083,6,499369.6859396557,1148027.1956075833,499369.68401812564,1148027.2580266965,-0.0019215300562791526,0.062419113237410784,0.06244868273312011
SJ-0863464-2003,LA_CANGREJA,PARQUE NACIONAL,CHIRES,895824.0837567076,84,456239.1293407459,1073114.0479962847,456239.1870515836,1073114.0718039423,0.057710837689228356,0.023807657649740577,0.06242872215222502
4-823780-1989,BRAULIO_CARRILLO,PARQUE NACIONAL,VARA_BLANCA,1451180.270661518,31,494524.66110215115,1114646.588966551,494524.68635396473,1114646.6460229992,0.025251813582144678,0.0570564481895417,0.0623946501648438
500873311992,Barra Honda,Parque Nacional,Nicoya,16325.093179716825,36,349754.4042097887,1123960.7791512501,349754.41567584686,1123960.7178437524,0.011466058145742863,-0.061307497788220644,0.06237050404200879
G-0087333-1992,BARRA_HONDA,PARQUE NACIONAL,NICOYA,146701.33570149704,51,349760.69494211953,1124159.729733123,349760.7062425086,1124159.6684468077,0.011300389072857797,-0.0612863153219223,0.062319429064586686
G-0087335-1992,BARRA_HONDA,PARQUE NACIONAL,SAN_ANTONIO,43748.56574807409,23,349723.6600514896,1124524.4395840764,349723.6711227769,1124524.3782843435,0.011071287328377366,-0.06129973288625479,0.06229149745377515
SJ-0012196-1973,LA_CANGREJA,PARQUE NACIONAL,MERCEDES_SUR,1175561.2943104305,74,458706.0941646457,1074557.2075215497,458706.1507983914,1074557.2334148593,0.05663374566938728,0.025893309619277716,0.062272342428919616
G-0087334-1992,BARRA_HONDA,PARQUE NACIONAL,NICOYA/SAN_ANTONIO,74451.92429408412,33,349793.48625514813,1124374.6898737652,349793.4974541612,1124374.6286251657,0.011199013039004058,-0.0612485995516181,0.06226402524798935
G-0184050-1994,BARRA_HONDA,PARQUE NACIONAL,NICOYA,36661.4375681486,35,349923.2638352656,1123826.1681962372,349923.27544394776,1123826.1070427643,0.011608682165388018,-0.06115347286686301,0.06224555201213295
G-1332881-2009,LOMAS_DE_BARBUDAL,RESERVA BIOLOGICA,BAGACES,6650360.4356291965,207,350021.0479705866,1160112.6101971285,350021.0298675612,1160112.5506423365,-0.018103025387972593,-0.05955479200929403,0.06224542376326032
500889451992,Barra Honda,Parque Nacional,San Antonio,95269.555178944807,29,349792.7576682181,1124695.0838210757,349792.76857668295,1124695.0225944656,0.010908464842941612,-0.06122661009430885,0.06219077414593113
4-7713-1948,BRAULIO_CARRILLO,PARQUE NACIONAL,05,580792.1647715662,71,495211.25367087225,1117321.6144971203,495211.27681670734,1117321.6721849951,0.02314583508996293,0.057687874883413315,0.06215802917223251
SJ-1441282-2010,NO_HAY_DATOS,NO HAY DATOS,MERCEDES_SUR,192844.85455489717,20,461501.133878938,1076323.0859550491,461501.18920517276,1076323.114275544,0.055326234782114625,0.02832049480639398,0.06215338028816018
116375412013,LA_CANGREJA,PARQUE NACIONAL,CHIRES,181429.84565879125,36,460882.64303027844,1076005.5480295029,460882.69859120465,1076005.5757876742,0.055560926208272576,0.027758171316236258,0.062109037956988446
G-0008618-1974,BARRA_HONDA,PARQUE NACIONAL,SAN_ANTONIO,185198.94289793633,29,349899.7329254092,1124875.254931655,349899.7436826073,1124875.1937819095,0.010757198091596365,-0.06114974548108876,0.06208871623075951
501840491994,Barra honda,Parque Nacional,Nicoya,113489.98247477014,86,350134.05721686274,1123824.201148426,350134.0688498879,1123824.1401627553,0.011633025133050978,-0.06098567065782845,0.06208525830929041
G-0189365-1994,BARRA_HONDA,PARQUE NACIONAL,SAN_ANTONIO,102912.06558744982,69,349716.4525181798,1125772.0889397648,349716.46252292977,1125772.0276861864,0.010004749987274408,-0.061253578402101994,0.062065255089867495
SJ-0030344,NO_HAY_DATOS,NO HAY DATOS,MERECEDES_SUR,129933.60146318935,11,457023.97742799233,1074045.6658680926,457024.0344222421,1074045.690387082,0.05699424975318834,0.024518989492207766,0.062044543278581755
SJ-1134696-2007,LA_CANGREJA,PARQUE NACIONAL,CHIRES,471445.51431294903,25,456688.44432431797,1073887.1733813216,456688.5014482363,1073887.1975813413,0.057123918319121,0.024200019659474492,0.062038560554292035
G-0122328-1993,BARRA_HONDA,PARQUE NACIONAL,SAN_ANTONIO,5022.24072827067,13,349810.0628815466,1126043.5867024981,349810.07267363224,1126043.5255135263,0.009792085620574653,-0.06118897185660899,0.06196753357742707
SJ-0895045-1990,LA_CANGREJA,PARQUE NACIONAL,CHIRES,312369.162621662,26,460580.71450688655,1076010.5740401866,460580.7700561303,1076010.6014933484,0.05554924375610426,0.027453161776065826,0.06196284833170543
SJ-0395230-1980,LA_CANGREJA,PARQUE NACIONAL,MERCEDES_SUR,149733.20820120466,28,457896.4319566592,1074706.0890821773,457896.488474851,1074706.1143278729,0.056518191820941865,0.025245695607736707,0.06190033241774454
G-0433620-1981,BARRA_HONDA,PARQUE NACIONAL,SAN_ANTONIO,398584.6843575854,24,350029.9892717707,1125495.0731733087,350029.99951049755,1125495.0121707749,0.010238726856186986,-0.06100253388285637,0.06185580544916252
SJ-1543398-2011,LA_CANGREJA,PARQUE NACIONAL,MERCEDES_SUR_Y_CHIRES,431452.681997344,47,460129.7343551013,1075997.5750691164,460129.7899144179,1075997.6022146237,0.055559316591825336,0.027145507279783487,0.06183620481261327
G-0003158-1972,BARRA_HONDA,PARQUE NACIONAL,SAN_ANTONIO,13946.592386371223,10,350121.005428829,1125283.846103489,350121.01586197846,1125283.7851656496,0.010433149465825409,-0.06093783932738006,0.06182451673620944
H-556030-1984,BRAULIO_CARRILLO,PARQUE NACIONAL,VARA_BLANCA,128419.72092440152,8,493826.4014296815,1114826.9431222833,493826.4265337403,1114826.9995398726,0.025104058790020645,0.056417589308694005,0.06175077449827878
SJ-1541841-2011,LA_CANGREJA,PARQUE NACIONAL,CHIRRES,109726.99685518537,32,458011.7927132627,1074923.6364896493,458011.8490094895,1074923.6618507153,0.05629622680135071,0.025361065985634923,0.061745030731200114
H-0629480-1986,BRAULIO_CARRILLO,PARQUE NACIONAL,LA_VIRGEN,1111031.0751905674,42,498379.2049182918,1149486.8280517457,498379.2017597502,1149486.8897088855,-0.003158541629090905,0.061657139798626304,0.061737988899623605
500891031992,Barra Honda,Parque Nacional,Masion,115860.55490551889,17,350724.6069144784,1123654.639316881,350724.6186902963,1123654.5787794273,0.01177581789670512,-0.06053745374083519,0.061672142759597065
SJ-1100847-2006,LA_CANGREJA,PARQUE NACIONAL,CHIRRES,197433.83876900235,33,456685.3751682735,1074445.4229924765,456685.43182978587,1074445.447239592,0.05666151235345751,0.02424711547791958,0.061631563270621206
H-182509-1994,BRAULIO_CARILLO,PARQUE NACIONAL,LAS_HORQUETAS,519338.8396085216,90,498576.03333053313,1144176.135912648,498576.0345484347,1144176.1975276894,0.0012179015902802348,0.061615041457116604,0.06162707698768298
H-077935-1992,BRAULIO_CARILLO,PARQUE NACIONAL,HORQUETAS,256998.19292423874,17,498481.31547264,1145709.117170521,498481.3154585191,1145709.1787534659,-1.4120887499302626e-5,0.06158294482156634,0.0615829464405167
SJ-1356717-2009,NO_HAY_DATOS,NO HAY DATOS,CHIRES,124971.36585072614,27,456194.6385269586,1074501.05216506,456194.6951693845,1074501.0760225607,0.056642425886821,0.023857500636950135,0.06146173400568915
H-0304348-1978,NO_HAY_DATOS,NO HAY DATOS,LA_VIRGEN/HORQUETAS,999747.9159827232,5,497987.8992587881,1148625.845079489,497987.89680947317,1148625.9064315117,-0.002449314924888313,0.061352022690698504,0.061400894389587395
H-0589331-1985,BRAULIO_CARRILLO,PARQUE NACIONAL,HORQUETAS,2242945.0297686756,6,497928.463038161,1149054.2575201464,497928.4602299373,1149054.318820174,-0.0028082237113267183,0.06130002764984965,0.06136431789146841
SJ-0491960-1998,LA_CANGREJA,PARQUE NACIONAL,CHIRES,525673.5076194612,51,457216.08123146516,1075069.9145485037,457216.1373896521,1075069.9392529551,0.0561581869260408,0.024704451439902186,0.061351869407269284
H-0330041-1978,NO_HAY_DATOS,NO HAY DATOS,HORQUETAS,999581.488912642,10,497928.6051496849,1146995.7334629884,497928.6039937469,1146995.7946854078,-0.001155937963631004,0.06122241937555373,0.061233331011565424
G-1159576-2007,BARRA_HONDA,PARQUE NACIONAL,SAN_ANTONIO,934650.7500467487,103,350853.89108905726,1125777.7065550676,350853.9011778362,1125777.6462234089,0.010088778915815055,-0.06033165869303048,0.06116937551311534
SJ-1029181-2005,LA_CANGREJA,PARQUE NACIONAL,MERCEDES_SUR_CHIRES,1131221.8834974098,64,458756.7524733382,1076255.4679271753,458756.8077273542,1076255.4939449574,0.05525401595514268,0.026017782045528293,0.06107316318760455
H-047946-1992,BRAULIO_CARRILLO,PARQUE NACIONAL,HORQUETAS,1391692.5276850015,94,497877.78970548377,1144774.7404500288,497877.79038945475,1144774.8015040082,6.83970982208848e-4,0.0610539794433862,0.06105781049282662
G-0428296-1981,BARRA_HONDA,PARQUE NACIONAL,MANSION,2612839.8160168435,27,351192.0468588106,1124805.1417612077,351192.0577147706,1124805.0816824876,0.01085596001939848,-0.06007872009649873,0.06105165416576539
G-0008779-1974,BARRA_HONDA,PARQUE NACIONAL,SAN_ANTONIO,171557.3649590034,11,350751.6485587108,1126937.5794387532,350751.65762038704,1126937.5191127763,0.009061676217243075,-0.06032597692683339,0.06100276606878563
G-0122327-1993,BARRA_HONDA,PARQUE NACIONAL,MANSION,502887.47572428733,92,351574.1730634793,1123954.075869199,351574.1846631353,1123954.0160682243,0.011599656019825488,-0.05980097455903888,0.060915585673857624
SJ-0005076-1970,LA_CANGREJA,PARQUE NACIONAL,MERCEDES_SUR,417593.01320493035,50,459975.3634697563,1077246.0998075204,459975.41796823003,1077246.1268679367,0.05449847370618954,0.027060416294261813,0.0608469371975532
407078351987,No aplica,Fuera ASP,San Pablo,631.5903755053878,5,488087.27939790423,1105369.1370584066,488087.31199791434,1105369.1883943165,0.03260001010494307,0.051335909869521856,0.06081230386175203
SJ-0030332-1976,NO_HAY_DATOS,NO HAY DATOS,MERCEDES_SUR,195824.82027759217,36,457082.0860967773,1075758.5753269717,457082.14166709007,1075758.5999462947,0.05557031277567148,0.024619322968646884,0.06077969007341598
H-0330042-1978,BRAULIO_CARRILLO,PARQUE NACIONAL,HORQUETAS,499946.2690092623,5,497335.9385203933,1147501.1267495714,497335.9369301706,1147501.187468341,-0.0015902227023616433,0.060718769673258066,0.06073959004535073
G-1332874-2009,LOMAS_DE_BARBUDAL,RESERVA BIOLOGICA,BAGACES,2856912.3536011064,77,351576.6676392838,1158581.9418727,351576.65085988556,1158581.8835270246,-0.01677939825458452,-0.05834567523561418,0.060710510000210965
H-0289189-1977,BRAULIO_CARRILLO,PARQUE NACIONAL,LA_VIRGEN,2325186.227229789,92,497105.0949139843,1149035.454380093,497105.0920760454,1149035.5149955733,-0.002837938896846026,0.06061548041179776,0.06068187837184401
G-0008776-1974,BARRA_HONDA,PARQUE NACIONAL,SAN_ANTONIO,124174.34772736859,26,351067.504691955,1127999.5274634794,351067.5129848553,1127999.467380952,0.008292900281958282,-0.060082527343183756,0.06065214165246704
SJ-0682642-2001,LA_CANGREJA,PARQUE NACIONAL,MERCEDES_SUR,189813.08466929942,19,458112.04319715715,1076601.220187093,458112.09814556915,1076601.2457187604,0.054948411998339,0.025531667517498136,0.060590378999996974
H-0066679-1992,BRAULIO_CARRILLO,PARQUE NACIONAL,LAS_HORQUETAS,252547.67667982075,25,497329.2093550489,1143557.681937667,497329.21102542063,1143557.7424755292,0.0016703717410564423,0.06053786212578416,0.06056090234230144
SJ-0601180-1999,LA_CANGREJA,PARQUE NACIONAL,MERCEDES_SUR_CHIRES,256465.54818882045,41,457591.9543191998,1076369.2306944705,457592.0094427765,1076369.2557745404,0.05512357671977952,0.02508006989955902,0.060560867039270376
G-0008775-1974,BARRA_HONDA,PARQUE NACIONAL,SAN_ANTONIO,115078.49348378321,17,351196.09837065183,1128065.6180526009,351196.10660733696,1128065.5580674943,0.008236685127485543,-0.05998510657809675,0.06054796440075395
H-330845-1978,BRAULIO_CARRILLO,PARQUE NACIONAL,LA_VIRGEN,598262.8392552361,10,496799.26476880885,1150596.987833411,496799.26061446284,1150597.048228511,-0.004154346010182053,0.060395099921151996,0.06053781202899763
G-0364958-1996,NO_APLICA,FUERA ASP,BAGACES,16649.570365925832,6,351116.3036622715,1155203.5717824113,351116.2896061116,1155203.5129330824,-0.014056159881874919,-0.058849328896030784,0.06050470347120159
SJ-0501941-1998,LA_CANGREJA,PARQUE NACIONAL,CHIRES,2796.234784487373,17,456805.0848438832,1076091.496927867,456805.1401608238,1076091.5213732868,0.05531694064848125,0.02444541989825666,0.060477619634949915
H-28984-1976,BRAULIO_CARRILLO,PARQUE NACIONAL,LA_VIRGEN,999892.3413205147,5,497073.79070491606,1146306.6899126256,497073.79012606473,1146306.7503557985,-5.788513226434588e-4,0.0604431729298085,0.060445944633833466
H-27456-1976,BRAULIO_CARRILLO,PARQUE NACIONAL,HORQUETAS,932614.4718929175,48,497165.51998499845,1142718.618038768,497165.52234804456,1142718.6784372798,0.0023630461073480546,0.0603985118214041,0.06044472034136433
SJ-0815626-2002,LA_CANGREJA,PARQUE NACIONAL,MERCEDES_SUR,40637.29349888101,14,458265.0962427011,1076834.212852708,458265.15099197126,1076834.2384658684,0.054749270144384354,0.025613160338252783,0.06044432615106087
H-948847-2004,NO_HAY_DATOS,NO HAY DATOS,NA,579878.4118417837,27,497000.1319449569,1136636.9895700344,497000.13929131243,1136637.0495505687,0.007346355530899018,0.05998053424991667,0.06042874670628043
G-0356001-1996,NO_APLICA,FUERA ASP,BAGACES,12926.763907514513,8,351262.8470587001,1155219.229858865,351262.83297701355,1155219.1711104463,-0.014081686560530216,-0.058748418698087335,0.060412503638856044
G-0364931-1996,NO_APLICA,FUERA ASP,BAGACES,5353.315571879855,8,351353.0763229745,1155224.8194923026,351353.06227900303,1155224.7607969258,-0.014043971488717943,-0.058695376850664616,0.0603521366549475
SJ-0664744-1987,LA_CANGREJA,PARQUE NACIONAL,MERCEDES_SUR,16552.950287090614,13,457783.6154707456,1076760.6465076173,457783.6702758398,1076760.6717624145,0.054805094201583415,0.02525479719042778,0.06034403973528845
SJ-1710081-2013,LA_CANGREJA,PARQUE NACIONAL,CHIRES,31348.60840471246,70,457225.876323466,1076443.9944064058,457225.93134344294,1076444.0191796508,0.055019976920448244,0.02477324497886002,0.0603399662504817
G-0123989-1993,BARRA_HONDA,PARQUE NACIONAL,MANSION,182290.46592725813,51,351575.50533227145,1127454.0096689118,351575.51404081064,1127453.949997831,0.008708539186045527,-0.059671080904081464,0.060303205147125685
4-2302768-2021,BRAULIO CARRILLO,PARQUE NACIONAL,LA_VIRGEN,54572.90340000205,15,496537.0843255207,1146543.7286064525,496537.08352467493,1146543.7886979782,-8.008457371033728e-4,0.06009152578189969,0.0600968620203364
H-5736-1970,NO_HAY_DATOS,NO HAY DATOS,HORQUETAS,999890.4704630151,5,496604.3195356771,1145067.3096840146,496604.3199343662,1145067.36972031,3.986891242675483e-4,0.060036295326426625,0.0600376191195131
G-0122335-1993,BARRA_HONDA,PARQUE NACIONAL,MANSION,287963.4770438494,51,352492.7147854303,1124955.9418456117,352492.7255680595,1124955.8828180425,0.010782629193272442,-0.05902756913565099,0.06000432493065536
G-0008793-1974,BARRA_HONDA,PARQUE NACIONAL,SAN_ANTONIO,474035.0180012658,35,351973.26400163874,1128156.9407464054,351973.2721561939,1128156.8814295793,0.008154555165674537,-0.059316826052963734,0.059874724408113866
H-0289188-1977,BRAULIO_CARRILLO,PARQUE NACIONAL,LA_VIRGEN,1228101.712098186,63,496255.1051324319,1146922.1959670847,496255.10401370405,1146922.2557986109,-0.0011187278432771564,0.05983152613043785,0.05984198418405418
H-16294-1975,BRAULIO_CARRILLO,PARQUE NACIONAL,LA_VIRGEN,1224338.808071196,7,495869.07406812103,1151005.8305592735,495869.0695710374,1151005.890213412,-0.00449708360247314,0.0596541385166347,0.05982340681614073
400007491975,Braulio Carrillo,Parque Nacional,La Virgen,994472.3802962005,5,495911.26953279413,1150229.0348550389,495911.26569293777,1150229.0945415848,-0.003839856362901628,0.05968654598109424,0.059809934526305855
H-0629481-1986,NO_HAY_DATOS,NO HAY DATOS,LA_VIRGEN,540697.5570514202,22,496076.9258347227,1145428.0997154464,496076.9259094912,1145428.1593132662,7.476849714294076e-5,0.0595978198107332,0.0595978667111566
H-19293-1975,BRAULIO_CARRILLO,PARQUE NACIONAL,LA_VIRGEN,995191.0223170221,8,495764.4505137169,1149077.234155989,495764.44762784446,1149077.293658155,-0.0028858724399469793,0.05950216599740088,0.05957210771931689
H-0629481-1986,NO_HAY_DATOS,NO HAY DATOS,LA_VIRGEN,540697.5570608675,22,496076.9865140736,1145427.8562325675,496076.9865647123,1145427.9158045193,5.0638685934245586e-5,0.05957195186056197,0.059571973383073566
H-0300134-1996,BRAULIO_CARRILLO,PARQUE NACIONAL,HORQUETAS,2031413.2563638464,60,495991.21550588537,1143492.5021741157,495991.21717052156,1143492.5616218126,0.0016646361909806728,0.05944769689813256,0.05947099864758084
H-0616043-1986,BRAULIO_CARRILLO,PARQUE NACIONAL,LA_VIRGEN,531285.2178484723,24,495322.3872435019,1151150.548302379,495322.3825829096,1151150.6075194534,-0.004660592298023403,0.059217074420303106,0.05940019379992048
H-0028980-1976,BRAULIO_CARRILLO,PARQUE NACIONAL,LA_VIRGEN,1007599.9060012102,6,495666.90917453414,1145995.5856728514,495666.90877430927,1145995.6450216053,-4.0022487519308925e-4,0.059348753886297345,0.05935010335127495
H-0616042-1986,BRAULIO_CARRILLO,PARQUE NACIONAL,LA_VIRGEN,362732.80603194237,12,495137.36800682923,1151709.7613923275,495137.3629111937,1151709.8205192853,-0.005095635540783405,0.05912695778533816,0.0593461257245463
H-0638908-1986,BRAULIO_CARRILLO,PARQUE NACIONAL,LA_VIRGEN,292079.83222052455,17,494990.0352180993,1152817.896748238,494990.02916778956,1152817.9557691128,-0.006050309748388827,0.059020874788984656,0.0593301770510459
G-1257163-2008,NO_APLICA,FUERA ASP,SANTA_RITA,198943.29265158632,52,359030.7871403575,1109481.2846269063,359030.8108740544,1109481.2302833684,0.023733696900308132,-0.054343537893146276,0.05930015581176428
H-0308903-1978,BRAULIO_CARRILLO,PARQUE NACIONAL,HORQUETAS,1986024.9482726585,43,495792.294736086,1141481.293177681,495792.2980370121,1141481.3523694368,0.0033009261242114007,0.059191755717620254,0.05928372507030856
G-0738420-2001,PALO_VERDE,PARQUE NACIONAL,BAGACES,88492563.98400539,335,351652.5635927997,1147203.648771295,351652.5561388557,1147203.5900024266,-0.007453944010194391,-0.0587688684463501,0.05923969260362107
H-469434-1982,BRAULIO_CARRILLO,PARQUE NACIONAL,LA_VIRGEN,1042512.7954928565,18,495399.7399994904,1147432.3324569552,495399.738401306,1147432.3916352545,-0.0015981844044290483,0.05917829927057028,0.05919987582713108
H-0638907-1986,BRAULIO_CARRILLO,PARQUE NACIONAL,LA_VIRGEN,136629.1808662538,19,494946.46126824484,1152100.4593993053,494946.4558371483,1152100.5183461546,-0.005431096535176039,0.058946849312633276,0.059196518930260546
H-0622099-1986,BRAULIO_CARRILLO,PARQUE NACIONAL,LA_VIRGEN,237499.89604221657,18,495139.932244489,1148116.0737525949,495139.9300900843,1148116.1327200208,-0.002154404704924673,0.05896742595359683,0.059006768961073666
A-0103923-1993,NO_HAY_DATOS,NO HAY DATOS,AGUAS_CLARAS,299903.27030240744,36,370485.4317090484,1190047.640435831,370485.3899322819,1190047.59887909,-0.041776766476687044,-0.04155674087814987,0.05892589354147576
H-0028891-1976,BRAULIO_CARRILLO,PARQUE NACIONAL,LA_VIRGEN,999892.1536954939,5,495126.6660927758,1145152.0524781323,495126.6663757239,1145152.1113057781,2.829480799846351e-4,0.058827645843848586,0.058828326299030835
H-560826-1984,BRAULIO_CARILLO,PARQUE NACIONAL,LA_VIRGEN,295616.4903290854,19,494839.48112691136,1148852.0401432605,494839.47833850444,1148852.0988902694,-0.0027884069131687284,0.05874700890854001,0.05881314707455712
H-0604273-1985,NO_HAY_DATOS,NO HAY DATOS,LA_VIRGEN,5989.544536542147,10,494713.0917115369,1150060.4551151623,494713.08790931874,1150060.5137990303,-0.0038022181834094226,0.058683868031948805,0.0588069148170981
4-21936-1973,BRAULIO_CARRILLO,PARQUE NACIONAL,NA,2670081.445161946,22,493504.042207727,1126573.8051508372,493504.0576385165,1126573.8618363878,0.015430789499077946,0.05668555060401559,0.05874828433107869
H-0469433-1982,BRAULIO_CARRILLO,PARQUE NACIONAL,LA_VIRGEN,74075.51511405408,17,494864.5411700973,1147311.9505470467,494864.5396791549,1147312.0092737922,-0.0014909423771314323,0.05872674542479217,0.05874566824337157
G-0714022-2001,NO_APLICA,FUERA ASP,BAGACES,433867.0446327152,109,353419.1645358502,1154762.2779894618,353419.1509615667,1154762.2209929335,-0.013574283511843532,-0.0569965282920748,0.0585906597522949
H-0469433-1982,BRAULIO_CARRILLO,PARQUE NACIONAL,LA_VIRGEN,26639.581373378634,12,494743.41345357156,1147441.7876528197,494743.41180256224,1147441.8462038992,-0.0016510093118995428,0.05855107959359884,0.058574352350870475
G-0008787-1974,BARRA_HONDA,PARQUE NACIONAL,QUEBRADA_HONDA,1254583.853679629,22,353580.06322338607,1128193.907211852,353580.0714266634,1128193.8492263977,0.008203277306165546,-0.057985454332083464,0.05856284378904415
H-0612888-1995,BRAULIO_CARRILLO,PARQUE NACIONAL,LA_VIRGEN,109346.47282217443,13,494681.8557562752,1144707.501678481,494681.8563468698,1144707.5601267044,5.905946018174291e-4,0.058448223397135735,0.05845120717543121
4-21935-1973,NA,NA,5,2885097.070410371,29,492591.3815177115,1124645.4851150159,492591.3985264696,1124645.5410230525,0.017008758091833442,0.05590803665108979,0.058438056213448
H-0612887-1985,BRAULIO_CARRILLO,PARQUE NACIONAL,LA_VIRGEN,238158.6664893441,19,494583.01115345425,1145438.2292004197,494583.0111282841,1145438.287522712,-2.5170156732201576e-5,0.058322292286902666,0.05832229771824577
H-0612890-1985,BRAULIO_CARRILLO,PARQUE NACIONAL,LA_VIRGEN,54210.41589585319,16,494382.1520118394,1144887.8872583404,494382.1524503026,1144887.945462726,4.384632338769734e-4,0.05820438568480313,0.05820603716929007
G-0122331-1993,BARRA_HONDA,PARQUE NACIONAL,QUEBRADA_HONDA,174242.87563620135,51,353889.67071601225,1128952.5040657443,353889.6783067345,1128952.4463606142,0.007590722234454006,-0.05770513019524515,0.058202243211845604
403532521979,Braulio Carrillo,Parque Nacional,La Virgen,2588968.5132289827,65,494375.27974542574,1142653.1222143753,494375.28204020625,1142653.1803096212,0.0022947805118747056,0.05809524585492909,0.058140550466454444
H-570293-1985,BRAULIO_CARRILLO,PARQUE NACIONAL,LA_VIRGEN,328752.06030774117,22,494260.42007877043,1145858.2459799019,494260.41974238725,1145858.3041117168,-3.363831783644855e-4,0.0581318149343133,0.05813278817672465
H-0612889-1985,BRAULIO_CARRILLO,PARQUE NACIONAL,LA_VIRGEN,894641.1741168182,22,494283.0610745612,1144275.7060938247,494283.0620523022,1144275.7641852414,9.77740972302854e-4,0.05809141672216356,0.05809964435516782
G-1193980-2008,LOMAS_DE_BARBUDAL,RESERVA BIOLOGICA,BAGACES,20319141.571591683,503,354676.4354631983,1155587.7006874073,354676.42126663734,1155587.644747587,-0.014196560950949788,-0.05593982036225498,0.0577131340770486
4-22083-1973,PARQUE_NACIONAL,ACC,5,2966659.1452576816,26,492065.7646340833,1126618.4110093534,492065.78004546015,1126618.4665930297,0.015411376836709678,0.05558367632329464,0.057680634615231624
G-0181909-1994,BARRA_HONDA,PARQUE NACIONAL,BARRA_HONDA,780997.1554183885,78,354722.25695530995,1128158.4159888104,354722.26524270565,1128158.3589259568,0.008287395699881017,-0.05706285359337926,0.057661513921382974
H-0023176-1976,BRAULIO_CARRILLO,PARQUE NACIONAL,LA_VIRGEN,1374808.8313710839,9,493609.51406792284,1137094.518825522,493609.5209161328,1137094.576075338,0.0068482099450193346,0.05724981613457203,0.05765795198316851
A-0256263-1995,MIRAVALLES,ZONA PROTECTORA,AGUAS_CLARAS,549409.4480757955,35,371881.8958152265,1189055.2020434297,371881.85497795936,1189055.1616067246,-0.040837267122697085,-0.040436705108731985,0.05747007487467776
4-2757-1971,BRAULIO_CARRILLO,Parque Nacional,VARA_BLANCA,2129912.2255021334,29,491137.0934469054,1124206.0435457015,491137.1106971892,1124206.0981582361,0.017250283795874566,0.05461253458634019,0.057272167978717335
G-0123986-1993,BARRA_HONDA,PARQUE NACIONAL,QUEBRADA_HONDA,107508.54442366936,25,355412.5042469991,1127561.8030584364,355412.51301687834,1127561.7465248979,0.008769879234023392,-0.056533538503572345,0.057209717334682324
G-0123987-1993,BARRA_HONDA,PARQUE NACIONAL,QUEBRADA_HONDA,17366.160567128798,8,355525.8002773243,1127671.1941264863,355525.8090318331,1127671.1376301453,0.00875450880266726,-0.056496341014280915,0.05717060409316923
G-0178585-1994,BARRA_HONDA,PARQUE NACIONAL,QUEBRADA_HONDA,80930.26259556475,26,355643.79528591735,1127326.4430623683,355643.80430394807,1127326.3867333324,0.009018030716106296,-0.056329035898670554,0.05704634224269206
H-570291-1985,BRAULIO_CARRILLO,PARQUE NACIONAL,LA_VIRGEN,480656.13928952813,41,492707.84755019884,1141214.6656959297,492707.8509329899,1141214.7223969982,0.003382791066542268,0.056701068533584476,0.05680188771731202
H-570291-1985,BRAULIO_CARRILLO,PARQUE NACIONAL,LA_VIRGEN,252352.74607697874,20,492706.3766732479,1141520.4039870442,492706.3798481826,1141520.4606936437,0.003174934710841626,0.05670659942552447,0.05679541027957276
G-0178495-1994,BARRA_HONDA,PARQUE NACIONAL,QUEBRADA_HONDA,36521.55621850322,18,355969.8629072026,1127295.1545705213,355969.8719271661,1127295.098517944,0.009019963501486927,-0.05605257721617818,0.05677368364078354
407544381988,Braulio Carrillo,Parque Nacional,San Pedro,597649.2195248902,19,488743.22244713496,1118932.7591008085,488743.2439774988,1118932.8115509523,0.021530363825149834,0.05245014373213053,0.056697214604991594
G-1524491-2011,NO_APLICA,FUERA ASP,MANSION,229602.75982169993,53,360975.97614313115,1112830.956404226,360975.99724949163,1112830.9038284703,0.021106360480189323,-0.052575755631551147,0.05665411311589195
G-0008751-1974,BARRA_HONDA,PARQUE NACIONAL,QUEBRADA_HONDA,434474.22987023415,15,356596.58736729645,1125452.554439315,356596.5979292935,1125452.498821027,0.010561997070908546,-0.05561828799545765,0.056612275538716415
G-1525036-2011,NO_APLICA,FUERA ASP,MANSION,21709.913195152767,45,361257.4952905857,1112662.6015765446,361257.5165062968,1112662.549204962,0.02121571113821119,-0.052371582482010126,0.05650565503354516
4-15420-1973,BRAULIO_CARRILLO,PARQUE NACIONAL,5,1178440.9397914177,37,489975.13994940685,1124346.3841168191,489975.1570607134,1124346.4378262598,0.0171113065443933,0.05370944063179195,0.05636932521004825
G-0965066-2004,NO_APLICA,FUERA ASP,MOGOTE,3783.9365356028065,13,367682.52441539307,1181704.0352034804,367682.489380756,1181703.991092386,-0.03503463708329946,-0.04411109443753958,0.05633129190810412
202635651995,Miravalles,Zona Protectora,La Fortuna,984455.9702340625,32,372121.84722858254,1187073.739823564,372121.8079366539,1187073.699492109,-0.03929192863870412,-0.04033145494759083,0.05630703254779607
H-570291-1985,BRAULIO_CARRILLO,PARQUE NACIONAL,LA_VIRGEN,355360.04529361427,15,491994.55594148405,1141720.6137441092,491994.5588716887,1141720.6698621926,0.002930204675067216,0.056118083419278264,0.056194531638682245
H-570291-1985,BRAULIO_CARRILLO,PARQUE NACIONAL,LA_VIRGEN,71756.072727561,11,491806.4963009256,1141367.4724295533,491806.49953336397,1141367.5283489085,0.003232438350096345,0.05591935524716973,0.05601270346043246
403021131978,Braulio Carrillo,Parque Nacional,La Virgen,2426892.840584956,99,491706.35572829377,1138479.4852684087,491706.3613392723,1138479.5409696081,0.005610978521872312,0.05570119945332408,0.055983092988079027
P-1288583-2008,NO_APLICA,FUERA ASP,PAQUERA,446221.34735031595,42,395299.8680200415,1079933.9502863842,395299.9175406967,1079933.9244181209,0.04952065518591553,-0.025868263328447938,0.05587004866359315
G-0156440-1993,PALO_VERDE,PARQUE NACIONAL,BAGACES,98144.81856425107,8,356009.15292869596,1149889.0673097742,356009.1434373208,1149889.0122658978,-0.009491375181823969,-0.055043876403942704,0.05585619511222246
H-0619363-1986,BRAULIO_CARRILLO,PARQUE NACIONAL,LA_VIRGEN,85815.19567559753,19,491390.4386917895,1141775.7469920313,491390.4415829916,1141775.8025850242,0.002891202108003199,0.055592992808669806,0.05566812282675009
G-0157051-1993,PALO_VERDE,PARQUE NACIONAL,BAGACES,102368.8231612281,6,356256.4161661406,1149034.1718088724,356256.4073953501,1149034.1168608959,-0.008770790474954993,-0.05494797648862004,0.055643570030592955
G-0156416-1993,PALO_VERDE,PARQUE NACIONAL,BAGACES,94795.7856444497,6,356389.19877036515,1149947.1349529056,356389.18923910003,1149947.0802236602,-0.009531265124678612,-0.05472924537025392,0.055552995541864124
H-0785992-1988,BRAULIO_CARRILLO,PARQUE NACIONAL,SAN_JOSE_DE_LA_MONTANA,1219256.8535906859,39,487463.98562207323,1119804.399853252,487464.0063738872,1119804.4513244906,0.020751813950482756,0.05147123849019408,0.055497082571518
H-0800731-1989,BRAULIO_CARRILLO,PARQUE NACIONAL,SAN_JOSE_DE_LA_MONTANA,1382182.11196655,18,487269.1707844112,1119099.1668173966,487269.19210549304,1119099.2180403257,0.0213210818474181,0.05122292903251946,0.05548312346844603
G-0179012-1994,MIRAVALLES,ZONA PROTECTORA,FORTUNA,2346182.658063665,10,373576.65117260034,1187185.7174656475,373576.61185496015,1187185.6783214374,-0.03931764018489048,-0.039144210051745176,0.05548104189976665
G-0157050-1993,PALO_VERDE,PARQUE NACIONAL,BAGACES,110718.46329734474,13,356491.77843272034,1149340.4779031868,356491.7694156518,1149340.423212053,-0.009017068543471396,-0.054691133787855506,0.05542948349135838
H-411940-1980,BRAULIO_CARILLO,PARQUE NACIONAL,SAN_JOSE_DE_LA_MONTANA,1280050.5605213256,53,487960.49642503104,1121526.8840497734,487960.51579495776,1121526.935982412,0.019369926711078733,0.05193263851106167,0.05542736691845614
G-0156415-1993,PALO_VERDE,PARQUE NACIONAL,BAGACES,113726.2301370427,11,356611.41683331097,1149576.297415797,356611.4076564952,1149576.2427696348,-0.009176815743558109,-0.054646162083372474,0.05541134340217201
H-0003165-000,NO_HAY_DATOS,NO HAY DATOS,SAN_JOSE_DE_LA_MONTANA,340928.8668681362,49,487581.9425472388,1120739.551749671,487581.9625652209,1120739.6033589614,0.02001798211131245,0.051609290298074484,0.055355563883676136
G-0156519-1993,PALO_VERDE,PARQUE NACIONAL,BAGACES,107828.21455184091,18,356833.64382414613,1149863.6212334142,356833.6344148546,1149863.5668157663,-0.00940929155331105,-0.0544176478870213,0.0552251316801603
G-0156434-1993,PALO_VERDE,PARQUE NACIONAL,BAGACES,97156.1350836365,13,356902.41784011014,1150216.780463965,356902.40811868827,1150216.726140842,-0.00972142186947167,-0.05432312283664942,0.05518611888772342
114602722010,Fernando Castro,REFUGIO NACIONAL DE VIDA SILVESTRE,SAN JUAN DE MATA,858686.4809330759,114,443448.1134741682,1077679.8221970496,443448.16690482816,1077679.835723054,0.053430659987498075,0.013526004273444414,0.05511613392015866
G-0156444-1993,PALO_VERDE,PARQUE NACIONAL,BAGACES,100051.38661780953,15,357073.3665479109,1150380.506914792,357073.35668911046,1150380.4526910349,-0.009858800447545946,-0.054223757004365325,0.055112718767386076
H-0539013-1984,BRAULIO_CARRILLO,PARQUE NACIONAL,VARA_BLANCA,11828019.013225518,18,489644.07015542063,1130737.709163043,489644.08204786427,1130737.7628752983,0.011892443639226258,0.05371225532144308,0.0550130583355267
G-1520559-2011,NO_APLICA,FUERA ASP,BAGACES,852378.0910394192,164,357110.0445359479,1149612.3434781902,357110.03533309326,1149612.2892870724,-0.009202854649629444,-0.05419111787341535,0.05496698818447854
H-0025412-1975,BRAULIO_CARRILLO,PARQUE NACIONAL,LA_VIRGEN,9353237.652961232,68,488862.9938385072,1127179.6995249838,488863.00862301886,1127179.7524412526,0.014784511644393206,0.052916268818080425,0.05494281836774074
H-568990-1984,BRAULIO_CARRILLO,PARQUE NACIONAL,VARA_BALNCA/SAN_JOSE_DE_LA_MONTANA,766842.0344137686,80,486721.3973912973,1120529.463850039,486721.41750839044,1120529.5147317743,0.020117093168664724,0.05088173528201878,0.05471424332718284
G-0837353-2003,NO_APLICA,FUERA ASP,QUEBRADA_HONDA,256468.8305362448,46,359775.30475128355,1123077.9660565276,359775.31740503083,1123077.9129359687,0.012653747282456607,-0.05312055884860456,0.054606877704885655
4-7865-1950,BRAULIO_CARRILLO,PARQUE NACIONAL,6,599971.6033272689,11,487557.98004082945,1124193.193627288,487557.9972054127,1124193.2454012106,0.017164583259727806,0.0517739225178957,0.054545045342076624
H-0001923-1970,BRAULIO_CARRILLO,PARQUE NACIONAL,SAN_ISIDRO,307339.32515403023,26,486801.636713227,1121705.8623643175,486801.6558935669,1121705.9133454885,0.01918033987749368,0.05098117096349597,0.05446985616490444
4-7649-1948,BRAULIO_CARRILLO,PARQUE NACIONAL,NA,837869.6612217289,48,487843.0167295908,1125676.097918248,487843.03269017785,1125676.1499588466,0.015960587072186172,0.05204059858806431,0.054433117135553405
G-1520562-2011,NO_APLICA,FUERA ASP,BAGACES,249750.08205790984,17,357627.4130368703,1148431.964660134,357627.4048172365,1148431.9108601897,-0.008219633833505213,-0.053799944231286645,0.05442422603626492
H-259022-1995,BRAULIO_CARRILLO,PARQUE NACIONAL,LA_VIRGEN,1753885.9191045384,46,488855.20752514293,1132552.1761480295,488855.21787133,1132552.2292724482,0.010346187045797706,0.053124418715015054,0.054122522577896105
SJ-0588668-1999,NO_APLICA,FUERA ASP,SANTIAGO,6834.662564184982,19,463005.44113622,1089287.628989476,463005.485894591,1089287.659072281,0.04475837101927027,0.030082805082201958,0.053928535469753014
H-0664155-1987,BRAULIO_CARRILLO,PARQUE NACIONAL,VARA_BLANCA,563444.6395981064,21,487137.918153464,1126055.1681056744,487137.93376324995,1126055.2195748617,0.015609785972628742,0.05146918725222349,0.05378422310041972
SJ-1484064-2011,FERNANDO_CASTRO,REFUGIO NACIONAL DE VIDA SILVESTRE,CARARA,165677.24910433777,61,442846.5569958744,1079239.249982221,442846.6091357717,1079239.2630812407,0.05213989730691537,0.013099019648507237,0.05376014515352111
G.1457744-2010,NO_APLICA,FUERA ASP,BAGACES,197419.85666133938,13,358881.6506831145,1147981.8978233403,358881.64288168104,1147981.8450129495,-0.00780143344309181,-0.052810390712693334,0.05338351553611206
G-0202621-1994,NO_APLICA,FUERA ASP,BAGACES,409799.28061821684,71,359297.88429631246,1151355.9464460476,359297.8737491175,1151355.894122883,-0.010547194979153574,-0.05232316465117037,0.053375620661888015
G-0295273-1978,MIRAVALLES,ZONA PROTECTORA,FORTUNA,179333.48731042157,19,373633.94463686115,1183120.2547778746,373633.9086569618,1183120.2155550118,-0.035979899344965816,-0.039222862804308534,0.053225803173268145
A-21597-1975,NO_HAY_DATOS,NO HAY DATOS,BIJAGUA,1654436.1436138514,11,379594.39090573404,1189051.176814557,379594.3503065741,1189051.1426974612,-0.04059915995458141,-0.034117095870897174,0.053030821412473665
H-0650568-1987,BRAULIO_CARRILLO,PARQUE NACIONAL,VARA_BLANCA,175752.70916136354,65,486098.9498594655,1126793.5037060373,486098.96481131035,1126793.5543528227,0.014951844874303788,0.050646785413846374,0.052807712863761166
G-0302988-1978,PALO_VERDE,PARQUE NACIONAL,BAGACES,19694399.513002228,140,359305.3696936158,1143674.1467899412,359305.36541702016,1143674.094163564,-0.004276595660485327,-0.052626377204433084,0.05279985651596561
G-0039372-1992,MIRAVALLES,ZONA PROTECTORA,FORTUNA,435397.86968347523,24,374967.948609358,1183796.569055914,374967.9121709648,1183796.531001643,-0.036438393173739314,-0.03805427090264857,0.05268665894717729
G-0306817-1978,PALO_VERDE,PARQUE NACIONAL,BAGACES,15249791.251237372,22,359841.4705104348,1140556.2995837785,359841.46884387627,1140556.2472484643,-0.001666558557190001,-0.05233531421981752,0.05236184232732436
G-0982715-1992,MIRAVALLES,ZONA PROTECTORA,FORTUNA,809399.581686426,113,375760.00998788606,1183891.707609419,375759.973460228,1183891.670126319,-0.03652765805600211,-0.03748310008086264,0.05233786960440959
1-871001-2003,NA,FUERA ASP,SAN LUIS,525017.5681672543,97,449761.85102860525,1083776.8842428345,449761.8997286861,1083776.903208986,0.04870008083526045,0.018966151401400566,0.05226291966912824
SJ-1460273-2010,FERNANDO_CASTRO,REFUGIO NACIONAL DE VIDA SILVESTRE,SAN_JUAN_DE_MATA,1802255.4785403684,126,444910.33506682614,1082439.8057478713,444910.3846637545,1082439.8206816914,0.049596928351093084,0.014933820115402341,0.05179646981313163
4-1086257-2006,NO_APLICA,FUERA ASP,VARA_BLANCA,107559.54207192641,106,483686.5585585832,1124030.4117196503,483686.5756883993,1124030.460257616,0.017129816114902496,0.048537965631112456,0.0514719798311414
H-1086244-2006,NO_APLICA,FUERA ASP,VARA_BLANCA,18766.512704001158,33,483417.07043916464,1124054.9642588622,483417.0875327835,1124055.012576368,0.017093618866056204,0.048317505745217204,0.05125205525027353
P-1273236-2008,NO_APLICA,FUERA ASP,LEPANTO,47867.27332429496,20,376907.5935841345,1100804.5292582274,376907.62520330696,1100804.489222078,0.031619172485079616,-0.040036149555817246,0.051016324249175196
P-0231006-1995,CARARA,PARQUE NACIONAL,TARCOLES,546458.7361800894,60,433397.44962598017,1080930.2393919341,433397.4999583667,1080930.2448407137,0.05033238651230931,0.005448779556900263,0.05062645880055398
500005491965,Miravalles,Zona Protectora,Bagaces,706525.4585273117,11,378935.08622933,1183798.8117205629,378935.049923917,1183798.776844616,-0.0363054129993543,-0.03487594681791961,0.05034297050731156
G-1804819-2015,NO_APLICA,FUERA ASP,BAGACES,694658.9595276685,57,362996.5721075077,1151126.8829606993,362996.5619227047,1151126.833659427,-0.010184802988078445,-0.0493012722581625,0.050342284991639334
605810031999,No aplica,Fuera AP,Lepanto,830.3901744103059,6,377764.9741431336,1101626.6731119428,377765.00515629235,1101626.6338404734,0.03101315873209387,-0.03927146946080029,0.05004062677617677
G-0026625-1976,NO_HAY_DATOS,NO HAY DATOS,CANAS,54773.33274202235,27,364944.958154137,1129372.4916549935,364944.96584988275,1129372.4430405323,0.007695745734963566,-0.04861446120776236,0.049219816547181904
604877971998,Pinunsula de Nicoya,Zona Protectora,Paquera,2665903.068792559,228,395519.67806249583,1089008.1031741179,395519.7201495772,1089008.0778928366,0.04208708135411143,-0.02528128121048212,0.049096492711303424
G-0026625-1976,NO_HAY_DATOS,NO HAY DATOS,CANAS,6276.79740433523,11,365198.03400457726,1129156.247178095,365198.04187778704,1129156.198738894,0.007873209775425494,-0.04843920096755028,0.049074877712966126
G-0618388-1986,PALO_VERDE,PARQUE NACIONAL,BAGACES,23774784.063410014,44,365134.9668445576,1140852.230416231,365134.96513777017,1140852.1824250226,-0.001706787443254143,-0.0479912084992975,0.04802154950227548
SJ-0149552-1993,NO_APLICA,FUERA ASP,SAN_JUAN_DE_MATA,657289.3110896912,185,442632.1847298997,1086746.680947574,442632.2306998533,1086746.69419813,0.04596995358588174,0.013250555843114853,0.047841549544717164
SJ-1351420-2009,CERRO_TURRUBARES,ZONA PROTECTORA,SAN_LUIS,1109126.0820801854,61,447590.4594222602,1088886.5499553853,447590.5038376518,1088886.5673322605,0.04441539163235575,0.017376875272020698,0.04769363488008543
A-995387-1991,CAÑO NEGRO,REFUGIO MIXTO,Buenavista,2976128.3381672185,34,412549.94772109645,1198675.2100019904,412549.9005958192,1198675.2032970034,-0.04712527722585946,-0.006704987026751041,0.04759988030072144
A-1676965-2013,NO_APLICA,FUERA ASP,PITAL,1097367.6086211014,97,476211.9694412447,1165794.611455907,476211.95197066944,1165794.6556192427,-0.017470575287006795,0.04416333558037877,0.04749338070135797
SJ-0151371-1993,NO_APLICA,FUERA ASP,SAN_JUAN_DE_MATA,891194.5700264852,85,441572.1022259737,1087417.8114193243,441572.14757864125,1087417.8238218725,0.045352667570114136,0.012402548221871257,0.04701795038196714
113475302009,Cerros de Turrubares,Zona Protectora,04,816675.7169255775,62,446728.56242355215,1089420.6130922073,446728.6063710507,1089420.6297886528,0.043947498546913266,0.01669644541107118,0.04701227411959374
A-0995386-1991,NO_HAY_DATOS,NO HAY DATOS,BUENAVISTA,2828614.1776303006,43,413377.63937555434,1197952.4049881462,413377.59289490856,1197952.398973759,-0.04648064577486366,-0.006014387123286724,0.046868147863096836
A-0458626-1997,VOLCAN_TENORIO,PARQUE NACIONAL,BIJAGUA,262323.66664354294,20,386230.1019519337,1184120.5448921078,386230.0656847213,1184120.5160093412,-0.03626721241744235,-0.028882766608148813,0.046362969096819945
A-1270846-2008,VOLCAN_POAS,PARQUE NACIONAL,SARAPIQUI,2698292.9472227395,9,477990.9899769798,1128196.0629697943,477991.00342450786,1128196.1070030185,0.013447528064716607,0.04403322422876954,0.04604086062436755
G-0614888-1985,NO_HAY_DATOS,NO HAY DATOS,COLORADO,2709609.859117355,74,369391.61626790185,1129546.2918968876,369391.6240245927,1129546.246914384,0.007756690843962133,-0.04498250363394618,0.04564637867374352
A-0890784-1990,VOLCAN_TENORIO,PARQUE NACIONAL,BIJAGUA,764120.6229607053,61,388871.42431097664,1184811.9934710467,388871.3875984208,1184811.9667710958,-0.03671255585504696,-0.02669995091855526,0.0453949241266378
201469351993,n/a,Fuera ASP,Rio Cuarto,178577.6184429243,15,477010.1915501304,1155381.8337542773,477010.18266200146,1155381.878142132,-0.008888128912076354,0.044387854635715485,0.045268979165860326
200091711952,Volcan Poas,Parque Nacional,San Pedro,4327613.464355178,137,476376.8993846889,1126652.2329531952,476376.9139757029,1126652.2755823957,0.014591014012694359,0.042629200499504805,0.04505714621617334
A-146932-1993,NO_HAY_DATOS,NO HAY DATOS,SANTA_ISABEL,19256.127375121945,11,476930.6408349307,1154225.0538417099,476930.63291741384,1154225.098074854,-0.007917516864836216,0.04423314402811229,0.04493615586492342
A-0398736-1980,VOLCAN_TENORIO,PARQUE NACIONAL,BIJAGUA,1382131.6943571568,25,388916.8573030553,1183446.5284449507,388916.82170092047,1183446.5017013736,-0.03560213482705876,-0.026743577094748616,0.04452786678100393
A-0008776-1973,VOLCAN_TENORIO,PARQUE NACIONAL,BIJAGUA,1703442.1867146082,18,390501.6130854234,1184751.8209815503,390501.5764812077,1184751.7956274918,-0.03660421574022621,-0.025354058481752872,0.04452748467467221
A-0864532-1990,VOLCAN_TENORIO,PARQUE NACIONAL,CAÑAS/BIJAGUA,1357107.559784818,35,387843.78086567885,1182486.9723835404,387843.74600946123,1182486.9447395445,-0.0348562176222913,-0.027643995825201273,0.04448759840805385
A-0074307-1992,VOLCAN_TENORIO,PARQUE NACIONAL,BIJUAGA,1900845.2601328082,40,387158.40649134794,1181606.5625072438,387158.3723121208,1181606.5342714717,-0.034179227135609835,-0.028235772158950567,0.04433371625523599
A-9215-1973,NO_HAY_DATOS,NO HAY DATOS,BIJAGUA,592105.4467435121,16,391697.56218672206,1184845.800843039,391697.52554754645,1184845.7764591721,-0.0366391756106168,-0.024383866926655173,0.04401138665984571
SJ-0759746-2001,NO_APLICA,FUERA ASP,SAN_PABLO,1501531.0526414318,87,449216.5367678722,1094803.3669360375,449216.5764058149,1094803.3859332534,0.039637942682020366,0.01899721589870751,0.0439552125687641
2-1341523-2009,GRECIA,RESERVA FORESTAL,SAN_ROQUE,405483.3379041329,14,472976.77469825785,1121575.5472588262,472976.79338065244,1121575.5868753337,0.0186823945841752,0.03961650747805834,0.04380067958557117
A-1227263-2008,NO_APLICA,FUERA ASP,CONCEPCION,775687.1563421004,225,457728.3375765176,1100812.904133706,457728.37264917523,1100812.930366172,0.035072657628916204,0.026232466101646423,0.04379764366868614
A-0998587-1992,VOLCAN_TENORIO,PARQUE NACIONAL,BIJUAGA,2594681.041922489,30,389357.95967680897,1182284.6667235247,389357.9250275928,1182284.640317131,-0.03464921616250649,-0.02640639361925423,0.043564501657325214
A-0215939-1994,VOLCAN_TENORIO,PARQUE NACIONAL,BUENA_VISTA/BIJUAGUA,2187283.270931296,53,388910.40484819276,1181514.2593257653,388910.37080979923,1181514.232531788,-0.03403839352540672,-0.02679397724568844,0.043318927161610545
G-0653804-2000,NO_APLICA,FUERA ASP,PALMIRA,30369.14605611004,20,384199.3587888285,1176788.7899496618,384199.32845629577,1176788.7591341871,-0.030332532711327076,-0.030815474689006805,0.04323951920399377
A-0009362-1973,VOLCAN_TENORIO,PARQUE NACIONAL,BIJAGUA,935214.217858436,43,391402.70787419524,1183322.167529326,391402.6724750222,1183322.1428411664,-0.03539917303714901,-0.024688159581273794,0.04315792714235079
A-0972361-2005,VOLCAN_POAS,PARQUE NACIONAL,SAN_ROQUE,430553.9769088924,227,473062.5322268833,1124562.607487526,473062.5484686873,1124562.647318935,0.01624180399812758,0.03983140899799764,0.043015547652905224
A-0588319-1999,VOLCAN_POAS,PARQUE NACIONAL,SAN_ROQUE,7000.651648211293,7,472941.73332477425,1125064.4566991949,472941.7491366593,1125064.496457893,0.015811885066796094,0.03975869808346033,0.04278749563432431
A-0957959-2004,VOLCAN_POAS,PARQUE NACIONAL,SAN_ROQUE,5070.238258960657,6,472984.2202075442,1125359.2863879371,472984.2357927057,1125359.326193103,0.015585161454509944,0.03980516595765948,0.042747496938182895
A-0629149-2000,VOLCAN_POAS,PARQUE NACIONAL,SAN_ROQUE,10829.153107129878,14,472876.5403458691,1125119.936657925,472876.55613194936,1125119.976377322,0.015786080271936953,0.03971939720213413,0.04274144176853347
A-0957960-2004,VOLCAN_POAS,PARQUE NACIONAL,SAN_ROQUE,4979.811404382723,8,472950.13514035975,1125328.0247543203,472950.1507387321,1125328.0645461436,0.015598372323438525,0.039791823364794254,0.04273989267459148
A-0287982-1995,VOLCAN_POAS,PARQUE NACIONAL,SAN_ROQUE,43458.434130996466,29,472791.5506951118,1124920.5037443931,472791.5666298274,1124920.5433779554,0.015934715571347624,0.039633562322705984,0.04271691026663291
A-0797770-2002,VOLCAN_POAS,PARQUE NACIONAL,SAN_ROQUE,2970.24292828096,26,472826.81632822345,1125032.2869866914,472826.83214496105,1125032.3266372124,0.015816737606655806,0.0396505210082978,0.042688792495774175
A-0957960-2004,VOLCAN_POAS,PARQUE NACIONAL,SAN_ROQUE,6146.457921464535,10,472915.00339885155,1125303.9239125205,472915.0190039249,1125303.963641977,0.015605073363985866,0.039729456417262554,0.04268428307827772
A-0957957-2004,VOLCAN_POAS,PARQUE NACIONAL,SAN_ROQUE,10678.183709237725,8,472886.3329514218,1125258.0665081064,472886.34860326396,1125258.1062178179,0.01565184217179194,0.03970971144735813,0.04268303347470901
2-0597514-1999,VOLCAN_POAS,PARQUE NACIONAL,SAN_ROQUE,10001.007310451474,18,472798.4079250392,1125166.628039993,472798.4236438859,1125166.667706999,0.0157188466982916,0.03966700588352978,0.04266794461054316
A-0727107-2001,VOLCAN_POAS,PARQUE NACIONAL,SAN_ROQUE,10001.853394076901,10,472802.9786326407,1125246.6252666817,472802.9942825531,1125246.6649540996,0.015649912413209677,0.03968741791322827,0.04266158575534162
A-0820334-2002,VOLCAN_POAS,PARQUE NACIONAL,SAN_ROQUE,2235.861489866482,10,472781.41786024405,1125055.6029975638,472781.4336611288,1125055.642616018,0.015800884750206023,0.03961845417506993,0.04265313435272265
A-0584583-1999,NO_HAY_DATOS,NO HAY DATOS,SAN_ROQUE,6998.681256226264,8,472730.08951535996,1125058.4792488054,472730.1053812168,1125058.5188219482,0.015865856839809567,0.039573142770677805,0.042635185492850634
2-940196-2004,POAS,PARQUE NACIONAL,SAN_ROQUE,2841.7759196832776,6,472723.5143886539,1125086.9216175308,472723.5301654507,1125086.9612175485,0.015776796790305525,0.03960001771338284,0.042627089038108495
A-0894501-2003,VOLCAN_POAS,PARQUE NACIONAL,SAN_ROQUE,3998.880261869122,9,472754.1741511494,1125071.5775732019,472754.1899086108,1125071.6171347508,0.01575746136950329,0.03956154896877706,0.04258419596071216
A-1335510-2009,VOLCAN_POAS,PARQUE NACIONAL,SARAPIQUI,7993621.030979972,190,474917.967165452,1134620.7882633547,474917.97522005974,1134620.8300532755,0.008054607722442597,0.04178992076776922,0.042559066993284295
A-0966064-2004,VOLCAN_POAS,PARQUE NACIONAL,SAN_ROQUE/TORO_AMARILLO,200300.5100630084,59,472762.05387675215,1125559.7570004205,472762.06931118044,1125559.7966241024,0.01543442829279229,0.03962368192151189,0.04252361397791227
A-0633234-2000,VOLCAN_POAS,PARQUE NACIONAL,SAN_ROQUE,12368.014550678432,29,472556.49620556395,1125034.5032786727,472556.5120406994,1125034.5427082945,0.01583513547666371,0.039429621770977974,0.0424905470495106
A-0496790-1998,DE_GRECIA,RESERVA FORESTAL,SAN_ROQUE,113042.312802536,45,472336.8898782146,1124799.8202387844,472336.9059197809,1124799.8595282242,0.01604156626854092,0.03928943979553878,0.042438095242308606
A-0953053-2004,VOLCAN_POAS,PARQUE NACIONAL,SAN_ROQUE/TORO_AMARILLO,20453.112804800272,33,472596.3244281234,1125329.9979875681,472596.33999601734,1125330.0374217336,0.01556789391906932,0.03943416546098888,0.042395904597968465
A-977445-2005,VOLCAN_POAS,PARQUE NACIONAL,SAN_ROQUE/BOLIVAR,20242.8832716872,62,472512.82212598436,1125426.9175199245,472512.8376466715,1125426.9569346055,0.015520687156822532,0.039414681028574705,0.04236046282094003
A-1336440-2009,VOLCAN_POAS,PARQUE NACIONAL,TORO_AMARILLO/BOLIVAR/SAN_ISIDRO/SAN_JUAN/SABANA_REDONDA/SARAPIQUI,24966645.00777179,63,473454.933834931,1128689.2707050007,473454.9467092149,1128689.3110400941,0.012874283886048943,0.04033509339205921,0.042339897785950285
A-0862173-2003,VOLCAN_POAS,PARQUE NACIONAL,SAN_ROQUE,956.4235922778025,11,472415.4680154368,1125317.5600537057,472415.4836144027,1125317.5993961615,0.01559896592516452,0.039342455798760056,0.0423220576793217
A-0986954-2005,VOLCAN_POAS,PARQUE NACIONAL,BOLIVAR/TORO_AMARILLO,345179.5351910341,28,472602.9735105463,1125938.602646876,472602.98862371873,1125938.6421658157,0.015113172412384301,0.039518939796835184,0.042310218423358886
G-0536801-1984,VOLCAN_TENORIO,PARQUE NACIONAL,CAÑAS,147081.12139433416,11,386126.5448152687,1177127.5327774095,386126.51428434445,1177127.5034906713,-0.030530924268532544,-0.02928673825226724,0.0423066232893584
A-0862176-2003,VOLCAN_POAS,PARQUE NACIONAL,SAN_ROQUE,2138.436900947243,7,472427.6202703746,1125359.2394278382,472427.63585903746,1125359.2787455686,0.015588662878144532,0.039317730348557234,0.04229527550554908
A-872276-2003,VOLCAN_POAS,PARQUE NACIONAL,SAN_ROQUE,7036.77043456064,12,472302.21491142496,1125124.2323721396,472302.2306657904,1125124.271623045,0.015754365420434624,0.03925090539269149,0.042294604903540645
A-0862178-2003,VOLCAN_POAS,PARQUE NACIONAL,SAN_ROQUE,2132.3649807628244,9,472464.2050585105,1125386.3275345622,472464.22053555626,1125386.366873038,0.015477045788429677,0.03933847579173744,0.04227356885755284
A-0628904-2000,VOLCAN_POAS,PARQUE NACIONAL,SAN_ROQUE,3081.5886823460796,21,472358.45777595794,1125258.598354834,472358.47341507697,1125258.6376159957,0.015639119024854153,0.03926116181537509,0.042261340146363346
A-1452799-2010,GRECIA,RESERVA FORESTAL,SAN_ROQUE,99961.79086527927,73,472182.23147340654,1124859.1922848374,472182.2474271215,1124859.2313931677,0.015953714959323406,0.03910833038389683,0.04223721731387341
A-0963374-2004,VOLCAN_POAS,PARQUE NACIONAL,SAN_ROQUE,11053.749725703441,27,472302.68127903674,1125264.2960841635,472302.6969014546,1125264.335325424,0.015622417849954218,0.039241260616108775,0.04223667214897426
A-0872278-2003,VOLCAN_POAS,PARQUE NACIONAL,SAN_ROQUE,7022.083265254099,14,472271.3269690961,1125165.154815518,472271.3426729762,1125165.1940152214,0.015703880111686885,0.03919970337301493,0.04222829140629056
A-2098348-2018,GRECIA,RESERVA FORESTAL,SAN_ROQUE,76202.20562660135,40,471928.7724915741,1124463.8248660627,471928.78877336334,1124463.8637912734,0.016281789226923138,0.038925210712477565,0.04219323037456042
A-2095200-2018,GRECIA,RESERVA FORESTAL,SAN_ROQUE,94579.2948995342,40,471915.3375816633,1124874.9819553758,471915.3535352014,1124875.0208770675,0.01595353812444955,0.03892169171012938,0.04206439663500024
A-1452798-2010,DE_GRECIA,RESERVA FORESTAL,SAN_ROQUE,73687.38519402023,18,471696.6283540977,1124675.8614010199,471696.64442355465,1124675.9001312093,0.016069456934928894,0.03873018943704665,0.04193155160512253
A-1330094-2009,GRECIA,RESERVA FORESTAL,SAN_ROQUE,221020.9713588336,41,471590.6499911947,1124440.912582457,471590.6662729855,1124440.9512026294,0.016281790798529983,0.03862017230130732,0.041911984207261777
A-0974836-2005,DE_GRECIA,RESERVA FORESTAL,SAN_ROQUE/BOLIVAR,470555.462696504,66,471865.4607871504,1125232.6521709294,471865.4764044274,1125232.6910466219,0.01561727694934234,0.038875692524015903,0.041895331584011666
A-0985840-2005,VOLCAN_POAS,PARQUE NACIONAL,BOLIVAR/TORO_AMARILLO,347260.49140757974,49,472012.1457970405,1125921.1758680304,472012.1609087264,1125921.2149057852,0.015111685905139893,0.03903775475919247,0.0418605942090465
G-0536804-1984,TENORIO,ZONA PROTECTORA,CAÑAS,153967.5889713061,15,386636.0681573756,1176674.2222921462,386636.0379772632,1176674.19339655,-0.030180112400557846,-0.028895596275106072,0.041782707770131766
200233441991,No aplica,Fuera ASP,Grecia,294.918458334927,5,466088.1341744709,1113994.0201286355,466088.15877449093,1113994.0537648154,0.024600020027719438,0.03363617998547852,0.04167197606761291
A-0986953-2005,DE_GRECIA,RESERVA FORESTAL,BOLIVAR,470558.7314978024,20,471332.9807681019,1125501.7803441137,471332.9961671636,1125501.8187899948,0.015399061725474894,0.038445881102234125,0.04141517687698688
G-0536803-1984,VOLCAN_TENORIO,PARQUE NACIONAL,CAÑAS,161920.71164038777,8,387070.644520866,1176392.034825762,387070.61460527463,1176392.006291197,-0.02991559135261923,-0.02853456512093544,0.04134203687069388
A-0327398-1978,DE_GRECIA,RESERVA FORESTAL,BOLIVAR,711033.9650167618,24,470845.98877399566,1124753.2695682922,470846.004770308,1124753.307613851,0.015996312315110117,0.03804555884562433,0.041271619250502
2-18972-1974,GRECIA,RESERVA FORESTAL,SAN_ROQUE,93138.21641606305,21,469399.6253573433,1122218.7043984388,469399.643345083,1122218.7411165703,0.017987739702221006,0.0367181315086782,0.04088740589819125
G-0017180-1973,VOLCAN_TENORIO,PARQUE NACIONAL,CAÑAS,248406.26377825858,35,389113.0197103084,1177627.0510838917,389112.9888868163,1177627.0243000155,-0.030823492095805705,-0.02678387612104416,0.04083458932140296
A-0104610-1993,VOLCAN_TENORIO,PARQUE NACIONAL,COTE/SAN_RAFAEL,2573861.120024275,48,391373.21329811367,1179287.8379863496,391373.1812264548,1179287.8131158159,-0.03207165887579322,-0.024870533728972077,0.04058490792165462
G-0017175-1973,VOLCAN_TENORIO,PARQUE NACIONAL,AGUA_CALIENTE,330460.8935865946,36,388484.88898321235,1175979.5195766494,388484.85948753386,1175979.4922211128,-0.029495678492821753,-0.02735553658567369,0.04022835357856495
G-0571968-1999,VOLCAN_TENORIO,PARQUE NACIONAL,PALMIRA,68754.63187973574,48,388873.2501866038,1176126.7008697595,388873.2205378244,1176126.6738530705,-0.029648779425770044,-0.02701668906956911,0.04011173905130193
A-0011298-1973,VOLCAN_TENORIO,PARQUE NACIONAL,SAN_RAFAEL,1875711.0875987927,47,394532.4351507062,1180990.972482326,394532.4017873155,1180990.950281904,-0.03336339071393013,-0.022200421895831823,0.04007461256560428
G-0016204-1973,VOLCAN_TENORIO,PARQUE NACIONAL,AGUA_CALIENTE,231294.86723291315,30,389610.6790356149,1176745.6956746522,389610.6489214095,1176745.6692547791,-0.03011420537950471,-0.02641987311653793,0.040060891916343475
G-0608714-1985,NO_HAY_DATOS,NO HAY DATOS,CANAS/TIERRAS_MORENAS/COTE,1232817.6786148455,160,389800.2883638309,1176778.3950853946,389800.2582566429,1176778.3688168153,-0.030107187980320305,-0.026268579298630357,0.03995598861811299
A-0011299-1973,NO_HAY_DATOS,NO HAY DATOS,SAN_RAFAEL,1752075.3446519673,51,395476.6894623746,1181459.5220014162,395476.65577106306,1181459.5006013385,-0.033691311546135694,-0.021400077734142542,0.039913253447020826
A-0104611-1993,NO_HAY_DATOS,NO HAY DATOS,COTE/SAN_RAFAEL,2419512.5326955095,55,392561.794636835,1178924.6310998604,392561.76288649783,1178924.6071845826,-0.031750337162520736,-0.023915277794003487,0.03974952102727908
G-466934-1998,NO_HAY_DATOS,NO HAY DATOS,CANAS,978322.0956930753,28,375248.53554154903,1143853.2305106835,375248.5318214116,1143853.1909518915,-0.0037201374070718884,-0.039558792021125555,0.0397333291897138
P-1473781-2011,TIVIVES,ZONA PROTECTORA,SAN_JUAN_GRANDE,725566.4333757476,131,422945.6126670513,1093638.380901606,422945.65214604046,1093638.3783063982,0.03947898914339021,-0.0025952078867703676,0.0395641970442909
A-0095432-1993,VOLCAN_TENORIO,PARQUE NACIONAL,COTE,519050.377842285,55,390703.1625695934,1176829.0157594427,390703.13248601323,1176828.9902443509,-0.03008358017541468,-0.02551509183831513,0.039446694509023925
212917732008,NA,FUERA ASP,BOLIVAR,4095.8965040631592,10,466186.6326603033,1120716.9634626356,466186.65176032326,1120716.997499026,0.01910001994110644,0.03403639025054872,0.03902930467018739
212917722008,NA,FUERA ASP,BOLIVAR,438.6173149603419,11,466045.6365057863,1120816.9046626596,466045.6555058064,1120816.93859905,0.019000020110979676,0.03393639042042196,0.03889317882334818
2-1291775-2008,NA,FUERA ASP,NA,21255.21043236181,71,465965.2454111459,1120677.444346625,465965.2645296051,1120677.478187489,0.01911845919676125,0.03384086419828236,0.03886797617248438
212917742008,NA,FUERA ASP,BOLIVAR,8372.537405196286,54,466084.68217416166,1120941.7959814165,466084.7010742986,1120941.8299347658,0.018900136929005384,0.03395334933884442,0.03885929885189335
G-0278769-1977,VOLCAN_TENORIO,PARQUE NACIONAL,TIERRAS_MORENAS,698651.47020837106,34,389660.5178323078,1174742.5462365407,389660.4893970817,1174742.5197656013,-0.028435226064175367,-0.026470939395949244,0.03884935924600013
A-0007445-1974,NO_HAY_DATOS,NO HAY DATOS,SAN_RAFAEL,2492403.0887845606,52,395603.53004786593,1179700.8311201355,395603.4977872217,1179700.8097145448,-0.03226064424961805,-0.021405590698122978,0.038716256024259155
A-0021583-1975,VOLCAN_TENORIO,PARQUE NACIONAL,COTE,1398692.5314287692,102,392221.34549980325,1176973.6184758341,392221.3153312674,1176973.5942116953,-0.030168535828124732,-0.02426413889043033,0.03871548772916259
P-01470933-2011,TIVIVES,ZONA PROTECTORA,SAN_JUAN_GRANDE,3776049.699442678,176,422353.7316527396,1094774.5010200723,422353.77017004957,1094774.4979961603,0.03851730999303982,-0.003023911966010928,0.03863582809618695
A-0723308-1988,NO_HAY_DATOS,NO HAY DATOS,COTE,576654.1192199225,34,391790.36473976617,1175791.2975708023,391790.3355355198,1175791.2728951739,-0.029204246355220675,-0.0246756284032017,0.038233161552104405
A-167470-1994,NO_HAY_DATOS,NO HAY DATOS,COTE,1033053.6505493848,44,392246.8324325832,1175839.378451635,392246.80321988405,1175839.3541377792,-0.029212699155323207,-0.02431385568343103,0.038007175245394556
200016361966,Miravalles,Zona Protectora,Cote,2517840.1049723923,24,395133.09299246926,1178324.8072510622,395133.0618453683,1178324.78547633,-0.03114710096269846,-0.02177473227493465,0.03800369539960045
A-0010050-1975,VOLCAN_TENORIO,PARQUE NACIONAL,COTE,1542495.2984534204,42,393712.40177802707,1177047.2721782506,393712.37161099265,1177047.249134545,-0.03016703441971913,-0.023043705616146326,0.03796132682354678
A-0750418-2001,RIO_GRANDE,ZONA PROTECTORA,SAN_JOSE,63584.59630507964,32,455732.7881754444,1108614.8027338863,455732.81675222714,1108614.827670659,0.02857678272994235,0.02493677265010774,0.037927234824035
G-0292247-1977,VOLCAN_TENORIO,PARQUE NACIONAL,TIERRAS_MORENAS,1772748.3667936362,59,390290.1844670588,1173709.7704910228,390290.1569030618,1173709.7445048909,-0.02756399702047929,-0.02598613197915256,0.037882093223354577
G0845468-1990,VOLCAN_TENORIO,PARQUE NACIONAL,TIERRAS_MORENAS,781476.3653517272,61,391060.6619509302,1173967.6039557592,391060.6341973241,1173967.5786179435,-0.027753606089390814,-0.02533781575039029,0.03758014845587757
A-1282469-2008,RIO_GRANDE,FUERA ASP,SAN_JOSE,78877.94687607492,31,455836.7346259111,1109510.53323261,455836.76252053794,1109510.5583081264,0.027894626837223768,0.025075516430661082,0.037508555432758516
A-456556-1981,VOLCAN_TENORIO,PARQUE NACIONAL,SAN_RAFAEL,848262.2728060591,45,398457.4807064478,1179670.4713246499,398457.4485988841,1179670.4522701711,-0.03210756368935108,-0.01905447873286903,0.037335891657319424
A-0008859-1974,VOLCAN_TENORIO,PARQUE NACIONAL,SAN_RAFAEL/COTE,1581338.3399481773,29,396108.4615350892,1177980.7495451733,396108.43072945776,1177980.7285225268,-0.030805631424300373,-0.021022646455094218,0.03729528913181567
A-0016404-1973,VOLCAN_TENORIO,PARQUE NACIONAL,COTE,2604614.700452594,57,392514.61849979806,1174616.2083748907,392514.59026358667,1174616.1842439508,-0.02823621139395982,-0.024130939971655607,0.03714277719557374
A-21870-1974,VOLCAN_TENORIO,PARQUE NACIONAL,COTE,281739.7735153396,31,393735.6573412542,1175661.6236053156,393735.628316298,1175661.600520033,-0.02902495616581291,-0.023085282649844885,0.03708609382842294
A-0011657-1973,VOLCAN_TENORIO,PARQUE NACIONAL,COTE,1433627.9747294746,52,394829.60627531534,1176464.218594082,394829.57664771273,1176464.1964441675,-0.02962760260561481,-0.022149914409965277,0.036992074077091444
P-1470932-2011,TIVIVES,ZONA PROTECTORA,SAN_JUAN_GRANDE,1123930.779077202,139,425766.87802994344,1096919.644487556,425766.91492340254,1096919.644348503,0.03689345909515396,-1.3905297964811325e-4,0.03689372114245115
A-013234-1973,NO_HAY_DATOS,NO HAY DATOS,COTE,1797557.4916335833,13,397506.6183948777,1178117.1445929192,397506.5874973749,1178117.1247670448,-0.030897502787411213,-0.019825874362140894,0.03671131940861673
A-0362840-1979,VOLCAN_TENORIO,PARQUE NACIONAL,COTE,2205660.5705282483,34,393549.6527178043,1174770.8725656525,393549.62442982994,1174770.8493045338,-0.02828797436086461,-0.023261118680238724,0.03662361445429826
A-21870-1974,VOLCAN_TENORIO,PARQUE NACIONAL,COTE,1273328.0199912507,56,394491.4138011529,1175465.2081820124,394491.3849702975,1175465.1857244326,-0.028830855386331677,-0.022457579849287868,0.03654532959209303
A-0011658-1973,VOLCAN_TENORIO,PARQUE NACIONAL,COTE,1629362.9101819466,53,395106.3908421321,1175678.5798696084,395106.3618647942,1175678.557895776,-0.028977337875403464,-0.02197383251041174,0.03636668015561662
G-0131608-1993,VOLCAN_TENORIO,Parque Nacional,TIERRAS_MORENAS,109069.67308554612,33,390735.6689244386,1171136.7715944499,390735.64349408343,1171136.7458694216,-0.025430355162825435,-0.025725028244778514,0.036172918625708025
G-0008871-1974,VOLCAN_TENORIO,PARQUE NACIONAL,COTE/TIERRAS_MORENAS,2811112.5123285,82,393345.8167754159,1173252.0074232908,393345.7897136309,1173251.983926807,-0.027061784989200532,-0.023496483685448766,0.035838874876065505
A-295585-1996,VOLCAN_TENORIO,PARQUE NACIONAL,COTE,313378.31935288757,63,398215.5790518282,1177203.2289298002,398215.54895241384,1177203.2095657527,-0.03009941434720531,-0.01936404756270349,0.035790237245028035
A-0013235-1973,VOLCAN_TENORIO,PARQUE NACIONAL,COTE,1233154.4885921353,21,397705.4936342721,1176731.7072384863,397705.4638502058,1176731.6874334323,-0.029784066253341734,-0.019805053947493434,0.035767733565975006
A-0522704-1983,VOLCAN_TENORIO,PARQUE NACIONAL,COTE,665093.8527741227,31,398779.8052229499,1176797.3032414769,398779.7754949189,1176797.2843242653,-0.02972803096054122,-0.01891721156425774,0.03523658210096127
G-0003727-1971,VOLCAN_TENORIO,PARQUE NACIONAL,TIERRAS_MORENAS,1229330.5494441018,60,391884.9844489438,1170706.2966681272,391884.95943527686,1170706.2718750276,-0.025013666949234903,-0.024793099611997604,0.035219047724458455
G-0683270-2001,NO_APLICA,FUERA ASP,JUNTAS,165791.0145240163,21,381012.7291506451,1137372.3600441783,381012.7309738858,1137372.3249268245,0.0018232407164759934,-0.03511735377833247,0.03516465189793264
A-470166-1982,VOLCAN_TENORIO,PARQUE NACIONAL,COTE,796759.90046224,31,400184.55008301383,1177572.0305178415,400184.51971757924,1177572.012806206,-0.030365434591658413,-0.017711635446175933,0.03515340165785555
A-0983387-1991,VOLCAN_TENORIO,PARQUE NACIONAL,COTE,156988.4017572133,26,399444.5370635388,1177023.6492568578,399444.5071997768,1177023.6308940034,-0.02986376197077334,-0.018362854374572635,0.03505764823585246
G-164522-1994,NO_HAY_DATOS,NO HAY DATOS,TIERRAS_MORENAS,749492.3300455641,65,393388.16952656803,1171604.5167915213,393388.1438152228,1171604.4932408407,-0.025711345253512263,-0.02355068060569465,0.034867002046874485
A-0135805-1993,VOLCAN_TENORIO,PARQUE NACIONAL,COTE,262711.5796707906,45,399072.9281850826,1176396.7983405539,399072.8988174171,1176396.7796911558,-0.029367665527388453,-0.018649398116394877,0.03478878883537558
A-0644250-2000,NO_APLICA,FUERA ASP,SAN_RAFAEL,14436.126779688522,30,407080.99557637767,1180737.4931676458,407080.96295510227,1180737.481235169,-0.03262127540074289,-0.011932476656511426,0.034735163853497265
A-0877371-1990,NO_HAY_DATOS,NO HAY DATOS,COTE,491188.282751875,73,400461.8465544479,1176824.3556317766,400461.81686090084,1176824.3381283612,-0.029693547054193914,-0.017503415467217565,0.034468482555483335
G-495205-1983,VOLCAN_TENORIO,PARQUE NACIONAL,TIERRAS_MORENAS,444978.9481906183,44,393876.6318456386,1171369.5523392297,393876.6063378687,1171369.5291916064,-0.025507769896648824,-0.023147623287513852,0.03444501108957635
G-392686-1980,VOLCAN_TENORIO,PARQUE NACIONAL,TIERRAS_MORENAS,731165.4935862869,54,392589.16924813023,1169936.0014890279,392589.1448542131,1169935.9772334988,-0.024393917119596153,-0.024255529046058655,0.03440049246365408
A-0917735-2004,NO_APLICA,FUERA ASP,COTE,362583.858717082,62,402895.54045954166,1177970.4125048737,402895.509966169,1177970.3970114556,-0.030493372643832117,-0.015493418090045452,0.03420368078597034
A-0804889-1992,VOLCAN_TENORIO,PARQUE NACIONAL,COTE,472102.9692338642,26,399602.3723736999,1175585.3748629012,399602.3436025523,1175585.3565617,-0.028771147597581148,-0.018301201052963734,0.03409857612955122
G-479579-1982,VOLCAN_TENORIO,PARQUE NACIONAL,TIERRAS_MORENAS,1186384.7020493415,52,394411.1991038073,1171256.5578486368,394411.17373510107,1171256.5351387952,-0.025368706206791103,-0.022709841607138515,0.03404861466238826
A-0877373-1990,VOLCAN_TENORIO,PARQUE NACIONAL,COTE,258140.30860938632,46,400128.5520253854,1175783.1320612521,400128.52315204986,1175783.1142091688,-0.02887333551188931,-0.017852083314210176,0.03394652238800949
A-0461281-1982,VOLCAN_TENORIO,PARQUE NACIONAL,COTE,16046.696297452378,7,400605.02328285796,1175693.2787840278,400604.9945125143,1175693.2613550667,-0.02877034363336861,-0.017428961116820574,0.03363779657459384
A-0877376-1990,VOLCAN_TENORIO,PARQUE NACIONAL,COTE,49406.60293898923,20,400751.38304480887,1175399.1167721516,400751.3545346235,1175399.0994358808,-0.028510185366030782,-0.01733627077192068,0.03336730366515681
G-0341793-1979,VOLCAN_TENORIO,PARQUE NACIONAL,TIERRAS_MORENAS,173831.25508033857,24,394638.0166256506,1170197.298701309,394637.99210770585,1170197.2761140913,-0.02451794472290203,-0.022587217623367906,0.03333634673146806
G-0547881-1984,VOLCAN_TENORIO,PARQUE NACIONAL,TIERRA_MORENA,161710.90648886748,32,394526.2114599389,1169984.5345356746,394526.18714425154,1169984.5118633618,-0.024315687362104654,-0.022672312799841166,0.03324584815560369
P-1771992-2014,NO_APLICA,FUERA ASP,PUNTARENAS,594.5526000001701,5,410840.50773331063,1103733.0292864619,410840.5384333607,1103733.017222312,0.030700050061568618,-0.012064149836078286,0.03298540260554912
G-523142-1983,VOLCAN_TENORIO,PARQUE NACIONAL,TIERRAS_MORENAS,11328.034726688067,12,395541.3295467733,1170170.0106709853,395541.30508970015,1170169.9888391623,-0.024457073130179197,-0.02183182304725051,0.032783790562736816
G-365437-1996,NO_HAY_DATOS,NO HAY DATOS,ARENAL,392620.5463520121,59,396205.0523569885,1170808.2175551238,396205.02743791667,1170808.1962655708,-0.024919071816839278,-0.02128955302760005,0.03277506992102058
G-0616808-1986,VOLCAN_TENORIO,PARQUE NACIONAL,TIERRAS_MORENAS,65988.2790345389,16,395399.9418152625,1170034.2775275512,395399.91747255245,1170034.2555972908,-0.024342710035853088,-0.02193026035092771,0.03276436861819703
G-735312-1988,VOLCAN_TENORIO,PARQUE NACIONAL,TIERRAS_MORENAS,459818.66750912927,35,395949.12894404907,1169850.470103318,395949.1047742073,1169850.4485757642,-0.024169841781258583,-0.021527553908526897,0.03236690947581503
G-616807-1986,VOLCAN_TENORIO,PARQUE NACIONAL,TIERRAS_MORENAS,244125.35693919566,31,395653.02927148197,1169408.0408031514,395653.0054596437,1169408.0190408716,-0.023811838240362704,-0.02176227979362011,0.03225833942100873
2-1250937-2008,FUERA_ASP,NA,NA,2433.870501284953,13,459128.4413511198,1125059.6609142025,459128.45655849634,1125059.6893357725,0.01520737656392157,0.02842157008126378,0.03223429769424331
2-1250940-2008,FUERA_ASP,NA,NA,1526.5771849874873,11,458998.06538673566,1125022.6199387938,458998.0806257299,1125022.6482239382,0.015238994266837835,0.028285144362598658,0.03212905753173851
205236671998,No aplica,Fuera ASP,Zarcero,6263.047958640382,19,459456.361480065,1126641.4134848737,459456.3754175179,1126641.4422597499,0.013937452924437821,0.02877487614750862,0.03197258343214356
205236661998,No aplica,Fuera ASP,Zarcero,5108.287897348171,10,459435.22776020464,1126787.7716112651,459435.24163292674,1126787.800376938,0.013872722105588764,0.02876567281782627,0.0319361292470005
205236651998,No aplica,Fuera ASP,Zarcero,3187.776189737022,5,459526.2584834244,1127051.3590072647,459526.2720629803,1127051.387873606,0.013579555903561413,0.028866341337561607,0.031900940436836146
205236681998,No aplica,Fuera ASP,Zarcero,444.5195270869881,5,459132.95481370506,1126833.8893227663,459132.9686185083,1126833.9178561247,0.013804803253151476,0.028533358359709382,0.03169739945392711
514137422010,n/a,Fuera ASP,Las Juntas,265084.8108257763,52,385437.49875800684,1137457.2463788653,385437.50072772015,1137457.2149021064,0.0019697133102454245,-0.031476758886128664,0.03153832780126489
G-1321226-2009,NO_APLICA,FUERA ASP,JUNTAS,37099.22223868579,16,385926.1929396146,1137358.4814110976,385926.1950136992,1137358.4503233088,0.002074084593914449,-0.031087788753211498,0.03115690030261381
A-1002625-2005,JUAN_CASTRO_BLANCO,PARQUE NACIONAL,QUESADA,1486429.5882301393,21,458919.63279397937,1142335.0452267008,458919.6338289074,1142335.0741941903,0.0010349280200898647,0.02896748948842287,0.028985971145860486
G-0826195-2002,NO_APLICA,FUERA ASP,LIBANO,60399.71012232732,46,392708.6062181281,1146740.4120351055,392708.60086238617,1146740.3869264142,-0.00535574194509536,-0.025108691304922104,0.025673534054125167
514088742010,No aplica,Fuera ASP,Libano,172170.8884426034,50,393100.3184906247,1146540.9809974674,393100.3133332322,1146540.9561835723,-0.005157392530236393,-0.024813895113766193,0.02534419240038885
G-1438071-2010,NO_APLICA,FUERA ASP,LIBANO,8697.9783557849,27,393465.5905263638,1147094.760327619,393465.5849126302,1147094.7357990749,-0.005613733606878668,-0.02452854416333139,0.025162739989545997
G-0926201-2002,NO_APLICA,FUERA ASP,LIBANO,12756.031758391066,25,393441.7870071316,1146999.6045114086,393441.781464239,1146999.5800004236,-0.005542892613448203,-0.02451098500750959,0.025129903393419133
G-0922206-1990,NO_APLICA,FUERA ASP,TILARAN,26823.82205918817,17,397181.11798141256,1155648.4790744018,397181.10551774973,1155648.4579925712,-0.012463662831578404,-0.02108183060772717,0.02449053843736742
G-0922207-1990,NO_APLICA,FUERA ASP,TILARAN,101602.94064862137,30,397473.27605270915,1155490.4739940336,397473.26373020106,1155490.4531404153,-0.012322508089710027,-0.02085361839272082,0.024222254347813974
G-1512509-2011,NO_APLICA,FUERA ASP,QUEBRADA_GRANDE,4524.405307281406,14,397726.8478322797,1153494.1324486595,397726.83715830074,1153494.1117130085,-0.010673978948034346,-0.020735651021823287,0.023321686257256818
G-1240245-2007,NO_APLICA,FUERA ASP,QUEBRADA_GRANDE,8047.792684475891,28,397624.8265163237,1152936.126423004,397624.8163177112,1152936.1055974779,-0.010198612522799522,-0.02082552621141076,0.023188666183555272
A-1218053-2008,NO_APLICA,FUERA ASP,PIEDADES_SUR,29464.675949423592,18,441910.9357826149,1120271.83086822,441910.9541997591,1120271.8449570723,0.01841714419424534,0.01408885233104229,0.02318807797721796
G-1513329-2011,NO_APLICA,FUERA ASP,QUEBRADA_GRANDE,32474.035576918162,32,397867.828050971,1153321.907500622,397867.81750787003,1153321.8868676599,-0.010543100943323225,-0.020632962230592966,0.02317058712916397
G-1240247-2007,NO_APLICA,FUERA ASP,QUEBRADA_GRANDE,5729.061776907183,14,397898.6079239075,1153112.5696467222,397898.5975755223,1153112.549039685,-0.010348385199904442,-0.02060703723691404,0.02305946790212565
A-0134285-1993,FUERA_ASP,FUERA ASP,PIEDADES_SUR,19875.144794556865,16,441706.07961885957,1120404.4423226889,441706.09787222964,1120404.4562597359,0.01825337007176131,0.01393704698421061,0.02296577448327762
A-1209006-2007,NO_APLICA,FUERA ASP,PIEDADES_NORTE,121051.69170615869,61,440065.37554692576,1124396.9047025458,440065.39049881743,1124396.9174369008,0.014951891673263162,0.012734354939311743,0.019639828419040977
A-0874458-1990,NO_APLICA,FUERA ASP,PIEDADES_NORTE,725977.8575946372,42,438099.1041698574,1124222.2998775013,438099.1192037465,1124222.3110121356,0.015033889096230268,0.011134634260088205,0.018708230848043364
A-0874459-1990,NO_APLICA,FUERA ASP,PIEDADES_NORTE,2196130.336937139,83,438337.207039869,1125712.9645475028,438337.220823121,1125712.9759231438,0.013783252041321248,0.011375640984624624,0.017871296669398608
A-872213-1990,NO_APLICA,FUERA ASP,PIEDES_NORTE,3380111.551304847,62,436016.6874400172,1124896.155796264,436016.7018173915,1124896.165244279,0.014377374318428338,0.009448014898225665,0.017203891356588393
A-0151953-1993,NO_APLICA,FUERA ASP,ANGELES,40996.085102237936,12,439179.1589581494,1141840.2634977372,439179.1595927195,1141840.2762796003,6.345701403915882e-4,0.01278186310082674,0.012797605385045782
A-0151942-1993,NO_APLICA,FUERA ASP,ANGELES,122798.24310156784,23,438830.51930583315,1140939.5988281441,438830.5206821335,1140939.6112905538,0.0013763003516942263,0.012462409678846598,0.012538176010149284
2-152151-1993,NA,Fuera ASP,08,8142.581729266991,14,438693.37917199894,1142022.5365251827,438693.37954526016,1142022.548903204,3.732612240128219e-4,0.012378021376207471,0.012383647973485061
A-0152157-1993,NO_APLICA,FUERA ASP,ANGELES,44725.53362198183,9,438573.6136468794,1141388.1274056446,438573.6146185654,1141388.1396431532,9.716860367916524e-4,0.012237508548423648,0.012276024976629761
G-0575807-1985,VOLCAN_ARENAL,PARQUE NACIONAL,TRONADORA,98175.34243221581,13,410959.55458019994,1148690.0505384535,410959.54841401783,1148690.040420341,-0.006166182109154761,-0.010118112433701754,0.011848966242853858
200412371963,ALberto Manuel Brenes,Reserva Biologica,San Lorenzo,2468820.6661209557,47,430022.57986836525,1131086.2988137312,430022.58891174773,1131086.3036024773,0.009043382480740547,0.004788746125996113,0.010233027711885072
2-959-2023,ALBERTO MANUEL BRENES,RESERVA BIOLOGICA,SAN LORENZO,58287525.387314565,264,431205.1931891809,1133324.2563718953,431205.20046858053,1133324.2622270307,0.007279399607796222,0.005855135386809707,0.009341962804885012
200014891976,ALberto Manuel Brenes,Reserva Biologica,San Lorenzo,2564833.0648617516,69,430094.35693328705,1132820.6872148572,430094.3645718318,1132820.6921752589,0.007638544717337936,0.0049604016821831465,0.0091078510224628
500499211963,Arenal,Parque Nacional,Tronadora,207228.62096230127,17,415639.22151779936,1149345.2484819524,415639.2149835507,1149345.2422280202,-0.006534248648677021,-0.006253932137042284,0.009044781510764521
206184801986,Arenal,Parque Nacional,Peñas Blancas,385824.4971613921,33,424623.7475238041,1152637.8602864472,424623.7386625139,1152637.8615719136,-0.008861290174536407,0.0012854663655161858,0.008954043071942912
G-1881500-2016,NO_HAY_DATOS,NO HAY DATOS,TRONADORA,1624997.0952965282,71,413588.894258214,1144127.0089243737,413588.89190665097,1144127.0008056618,-0.0023515630164183676,-0.00811871187761426,0.00845241570037238
A-0859034-1989,VOLCAN_ARENAL,PARQUE NACIONAL,FORTUNA,1317412.8935694601,28,419669.0007796268,1149866.5071416646,419668.99397553777,1149866.5042349675,-0.006804089003708214,-0.002906697103753686,0.00739895365733244
1-0023645-1974,VOLCAN_ARENAL,PARQUE NACIONAL,SAN_ISIDRO,3297356.580896167,77,423760.23725226586,1150570.4649958636,423760.2300315642,1150570.4655152876,-0.00722070166375488,5.194239784032106e-4,0.007239360039830366
