plano,nombre_asp,categoria,distrito,area_m2,vertices,cx_a,cy_a,cx_b,cy_b,dx_m,dy_m,desplazamiento_m
"A-0532866-1998
",NO_APLICA,FUERA ASP,BUENAVISTA,22084.79112449813,8,403526.6159869825,1184660.4130013196,407149.98910006566,1185655.779894397,3623.3731130831875,995.3668930772692,3757.6040196444924
A-18553-1972,GUANACASTE,PARQUE NACIONAL,DOS_RIOS,2969754.076218717,57,347046.65489920316,1210718.5761760816,344788.307849323,1207988.8986516262,-2258.3470498801325,-2729.6775244553573,3542.777270055094
L-0824240-1989,TORTUGUERO,PARQUE NACIONAL,COLORADO,921208.9737413973,10,541535.3997237558,1166972.5713833973,539160.1690736559,1164552.4867903234,-2375.2306500999257,-2420.0845930739306,3390.9482565807352
4-7491-1946,NA,NA,NA,2228707.882451903,22,500973.93287522276,1115245.4644427353,497919.7540056257,1113893.980115951,-3054.1788695970317,-1351.4843267842662,3339.838087847452
"G-0019048-1974
",GUANACASTE,PARQUE NACIONAL,SANTA_CECILIA,153232.9044193123,16,340627.0664381253,1215283.972626646,338609.5089144778,1212959.9526194946,-2017.5575236474979,-2324.020007151412,3077.5976596798146
1-3886-1965,BRAULIO_CARRILLO,PARQUE NACIONAL,NA,995769.8465901971,11,501497.89480502956,1118287.4232650406,499174.49259953655,1117394.5294016087,-2323.40220549301,-892.8938634318765,2489.0675482686456
G-607678-1985,GUANACASTE,PARQUE NACIONAL,SANTA_ELENA,5429298.651232094,33,329315.82048678567,1212565.255948207,328720.5835725419,1210371.6403694954,-595.2369142437819,-2193.6155787117314,2272.940010480977
G-7541-1972,GUANACASTE,PARQUE NACIONAL,SANTA_ELENA,1178684.5284821596,32,326241.595192478,1209517.0341093391,325818.01778286026,1207354.1840126093,-423.57740961771924,-2162.850096729817,2203.937014268474
G-607774-1985,GUANACASTE,PARQUE NACIONAL,SANTA_ELENA,8355952.646901429,28,326954.8525499088,1209101.1576675114,326322.55197870545,1206991.3768760962,-632.3005712033482,-2109.7807914151344,2202.493813877431
C-0007442-1968,TAPANTI_MACIZO_DE_LA_MUERTE,PARQUE NACIONAL,PEJIBAYE,2992726.921768248,28,534163.2721681639,1078031.3125444176,533688.353681251,1080181.9759178862,-474.9184869128512,2150.6633734686766,2202.475996507399
G-607677-1985,GUANACASTE,PARQUE NACIONAL,SANTA_ELENA,628133.3889678476,8,325816.8159599604,1208942.7593979915,325321.0037560601,1206833.4991243077,-495.8122039003065,-2109.260273683816,2166.7507110134306
G-796445-1989,GUANACASTE,PARQUE NACIONAL,SANTA_ELENA,9030848.124047898,173,329660.91210561706,1203427.7144721046,328301.6807174365,1202241.8757079185,-1359.2313881805749,-1185.8387641860172,1803.8080666361134
A-21597-1975,NO_HAY_DATOS,NO HAY DATOS,BIJAGUA,1654436.1436025545,11,377802.9272265178,1189107.3815088042,379594.3503065741,1189051.1426974612,1791.4230800562655,-56.23881134297699,1792.3056256284942
A-0533084-1984,VOLCAN_ARENAL,PARQUE NACIONAL,FORTUNA,1848289.8666302655,73,419847.64382970106,1150111.125161099,421294.84629088326,1149292.0659726164,1447.202461182198,-819.0591884825844,1662.9049635771617
"A-0633462-2000
",NO_APLICA,FUERA ASP,_,163572.30252786353,35,418063.6050831769,1188654.1773440475,419585.3800951776,1189261.1164676405,1521.7750120006967,606.939123593038,1638.3449840914477
"A-0592754-1985
",GUANACASTE,PARQUE NACIONAL,DOS_RIOS,1199705.656410059,47,343260.1507442725,1210479.1491559774,344418.89286479144,1211635.2322787915,1158.7421205189312,1156.0831228140742,1636.829706695309
100038891965,Braulio Carrillo,Parque Nacional,Dulce Nombre de Jesus,993586.6538641304,24,502120.25068912393,1119544.8013444534,501704.9322745031,1118010.3053049105,-415.3184146208223,-1534.4960395428352,1589.7067279519829
1-3885-1965,Braulio Carrillo,Parque Nacional,Dulce Nombre de Jesus,999236.6811657541,26,501551.67996510916,1119839.4486820602,501035.4287662555,1118467.7187828328,-516.2511988536571,-1371.7298992273863,1465.6596524269248
"A-0633463-2000
",NO_APLICA,FUERA ASP,SAN_RAFAEL,477240.42816888355,23,417833.892757035,1188145.9444467674,419190.11756226793,1188697.2058999531,1356.2248052329523,551.2614531856962,1463.97913649668
L-0222662-1994,CAHUITA,PARQUE NACIONAL,CAHUITA,3924.9966819537804,6,630638.5065212485,1071648.3742993486,631256.7169523513,1070324.1631674874,618.2104311027797,-1324.2111318612006,1461.4100242127145
L-0222584-1994,CAHUITA,PARQUE NACIONAL,CAHUITA,4297.706687711179,6,630619.478262695,1071522.9301774409,631281.7806774204,1070276.4824061124,662.3024147254182,-1246.4477713285014,1411.4802638368374
P-0627261-1986,INTERNACIONAL_LA_AMISTAD,PARQUE NACIONAL,POTRERO_GRANDE,2000492.46120833,127,605465.168249878,1006269.8619829138,606490.9897627779,1007225.4214652451,1025.8215128999436,955.5594823312713,1401.9285647284373
G-0233612-1995,NO_HAY_DATOS,NO HAY DATOS,TRONADORA,2150952.0693400623,121,410116.2051302688,1150490.3427317003,410062.40616859816,1151768.709881668,-53.79896167066181,1278.3671499677002,1279.4986902663802
A-0863689-2012,VOLCAN_ARENAL,PARQUE NACIONAL,PENAS_BLANCAS,1367185.0092167072,59,420144.7666623734,1145224.6696106398,419640.99201525236,1146396.9209075577,-503.77464712102665,1172.251296917908,1275.9161407426554
P-0882049-1990,INTERNACIONAL_LA_AMISTAD,PARQUE NACIONAL,PITTIER,588768.6880887337,53,616895.0037916612,998586.5134104777,616173.210470297,997537.03728924,-721.79332136421,-1049.476121237618,1273.7290637391977
C-0005546-1973,TAPANTI_MACIZO_DE_LA_MUERTE,PARQUE NACIONAL,PEJIBAYE,99977.59287384897,5,531342.7283511357,1081376.383119355,531358.7574883429,1080136.4935653005,16.029137207195163,-1239.8895540544763,1239.993161067034
C-0000605-1973,TAPANTI_MACIZO_DE_LA_MUERTE,PARQUE NACIONAL,PEJIBAYE,351254.50147660985,7,531282.7826936923,1081772.049503965,531298.8115128175,1080532.1599494198,16.02881912526209,-1239.8895545452833,1239.9931574460609
C-0000605-1973,TAPANTI_MACIZO_DE_LA_MUERTE,PARQUE NACIONAL,PEJIBAYE,199808.37111614586,5,531305.0127796079,1082352.3964201356,531321.0411226103,1081112.5069261412,16.0283430024283,-1239.8894939944148,1239.9930907457224
L-0679840-1987,TORTUGUERO,PARQUE NACIONAL,COLORADO,922031.277316153,7,551285.7048594191,1163498.7472688116,551762.1316620999,1164607.8329531203,476.42680268071126,1109.0856843087822,1207.0847333353386
G-238541-1995,MIRAVALLES,ZONA PROTECTORA,FORTUNA,1417572.7774772495,116,372914.54868529754,1185981.6427749987,374120.0172155469,1186022.8134508755,1205.4685302493745,41.17067587678321,1206.1713816758122
100038841965,Braulio Carrillo,Parque Nacional,Dulce Nombre de Jesus,1000000.0403622091,12,499899.7665642052,1116564.9741841464,500098.64046175044,1117734.7943324647,198.87389754527248,1169.8201483183075,1186.6044018696014
"A-0012825-1971
",GUANACASTE,PARQUE NACIONAL,DOS_RIOS,1634306.951595746,49,344525.5780283682,1211605.6190726815,343407.6924847705,1211221.4441682133,-1117.8855435976875,-384.1749044682365,1182.05687080101
G-116836-1993,GUANACASTE,PARQUE NACIONAL,MAYORGA,402653.40679824725,52,339962.62636683247,1206134.9355151418,341128.11603455024,1206202.3533243737,1165.4896677177749,67.41780923190527,1167.4379326364717
"C-507536-1983
",BRAULIO_CARRILLO,PARQUE NACIONAL,SANTA_ROSA,4418898.188055038,13,510976.8063222537,1114480.195522085,510230.8322131485,1115361.5763996483,-745.974109105242,881.3808775632642,1154.6902713669797
G-239830-1995,NO_HAY_DATOS,NO HAY DATOS,FORTUNA,484628.3018584505,103,372951.2351509104,1185255.4307742098,374065.4241668257,1185297.7276409331,1114.1890159153263,42.29686672333628,1114.9915641478974
1-009470-1970,BRAULIO_CARRILLO,PARQUE NACIONAL,DULCE_NOMBRE_DE_JESUS,676152.5101037705,17,503625.64050916256,1117729.2290003556,504736.88067709,1117639.0198480044,1111.2401679274626,-90.20915235113353,1114.8956910775848
L-640041-1986,TORTUGUERO,PARQUE NACIONAL,COLORADO,1001598.2326529846,15,544767.7444999181,1171739.3278639787,543722.0986681185,1171637.1975654478,-1045.6458317996003,-102.13029853091575,1050.6216271512271
G-0155426-1993,MIRAVALLES,ZONA PROTECTORA,FORTUNA,385957.510081023,60,373472.585229048,1184774.9392545952,374522.46281826537,1184755.700251708,1049.8775892173871,-19.239002887159586,1050.0538517490447
A-0573047-1999,NO_APLICA,FUERA ASP,PALMIRA,15985.657078054734,20,462151.81662824587,1129132.8064496638,462267.0494091989,1128091.3614885353,115.23278095305432,-1041.4449611285236,1047.8006493919377
G-124431-1993,GUANACASTE,PARQUE NACIONAL,MAYORGA,716349.8826467581,52,343080.18834126915,1206272.5908918947,342452.2315142347,1205491.8002484762,-627.9568270344753,-780.7906434184406,1001.9799426480494
G-27955-1992,NO_HAY_DATOS,NO HAY DATOS,SANTA_CECILIA,841470.3249008041,34,347128.1706024187,1214197.3400433653,346961.3818729097,1215164.2920675906,-166.7887295089895,966.9520242253784,981.2312150786784
G-461703-1982,GUANACASTE,PARQUE NACIONAL,LA_CRUZ,490436.06094914395,15,326252.9881751015,1217674.3252392071,326404.99613856734,1216727.1704819323,152.00796346581774,-947.1547572747804,959.2750154076117
"L-0137967-1993
",CAHUITA,PARQUE NACIONAL,CAHUITA,24212.415757891566,12,628244.2303405487,1074396.7458913284,628804.0996890474,1075173.6853598754,559.8693484987598,776.9394685470033,957.6474430470358
G-1370252-2009,NO_APLICA,FUERA ASP,SANTA_CECILIA,1582708.708098637,72,345550.2395432067,1216291.2979942756,344719.15192261385,1216766.9934796367,-831.0876205928507,475.69548536115326,957.5974247540922
G-6252-1974,GUANACASTE,PARQUE NACIONAL,SANTA_CECILIA,1816173.3381458223,30,345906.6374558309,1214856.821035718,345414.30676314235,1215593.1338923501,-492.33069268852705,736.312856632052,885.7460887888908
"G-0168121-1994
",RINCON_CACAO,FUERA ASP,MAYORGA,122977.99114228618,33,344427.7020233629,1202596.1801752083,344224.39377646305,1203440.1799304336,-203.30824689986184,843.9997552253772,868.141595638633
G-13176-1974,GUANACASTE,PARQUE NACIONAL,SANTA_CECILIA,140719.62073623762,16,346345.15182405704,1216263.5221195705,345816.8629043932,1216932.0032441416,-528.2889196638716,668.4811245710589,852.0306312260188
G-8669-1975,GUANACASTE,PARQUE NACIONAL,MAYORGA,124717.25558888912,22,339153.16810176865,1204286.3100411152,338328.16946477134,1204099.9793411144,-824.9986369973049,-186.33070000074804,845.7788604654171
G-166311-1995,SANTA_ROSA,PARQUE NACIONAL,SANTA_ELENA,870653.2938119397,56,321802.81261600484,1209126.853876469,320989.92895519227,1209355.0928794974,-812.8836608125712,228.2390030284878,844.3180020107858
L-0066447-1992,TORTUGUERO,PARQUE NACIONAL,COLORADO,2223585.3055672348,56,543987.2194904536,1168023.0690798503,544678.0535976908,1168388.1789902027,690.8341072371695,365.1099103523884,781.381475567284
G-0006562-1976,DIRIA,PARQUE NACIONAL,SANTA_CRUZ,3266894.9711638708,150,326676.61330240505,1125935.1918712219,326461.52507082606,1125189.0371300343,-215.08823157899315,-746.1547411875799,776.5370855023493
G-0006562-1976,DIRIA,PARQUE NACIONAL,SANTA_CRUZ,862025.1040847078,99,325764.2750117687,1125320.0465502762,325527.4432406959,1124607.4391692479,-236.83177107275696,-712.607381028356,750.9317993570064
A-126312-1993,GUANACASTE,PARQUE NACIONAL,DOS_RIOS/MAYORGA,1250159.2621917278,85,345227.79878491425,1204987.3595863977,344576.16033231944,1205308.696039781,-651.6384525948088,321.3364533833228,726.5602446962876
G-1370256-2009,NO_APLICA,FUERA ASP,SANTA_CECILIA,1056343.589845019,18,344558.7730162103,1216281.7202274282,343914.0342114268,1216603.9957181031,-644.7388047834975,322.2754906748887,720.7979039116257
G-0006562-1976,DIRIA,PARQUE NACIONAL,SANTA_CRUZ,1239174.840961114,117,324739.3734841035,1125418.3940395522,324506.79066576425,1124742.9521095485,-232.58281833922956,-675.441930003697,714.3644505388957
G-16532-1991,SANTA_ROSA,PARQUE NACIONAL,SANTA_ELENA,1798971.9867817424,56,322298.54894377576,1208015.779931731,321678.1168274487,1208354.86232808,-620.4321163270506,339.08239634893835,707.0451771165697
A-6320-1974,GUANACASTE,PARQUE NACIONAL,DOS_RIOS,2721598.014751194,13,347065.4626220575,1206313.2518979905,346364.2676699353,1206383.2953679336,-701.1949521221686,70.04346994310617,704.6846447619539
G-0191130-1994,MIRAVALLES,ZONA PROTECTORA,BIJAGUA/FORTUNA,2976146.697139905,175,376187.7472948717,1185645.5631885726,376185.4078634259,1186328.447683073,-2.3394314458128065,682.8844945004676,682.8885017106737
A-9215-1973,NO_HAY_DATOS,NO HAY DATOS,BIJAGUA,592105.4467413625,16,392222.94701501995,1184423.5046650616,391697.52554754645,1184845.7764591721,-525.4214674734976,422.2717941105366,674.0780270735244
G-448-1975,GUANACASTE,PARQUE NACIONAL,MAYORGA,476272.9045938235,54,344348.3594477615,1203447.5881628871,344161.28048490646,1204085.1431091144,-187.07896285504103,637.554946227232,664.4357363972279
L-0066368-1992,TORTUGUERO,PARQUE NACIONAL,COLORADO,575966.8178636655,8,544554.9409159729,1166776.553982954,545128.3723419511,1167101.2022885485,573.4314259781968,324.64830559445545,658.9538091738593
A-0937077-1991,RINCON_DE_LA_VIEJA,PARQUE NACIONAL,AGUAS_CLARAS,126465.00590477412,25,359343.5876741405,1200566.5545902331,358704.470685739,1200433.7945531902,-639.1169884015108,-132.76003704289906,652.7601031765413
SJ-0011168-1974,BRAULIO_CARRILLO,PARQUE NACIONAL,DULCE_NOMBRE,620985.2545657968,21,500060.51835730573,1114289.086131966,500143.0406053219,1113647.0922156526,82.52224801614648,-641.9939163133968,647.2759148933715
G-18114-1991,SANTA_ROSA,PARQUE NACIONAL,SANTA_ELENA,969841.883942707,62,322557.4234588058,1206876.7532427085,322121.68640562927,1207296.8640050811,-435.73705317650456,420.11076237261295,605.2766575478043
"A-0864532-1990
",VOLCAN_TENORIO,PARQUE NACIONAL,CAÑAS/BIJAGUA,1357107.559777291,35,387876.20655864634,1183086.6182642865,387843.74600946123,1182486.9447395445,-32.46054918511072,-599.6735247420147,600.5514328764112
A-6321-1974,GUANACASTE,PARQUE NACIONAL,DOS_RIOS,1470142.4855986184,13,346207.3217554412,1206781.858279576,345700.09663278656,1207100.8430504962,-507.2251226546359,318.98477092012763,599.1899608062344
H-0289188-1977,BRAULIO_CARRILLO,PARQUE NACIONAL,LA_VIRGEN,1228101.712098552,63,496262.87458273367,1147506.5968514336,496255.10401370405,1146922.2557986109,-7.770569029613398,-584.3410528227687,584.3927170636761
G-613270-1986,GUANACASTE,PARQUE NACIONAL,MAYORGA,484433.29391627945,33,339423.59931168344,1205144.3408006255,339028.08034460456,1205546.345516997,-395.51896707888227,402.0047163714189,563.9530523935578
L-0640042-1986,TORTUGUERO,PARQUE NACIONAL,COLORADO,2692568.4462575912,36,543506.6729430308,1171621.5857317192,543253.0339594708,1171157.5816212893,-253.63898356002755,-464.00411042990163,528.8029391722481
A-291451-1977,GUANACASTE,PARQUE NACIONAL,DOS_RIOS,2630474.55754108,108,347195.74042382324,1204327.8905607369,347186.9138428813,1204828.173661594,-8.826580941968132,500.2831008571666,500.36095924281204
G-0956583-1993,VOLCAN_ARENAL,PARQUE NACIONAL,TRONADORA,133853.93936488032,24,408947.5426925306,1151550.0660207747,409193.6012865108,1151120.3018098385,246.0585939802113,-429.7642109361477,495.2192531324768
"A-0074307-1992
",VOLCAN_TENORIO,PARQUE NACIONAL,BIJUAGA,1900845.2601375766,40,387217.1104921078,1181116.6036576265,387158.3723121208,1181606.5342714717,-58.738179987005424,489.9306138451211,493.4391352242372
P-0379881-1980,INTERNACIONAL_LA_AMISTAD,PARQUE NACIONAL,POTRERO_GRANDE,1032651.9234763477,30,605257.1816131383,1004771.1332730863,605594.0500428493,1005125.3130074911,336.8684297109721,354.1797344047809,488.79814156661575
"A-0610070-2000
",NO_APLICA,FUERA ASP,CUTRIS,18448.061308050528,11,456252.3338059141,1174777.40303801,455776.76462214394,1174720.9464701123,-475.5691837701597,-56.456567897694185,478.90854305451984
A-0010612-1976,VOLCAN_ARENAL,PARQUE NACIONAL,PENAS_BLANCAS,1896446.2785128888,23,416299.27401039563,1150528.80861629,416571.69894474436,1150920.0993750975,272.42493434873177,391.29075880744494,476.7848600606115
"A-0177337-1994
",GUANACASTE,PARQUE NACIONAL,DOS_RIOS,806032.9502975496,94,344416.1257131187,1210182.9067061697,344720.26378123666,1210548.5849070358,304.138068117958,365.6782008660957,475.6264406729175
L-0974711-1991,TORTUGUERO,PARQUE NACIONAL,COLORADO,826852.7987362929,72,545078.7366364835,1168668.9257575865,544853.50362321,1169077.0303063586,-225.23301327344961,408.1045487720985,466.1322054918712
P-0898307-1990,INTERNACIONAL_LA_AMISTAD,PARQUE NACIONAL,POTRERO_GRANDE,457015.73814482614,20,605959.9723632939,1003883.6554040483,606252.3676663898,1004232.7528113761,292.39530309592374,349.0974073278485,455.3723894523941
G-11882-1976,GUANACASTE,PARQUE NACIONAL,SANTA_CECILIA,447329.8636559382,29,341821.29045685893,1218770.068106378,341895.8810673691,1218348.7248860006,74.59061051014578,-421.3432203773409,427.8946932765406
G-9097-1976,GUANACASTE,PARQUE NACIONAL,SANTA_CECILIA,484471.0026437612,20,342190.5070460184,1218613.4471963518,342265.09782278165,1218192.1042838523,74.59077676327433,-421.34291249956004,427.89441909396356
G-9096-1976,GUANACASTE,PARQUE NACIONAL,SANTA_CECILIA,436404.82434387505,12,342495.0355984084,1218735.9873422836,342569.6262291934,1218314.6447255698,74.59063078503823,-421.34261671383865,427.89410239003604
L-0841272-1989,TORTUGUERO,PARQUE NACIONAL,COLORADO,2446375.589903049,42,549792.5281096523,1165872.0389985791,550162.5360098021,1165670.956443545,370.0079001497943,-201.08255503419787,421.11760840926775
"A-0215939-1994
",VOLCAN_TENORIO,PARQUE NACIONAL,BUENA_VISTA/BIJUAGUA,2187283.2709354395,53,388971.48784593435,1181103.2537479703,388910.37080979923,1181514.232531788,-61.11703613511054,410.978783817729,415.49831871409543
L-0067543-1992,TORTUGUERO,PARQUE NACIONAL,COLORADO,641327.7920008756,52,552016.9574066451,1165357.2176003826,552416.7172043633,1165261.4580406218,399.7597977182595,-95.7595597608015,411.0690807605533
"A-0436496-1981
",RINCON_DE_LA_VIEJA,PARQUE NACIONAL,AGUAS_CLARAS,285598.74987571687,14,362584.0612961927,1193932.8127850536,362924.71192160726,1194158.7296992335,340.6506254145643,225.91691417992115,408.75579593188843
L-0974708-1991,TORTUGUERO,PARQUE NACIONAL,COLORADO,95154.02665703418,18,544524.202176688,1168100.2088695818,544573.8213365261,1168496.724519231,49.6191598380683,396.51564964908175,399.60820992525805
"A-0998587-1992
",VOLCAN_TENORIO,PARQUE NACIONAL,BIJUAGA,2594681.041918734,30,389383.91203071875,1181893.0253446677,389357.9250275928,1182284.640317131,-25.98700312594883,391.6149724633433,392.47625531862843
A-1332010-2009,RINCON_DE_LA_VIEJA,PARQUE NACIONAL,AGUAS_CLARAS,1815778.6909442772,98,354701.02389517863,1201749.895318372,354628.1186625582,1201365.7115944943,-72.90523262042552,-384.18372387764975,391.040032011988
P-0010697-1975,CABO_BLANCO,RESERVA NACIONAL,COBANO,770651.7159368247,33,378383.5207620662,1060273.363382612,378754.3034255376,1060368.0776141093,370.7826634714147,94.7142314973753,382.6886060220434
P-0902352-1990,INTERNACIONAL_LA_AMISTAD,PARQUE NACIONAL,POTRERO_GRANDE,231153.99028651428,34,609197.6890669569,998112.6156564164,609376.6046008142,998446.7321523255,178.91553385730367,334.1164959090529,379.00475075385026
P-0422689-1981,INTERNACIONAL_LA_AMISTAD,PARQUE NACIONAL,POTRERO_GRANDE,307273.9049355164,8,608397.4527661775,1003181.6423757309,608600.181680053,1003499.7731896356,202.72891387552954,318.1308139046887,377.23497621086455
500467511960,Guancaste,Parque Nacional,Santa Cecilia,1989654.021105677,11,332754.38110766135,1213103.6562171206,332658.3311863881,1212751.629821849,-96.04992127325386,-352.02639527153224,364.89473871853414
A-0191042-1994,FUESRA ASP,FUERA ASP,6,183702.60079028644,19,347404.7934334463,1207269.6515053455,347623.45316903695,1206981.257623873,218.65973559062695,-288.3938814725261,361.9158891777927
101289511993,Los Santos,Reserva Forestal,Paramo,2317916.283744693,91,522894.0538283478,1051552.327156049,522693.4068441851,1051850.9474298528,-200.6469841627404,298.6202738038264,359.7683701776398
H-0036197-1992,MAQUENQUE,REFUGIO NACIONAL DE VIDA SILVESTRE,LA_VIRGEN,689432.1383980587,35,488739.1057703348,1183171.657661186,488505.86018179305,1182902.1213773324,-233.24558854172938,-269.53628385369666,356.4453855611519
7-392310-1997,Cordillera Volcánica Central,Reserva Forestal,Guápiles,248626.87926455494,19,518916.23456206097,1118999.7018351483,519255.387367083,1119101.773118898,339.1528050220222,102.07128374977037,354.1795760918915
"G-0166989-1994
",GUANACASTE,PARQUE NACIONAL,MAYORGA,1295459.935467424,62,341468.05974578887,1206261.2564400802,341812.2123481294,1206194.9625691725,344.1526023405604,-66.29387090774253,350.47951583182765
P-0913824-2004,PIEDRAS_BLANCAS,PARQUE NACIONAL,GOLFITO,1163950.6555854585,72,579744.9146553981,959425.8540643239,580090.3355542026,959386.1599760795,345.4208988044411,-39.694088244461454,347.69414428837746
"A-0439414-1997
",NO_APLICA,FUERA ASP,SAN_RAFAEL,45884.77094817032,10,406617.2980501898,1180764.9080051105,406774.8014319088,1181073.2406883265,157.50338171899784,308.33268321608193,346.23165480953514
G-219104-1994,GUANACASTE,PARQUE NACIONAL,MAYORGA,992789.6843816247,32,343110.3848967923,1204539.8477081906,343123.5671665318,1204884.25419117,13.182269739510957,344.40648297942244,344.6586684732308
A-0994910-1992,VOLCAN_ARENAL,PARQUE NACIONAL,FORTUNA,906814.6803676039,48,420683.00766912854,1150596.5181311793,420344.8078581449,1150539.281300023,-338.19981098361313,-57.236831156304106,343.0089896637797
G-67309-1992,GUANACASTE,PARQUE NACIONAL,SANTA_CECILIA,479212.9653981824,62,346515.1641237002,1217188.444954225,346786.1738081184,1216984.9447279274,271.0096844182117,-203.50022629764862,338.9079390507884
H-790-1976,BRAULIO_CARRILLO,PARQUE NACIONAL,LA_VIRGEN,2087587.4507288635,6,499701.3569226853,1148086.9240581708,499369.68401812564,1148027.2580266965,-331.67290455964394,-59.666031474247575,336.996959824442
L-0070717-1992,TORTUGUERO,PARQUE NACIONAL,COLORADO,11832310.919377804,126,550941.3356479867,1167264.5008521809,551245.6940999796,1167119.9945332054,304.3584519928554,-144.50631897547282,336.9215688010021
A-0872827-1992,VOLCAN_ARENAL,PARQUE NACIONAL,PENAS_BLANCAS,2721428.385662916,87,420488.1103090119,1147489.5777022091,420564.8362862315,1147816.8162443894,76.72597721964121,327.23854218027554,336.11298556970524
A-0826489-2002,JUAN_CASTRO_BLANCO,PARQUE NACIONAL,QUESADA,780947.421123608,19,459714.42132564576,1136570.2179354415,459394.04652069556,1136627.0117721052,-320.3748049502028,56.79383666370995,325.3698749575084
SJ-0012368-1974,BRAULIO_CARRILLO,PARQUE NACIONAL,DULCE_NOMBRE_DE_JESUS,1155900.3433466852,23,503730.6353934432,1117464.7280819917,503717.4341270298,1117786.4963490162,-13.201266413438134,321.7682670245413,322.03895897685277
A-0363081-1996,JUAN_CASTRO_BLANCO,PARQUE NACIONAL,QUESADA/PALMERA,921718.3534186371,32,460015.29675486695,1137173.0561327806,459717.4814275757,1137288.6518743227,-297.8153272912605,115.5957415420562,319.4625872183759
"A-0008776-1973
",VOLCAN_TENORIO,PARQUE NACIONAL,BIJAGUA,1703442.1866998821,18,390303.52611372946,1184509.6823069837,390501.5764812077,1184751.7956274918,198.05036747822305,242.1133205080405,312.79835042034404
G-45456-1956,GUANACASTE,PARQUE NACIONAL,CANAS_DULCES,1178657.7294375561,39,343444.1494394862,1203094.9384515272,343478.37478046794,1203403.733635348,34.22534098173492,308.7951838208828,310.686078729461
A-1039480-2005,JUAN_CASTRO_BLANCO,PARQUE NACIONAL,QUESADA,458374.7588379339,75,459154.4587278333,1136424.4480915158,458854.94267140597,1136476.73967346,-299.51605642732466,52.29158194409683,304.046505653317
L-0066373-1992,TORTUGUERO,PARQUE NACIONAL,COLORADO,1563731.69604218,9,546634.7945537899,1167974.124078209,546572.043162898,1167680.7621661946,-62.75139089184813,-293.3619120144285,299.99824746091906
602082891994,Internacional la Amistad,Paqrque Nacional,Potrero Grande,1399992.0647918507,24,610124.9694156937,1001592.8729431569,609921.5683855775,1001374.1811830638,-203.40103011613246,-218.69176009309012,298.6604509889408
"A-0493678-1983
",RINCON_DE_LA_VIEJA,PARQUE NACIONAL,AGUAS_CLARAS,1298918.7693687594,34,354479.0231357846,1200074.9202024783,354654.38503921777,1199833.7934186251,175.36190343316412,-241.12678385316394,298.1508394539127
"A-0458626-1997
",VOLCAN_TENORIO,PARQUE NACIONAL,BIJAGUA,262323.66664437193,20,386347.0397257732,1183853.7586798377,386230.0656847213,1184120.5160093412,-116.97404105192982,266.75732950353995,291.2771860683201
A-0859036-1989,VOLCAN_ARENAL,PARQUE NACIONAL,FORTUNA,681343.143953301,23,418900.5499330591,1151137.9602739024,418961.2667939583,1150853.8088462083,60.71686089923605,-284.1514276941307,290.5659495847198
A-0861280-1989,VOLCAN_ARENAL,PARQUE NACIONAL,PENAS_BLANCAS,641496.380203303,19,417766.0177586014,1150263.7360241273,417664.4836100957,1150006.5244666513,-101.53414850571426,-257.2115574760828,276.526614654092
"G-0521537-1983
",RINCON_CACAO,FUERA ASP,MAYORGA,376441.76635385957,33,345022.4272869314,1203505.9422331855,344788.8804367112,1203391.3253105427,-233.54685022018384,-114.61692264280282,260.1560497160795
A-0095782-1993,VOLCAN_ARENAL,PARQUE NACIONAL,PENAS_BLANCAS,180120.0540997237,55,415607.09836752055,1148062.3676816933,415855.0091621041,1148006.111868803,247.9107945835567,-56.255812890361995,254.21345077514263
"G-1215323-2008
",GUANACASTE,PARQUE NACIONAL,SANTA_ELENA/GARITA/MAYORGA,28108820.279933535,93,333366.46377300506,1211796.2029452766,333281.0802174302,1211561.4952316368,-85.38355557486648,-234.7077136398293,249.75600574288987
P-0902742-1990,INTERNACIONAL_LA_AMISTAD,PARQUE NACIONAL,POTRERO_GRANDE,677882.5647696257,66,610594.3729769895,998541.6222109062,610465.3457240834,998329.0866829382,-129.02725290611852,-212.53552796808071,248.6350390455261
SJ-0198198-1994,BRAULIO_CARRILLO,PARQUE NACIONAL,CASCAJAL,1508367.1165653951,31,506889.1142754254,1111959.8833616066,507132.40332555084,1111921.619019879,243.28905012545874,-38.26434172759764,246.27976319380028
A-0147098-1993,VOLCAN_ARENAL,PARQUE NACIONAL,PENAS_BLANCAS,306000.70013034996,43,418741.68926366034,1146699.4774958426,418982.30561167933,1146747.8788295025,240.61634801898617,48.401333659887314,245.4361750721552
G-22794-1974,GUANACASTE,PARQUE NACIONAL,MAYORGA,31268107.748324543,183,336020.2275263252,1206294.0333532605,335838.3170270503,1206453.4213121783,-181.9104992749053,159.3879589177668,241.85936242869957
604877971998,Pinunsula de Nicoya,Zona Protectora,Paquera,2665903.0687804767,228,395613.9622544994,1089230.4019159058,395519.7201495772,1089008.0778928366,-94.24210492218845,-222.32402306911536,241.47369540759777
L-0066367-1992,TORTUGUERO,PARQUE NACIONAL,COLORADO,624417.8124587871,18,545921.069399353,1167602.6300399152,545795.8103701767,1167401.0885129478,-125.25902917631902,-201.54152696742676,237.294777613322
707627122002,Cahuita,Parque Nacional,Cahuita,53222.00381485,19,627571.1403708181,1076633.6623717458,627602.599417001,1076400.504216924,31.459046182921156,-233.15815482172184,235.2709007646487
A-0001682-1975,GUANACASTE,PARQUE NACIONAL,DOS_RIOS,568912.6843510717,11,343496.0923180355,1206058.0900845462,343302.4400927131,1206191.2137525936,-193.65222532238113,133.12366804736666,234.99594755377325
G-0207901-1994,VOLCAN_ARENAL,PARQUE NACIONAL,TRONADORA,662457.9710157064,36,414722.348980491,1149608.6753634342,414508.32266582974,1149512.1053638253,-214.02631466125604,-96.56999960890971,234.804233760688
P-1758835-2014,MANUEL_ANTONIO,PARQUE NACIONAL,QUEPOS,5643.0650004269555,14,482411.91743494227,1039373.5176348345,482571.64521849185,1039202.3029226,159.727783549577,-171.2147122345632,234.15260520272844
P-1180252-2007,PIEDRAS_BLANCAS,PARQUE NACIONAL,GOLFITO,447567.9711331874,18,575924.6548701477,960752.9275797502,576117.5318831988,960623.711674415,192.87701305106748,-129.21590533514973,232.16005762207251
G-14179-1974,GUANACASTE,PARQUE NACIONAL,SANTA_CECILIA,1245762.3479470005,47,346643.6755277174,1218174.7717409488,346465.76847919624,1218030.2158124046,-177.90704852115596,-144.55592854414135,229.2320535849379
G-0570676-1999,DIRIA,PARQUE NACIONAL,SANTA_CRUZ,3934632.0199346635,201,330814.61663615715,1127149.0172072644,330991.08782504784,1127008.8894586342,176.47118889068952,-140.12774863024242,225.33944715622656
A-0872826-1992,VOLCAN_ARENAL,PARQUE NACIONAL,PENAS_BLANCAS,940637.4694658562,92,417901.47469467745,1146623.3085566594,418115.69695481117,1146556.856405842,214.22226013371255,-66.45215081749484,224.29236519566842
A-0860684-1991,VOLCAN_ARENAL,PARQUE NACIONAL,SAN_ISIDRO,2791619.400455147,21,422269.5132781011,1151715.764034838,422332.7942033848,1151501.815842329,63.28092528367415,-213.94819250889122,223.11052100378308
P-0093966-1993,INTERNACIONAL_LA_AMISTAD,PARQUE NACIONAL,POTRERO_GRANDE,324072.65895427077,36,608079.5478320222,999119.6167113525,607924.5711898241,999279.4682861855,-154.97664219804574,159.8515748330392,222.64385372963662
A-0860685-1990,VOLCAN_ARENAL,PARQUE NACIONAL,FORTUNA,2180212.052832037,27,421213.18233949837,1151990.4021576054,421263.7474249199,1151777.2254709366,50.565085421549156,-213.17668666876853,219.091596376408
P-1288583-2008,NO_APLICA,FUERA ASP,PAQUERA,446221.34735213814,42,395112.1370295837,1080046.3366483357,395299.9175406967,1079933.9244181209,187.7805111130001,-112.41223021480255,218.85618532663253
P-0894536-2003,PIEDRAS_BLANCAS,PARQUE NACIONAL,GOLFITO,501091.1285738647,12,589861.650644571,965229.5486783744,589752.6382701112,965413.1487468906,-109.01237445988227,183.60006851621438,213.52443172747283
P-0052908-1962,PIEDRAS_BLANCAS,PARQUE NACIONAL,GOLFITO,586705.4502990018,12,589263.2120015542,965508.6128210947,589154.1993358992,965692.2124092947,-109.01266565499827,183.59958819998428,213.524167391919
L-0769704-1988,TORTUGUERO,PARQUE NACIONAL,COLORADO,918522.9550901428,34,550484.0261570185,1162498.8600845644,550654.726940705,1162623.8850500584,170.70078368647955,125.02496549393982,211.58922361013362
SJ-0012564-1974,BRAULIO_CARRILLO,PARQUE NACIONAL,DULCE_NOMBRE_DE_JESUS,789336.7997959107,24,502706.1351435166,1117780.590636816,502597.1385037571,1117960.4798897405,-108.99663975951262,179.88925292436033,210.3340457380817
206417892000,n/a,Fuera ASP,El Amparo,390161.2925677337,40,439250.2515590109,1194554.321777504,439100.8798888946,1194410.2641937206,-149.37167011626298,-144.05758378328755,207.5198382776948
L-631373-2000,NO_APLICA,FUERA ASP,CAIRO,3034.080768715823,7,553404.4907558146,1124847.6526186725,553409.3104511441,1124646.9131319409,4.819695329526439,-200.73948673158884,200.79733812063145
L-67538-1922,TORTUGUERO,PARQUE NACIONAL,COLORADO,401728.45545808226,18,552291.4869549123,1164646.0491507722,552402.501758539,1164808.629745983,111.01480362669099,162.58059521089308,196.86730699484116
P-1143195-2007,PIEDRAS_BLANCAS,PARQUE NACIONAL,GOLFITO,1983091.3240619572,55,575198.4991180167,960239.7827738939,575368.9558470753,960143.8640513598,170.45672905864194,-95.91872253408656,195.5911496309134
"G-0017180-1973
",VOLCAN_TENORIO,PARQUE NACIONAL,CAÑAS,248406.2637763773,35,389263.5786495125,1177749.793201225,389112.9888868163,1177627.0243000155,-150.58976269618142,-122.76890120957978,194.29225340476083
A-0200893-1994,VOLCAN_ARENAL,PARQUE NACIONAL,PENAS_BLANCAS,211213.2884156853,27,418279.73779547896,1147047.7431958125,418471.306849751,1147052.284120933,191.56905427202582,4.540925120469183,191.62286543006314
H-0619216-2000,NO_APLICA,FUERA ASP,LA_VIRGEN,1335005.2067062631,102,487075.6888141091,1166027.152199569,487039.5729752713,1166211.1395149452,-36.11583883775165,183.9873153762892,187.49849608551142
"A-0811550-2002
",NO_APLICA,FUERA ASP,UPALA,14265.64775371633,12,399498.1050622076,1198146.88036287,399616.0594590555,1198005.901518234,117.95439684786834,-140.97884463588707,183.81587083441406
A-0089096-1992,VOLCAN_ARENAL,PARQUE NACIONAL,PENAS_BLANCAS,934689.4177324498,14,423578.6241085564,1151716.6044521697,423530.26156525087,1151541.0768492664,-48.362543305556756,-175.52760290331207,182.06832502103342
G-385568-1980,GUANACASTE,PARQUE NACIONAL,SANTA_CECILIA,2728380.0993753206,60,343639.9463611729,1214824.2306391436,343695.45854280726,1214996.4517956702,55.51218163437443,172.22115652658977,180.94675754255425
A-0871829-1990,VOLCAN_ARENAL,PARQUE NACIONAL,PENAS_BLANCAS,966051.6309851184,35,424680.0991491511,1153198.1694739275,424588.95802019496,1153044.5604525146,-91.14112895616563,-153.60902141290717,178.61253272610907
A-0958566-1992,VOLCAN_ARENAL,PARQUE NACIONAL,FORTUNA,559141.619036973,11,420135.5806356822,1151952.8491835254,420213.8970537572,1151793.6796439327,78.31641807500273,-159.1695395926945,177.39335859678894
607719411988,Internacional la Amistad,Parque Nacional,Potrero Grande,1615179.6745491475,24,607049.0899247387,1002565.0930337685,607177.7339450384,1002679.6689941658,128.64402029966004,114.57596039737109,172.26994705937335
A-0037779-1992,VOLCAN_ARENAL,PARQUE NACIONAL,PENAS_BLANCAS,2199293.788364418,65,419377.5954262492,1147524.0167192093,419462.6324434013,1147671.4224192356,85.03701715212082,147.40570002631284,170.17559956226808
SJ-0518278-1983,BRAULIO_CARRILLO,PARQUE NACIONAL,JESUS,20310344.54487077,56,506709.93922885024,1116213.2891844404,506876.54721198644,1116190.1037078225,166.60798313620035,-23.185476617887616,168.21351423328338
"A-1868370-2015
",CAÑO_NEGRO,REFUGIO NACIONAL DE VIDA SILVESTRE,BUENA_VISTA,2429918.7809315324,16,414583.32760395244,1193913.9830605818,414423.7282435236,1193948.3314225213,-159.59936042880872,34.34836193942465,163.25368546286026
604226851981,Internacional la Amistad,Parque Nacional,Potrero Grande,2946143.5718958974,36,608821.3806540718,1002636.3870215869,608785.2214163633,1002477.3456970288,-36.15923770854715,-159.04132455808576,163.1000717009456
A-0158433-1993,VOLCAN_ARENAL,PARQUE NACIONAL,FORTUNA,765347.4324420635,100,423603.4540756549,1154872.7401107468,423618.2217706532,1155033.6572756292,14.767694998299703,160.91716488241218,161.5933747693767
C-539104-1984,BRAULIO_CARRILLO,PARQUE NACIONAL,SANTA_ROSA,1817706.418762968,10,511204.6851387801,1113824.1774891121,511195.1349599749,1113984.796573971,-9.550178805191536,160.61908485880122,160.9027542837285
SJ-0008326-1976,BRAULIO_CARRILLO,PARQUE NACIONAL,JESUS,232739.1908840984,9,503004.4779612702,1112769.6437031946,503099.8502357321,1112642.849762584,95.37227446190082,-126.79394061048515,158.6586717187919
215442272011,Miravalles,Zona Protectora,Aguas Claras,10160919.516550995,46,374302.34498995816,1189337.337974978,374185.123825456,1189230.687656175,-117.22116450214526,-106.65031880280003,158.47741765935575
"L-0134947-1993
",CAHUITA,PARQUE NACIONAL,CAHUITA,10193.308816421777,12,627475.849974775,1076032.0051315068,627605.9215343639,1075942.5262453412,130.07155958889052,-89.47888616565615,157.8767927319679
G-0511812-1983,VOLCAN_ARENAL,PARQUE NACIONAL,TRONADORA,1041854.7674343511,23,412412.7813730581,1150127.5413360163,412281.40900459583,1150040.8293164207,-131.37236846226733,-86.71201959555037,157.40925493034024
L-0362999-1996,CAHUITA,PARQUE NACIONAL,CAHUITA,115645.53175781481,34,631297.9074565216,1070531.1707450696,631428.4130679166,1070618.9155130603,130.5056113949977,87.744767990661785,157.26048109845402
L-0070719-1992,TORTUGUERO,PARQUE NACIONAL,COLORADO,8829893.195818052,100,552666.8952357591,1162311.6344872143,552810.3717142595,1162248.2000218737,143.47647850040812,-63.43446534057148,156.87393434194937
L-0064143-1992,CAHUITA,PARQUE NACIONAL,CAHUITA,131449.07887960412,32,629685.835348481,1074250.876398687,629785.1804672988,1074371.9432834997,99.3451188178733,121.0668848126661,156.6098439791724
P-0755398-1988,INTERNACIONAL_LA_AMISTAD,PARQUE NACIONAL,SAN_VITO/POTRERO_GRANDE,2652865.428891264,42,612688.1680737592,1001212.961505556,612591.9294816392,1001089.8091297015,-96.23859212000389,-123.15237585455179,156.2957910241388
G-11817-1974,GUANACASTE,PARQUE NACIONAL,SANTA_CECILIA,2232750.394027544,98,344279.1140828283,1213084.5229106958,344401.3181868947,1212995.5402246397,122.20410406641895,-88.98268605605699,151.16799088572603
1-128950-1993,LOS_SANTOS,RESERVA FORESTAL,PARAMO,2493063.612676808,48,525055.353977736,1052470.0868738233,524923.4395909803,1052403.152223292,-131.91438675567042,-66.93465053127147,147.92448368971256
A-0859962-1991,VOLCAN_ARENAL,PARQUE NACIONAL,PENAS_BLANCAS,1763806.6269443778,37,419238.22882560006,1148911.226169224,419285.2722187365,1149043.8475251808,47.043393136467785,132.62135595688596,140.71782009978452
A-0846778-1990,VOLCAN_ARENAL,PARQUE NACIONAL,FORTUNA,1390235.788579905,20,421778.4394524189,1149984.0656339163,421790.9074264206,1150121.7053025365,12.467974001716357,137.63966862019151,138.20321542418472
P-1746894-2014,MANUEL_ANTONIO,PARQUE NACIONAL,QUEPOS,2446.950561057776,9,481943.2702704472,1039148.0776633661,482061.4233931741,1039080.0104877194,118.15312272688607,-68.06717564666178,136.35725433811032
A-0859035-1989,VOLCAN_ARENAL,PARQUE NACIONAL,FORTUNA,858629.4103382453,31,418429.276182557,1150516.1043564987,418341.56683792913,1150412.6134119947,-87.70934462785954,-103.49094450403936,135.65878050972884
P-1734945-2014,MANUEL_ANTONIO,PARQUE NACIONAL,QUEPOS,2576.979594065342,11,482349.965059662,1039163.2657485907,482482.1085206678,1039139.2686886553,132.14346100582043,-23.997059935354628,134.30470271787874
500016601963,Guanacaste,Parque Nacional,Mayorga,537500.4670370966,23,339314.9002293563,1204485.3774245,339190.4637721911,1204528.4934456316,-124.43645716522587,43.11602113163099,131.69443097586299
P-0786190-1988,INTERNACIONAL_LA_AMISTAD,PARQUE NACIONAL,POTRERO_GRANDE,1220507.0749020875,12,606952.1315127861,1003507.8518956982,606881.9737379351,1003397.5427623488,-70.15777485107537,-110.30913334945217,130.7295615855932
G-0949322-1992,VOLCAN_ARENAL,PARQUE NACIONAL,TRONADORA,231620.5875018768,69,409599.8630256623,1149889.683654408,409602.50792182947,1149759.359505998,2.644896167155821,-130.3241484099999,130.35098440183225
A-0825063-1989,VOLCAN_ARENAL,PARQUE NACIONAL,PENAS_BLANCAS,845991.8480148815,29,425286.9825161652,1151058.6168512567,425220.1673495443,1150948.6072777319,-66.81516662088688,-110.00957352481782,128.71042210205502
A-0023646-1974,VOLCAN_ARENAL,PARQUE NACIONAL,FORTUNA,2853761.0945711243,70,423759.16984926764,1149429.6318789772,423668.1630716276,1149340.4329764245,-91.00677764002467,-89.19890255271457,127.43107075211117
L-0908302-2004,NO_HAY_DATOS,NO HAY DATOS,MATINA,458435.9496652633,32,570395.4641399522,1105144.2659445843,570271.192909393,1105165.4913033037,-124.27123055921402,21.225358719471842,126.07083166804122
SJ-1356717-2009,NO_HAY_DATOS,NO HAY DATOS,CHIRES,124971.36584617384,27,456256.63492948294,1074610.4558051815,456194.6951693845,1074501.0760225607,-61.93976009846665,-109.37978262081742,125.69992333821399
"G-0617468-1986
",GUANACASTE,PARQUE NACIONAL,MAYORGA,233738.91280248333,27,339801.83105825365,1205392.08190838,339750.2086271451,1205504.5998758131,-51.62243110855343,112.51796743320301,123.7948641457176
G-48405-1992,NO_HAY_DATOS,NO HAY DATOS,SANTA_CECILIA,548734.8479090482,31,347265.17755676626,1214435.6699296539,347370.7080879422,1214374.4774470744,105.53053117595846,-61.19248257949948,121.98857706573304
L-0540798-1984,RIO_BANANO,ZONA PROTECTORA,LIMON,1874111.757489253,39,595582.4523995122,1089028.6489877454,595574.7525926438,1088912.8304508766,-7.699806868331507,-115.81853686878458,116.0742025957345
P-0982644-1991,PIEDRAS_BLANCAS,PARQUE NACIONAL,GOLFITO,161444.50300631672,25,588414.5379035631,965393.0837360898,588382.5588184582,965500.1418857863,-31.979085104889236,107.05814969656058,111.7323109069034
H-1837757-2015,BRAULIO_CARRILLO,PARQUE NACIONAL,HORQUETAS,482583.47757788346,40,500764.4000047839,1147348.204176697,500691.65620021685,1147429.2323682269,-72.74380456702784,81.02819152991287,108.89090377756162
A-0928207-1990,VOLCAN_ARENAL,PARQUE NACIONAL,PENAS_BLANCAS,840845.4846378677,20,422918.9146393291,1149482.1196895873,422863.98171236104,1149388.109307915,-54.9329269680311,-94.01038167229854,108.88332437727222
P-0982645-1991,PIEDRAS_BLANCAS,PARQUE NACIONAL,GOLFITO,153191.8857567798,32,588260.1874199017,965653.6740024,588199.2110892804,965741.2978753317,-60.97633062128443,87.6238729316974,106.75231146718296
G-0184050-1994,BARRA_HONDA,PARQUE NACIONAL,NICOYA,36661.43756645918,35,350027.2670993661,1123807.697606813,349923.27544394776,1123826.1070427643,-103.99165541835828,18.409435951383784,105.60857791249093
P-0366524-1979,INTERNACIONAL_LA_AMISTAD,PARQUE NACIONAL,POTRERO_GRANDE,1187544.234707214,35,598586.548725575,1007247.3260180259,598669.9537027306,1007311.4006924524,83.4049771556165,64.07467442657799,105.17582477547242
500873311992,Barra Honda,Parque Nacional,Nicoya,16325.093178599,36,349857.2601784885,1123940.1096230128,349754.41567584686,1123960.7178437524,-102.8445026416448,20.60822073952295,104.88894358156243
501840491994,Barra honda,Parque Nacional,Nicoya,113489.98247057025,86,350238.05240674556,1123810.3944930625,350134.0688498879,1123824.1401627553,-103.98355685768183,13.745669692754745,104.88814771973556
"G-0791701-2002
",GUANACASTE,PARQUE NACIONAL,SANTA_CECILIA,371115.54813326895,102,346345.5874304149,1216250.0794858155,346296.8947403964,1216161.0986589915,-48.692690018506255,-88.98082682397217,101.43256677968897
A-0861742-1991,VOLCAN_ARENAL,PARQUE NACIONAL,PENAS_BLANCAS,391228.46400153264,17,414941.1022437567,1147995.2591755283,415039.93565816147,1147972.8016972614,98.83341440476943,-22.457478266907856,101.352760855408
G-142658-1993,GUANACASTE,PARQUE NACIONAL,LA_CRUZ,5889747.290081902,46,328255.3828067916,1216754.8313420045,328297.9786165044,1216845.4113172488,42.5958097128314,90.57997524435632,100.09562887738876
G-0087333-1992,BARRA_HONDA,PARQUE NACIONAL,NICOYA,146701.33570267993,51,349858.48529222875,1124138.702040729,349760.7062425086,1124159.6684468077,-97.77904972014949,20.966406078543514,100.00166372628934
A-0576042-1999,JUAN_CASTRO_BLANCO,PARQUE NACIONAL,TORO_AMARILLO,1610616.508697466,141,467414.4596044157,1132355.8530612788,467508.2759799793,1132390.082382171,93.81637556361966,34.22932089213282,99.86570348538447
P-0379879-1980,INTERNACIONAL_LA_AMISTAD,PARQUE NACIONAL,POTRERO_GRANDE,1001477.7374485657,23,608685.8427773557,1004044.7869107303,608763.7892300147,1004106.7287034966,77.9464526589727,61.941792766330764,99.56121319682951
P-0379880-1980,INTERNACIONAL_LA_AMISTAD,PARQUE NACIONAL,POTRERO_GRANDE,1542780.8526095971,28,608853.3286511553,1004817.296933584,608933.9750392276,1004872.6808941715,80.64638807228766,55.383960587438196,97.83262747906207
"G-0408529-1980
",GUANACASTE,PARQUE NACIONAL,MAYORGA,865958.5848386136,35,339835.5502701254,1207235.2969661797,339745.4176520339,1207267.6958161816,-90.13261809147662,32.39885000186041,95.77877805373708
G-0087334-1992,BARRA_HONDA,PARQUE NACIONAL,NICOYA/SAN_ANTONIO,74451.92429238197,33,349886.91200170026,1124354.4103378893,349793.4974541612,1124374.6286251657,-93.41454753908329,20.218287276336923,95.57749124307531
G-0233612-1995,NO_HAY_DATOS,NO HAY DATOS,TRONADORA,1980301.842423011,121,410129.1286488167,1151735.4063145465,410073.12491266854,1151812.817518449,-56.003736148180906,77.4112039024476,95.54534500529779
"SJ-0895045-1990
",LA_CANGREJA,PARQUE NACIONAL,CHIRES,312369.1626155991,26,460565.0140303409,1076104.6927311928,460580.7700561303,1076010.6014933484,15.756025789421983,-94.09123784443364,95.40132801892598
G-0087335-1992,BARRA_HONDA,PARQUE NACIONAL,SAN_ANTONIO,43748.56574741937,23,349813.8936979739,1124502.6992704496,349723.6711227769,1124524.3782843435,-90.22257519699633,21.679013893939555,92.79058529070329
607894881988,Internacional la Amistad,Parque Nacional,Potrero Grande,1041397.7202328593,21,607491.7772834558,1005023.4004293395,607493.6516049526,1005114.7136431421,1.8743214968126267,91.31321380264126,91.33244821004355
1-660991-1986,CERROS_DE_ESCAZU,ZONA PROTECTORA,SAN_ANTONIO,205950.23059900198,39,483293.0325755029,1091578.8589767406,483263.97177432745,1091664.1848759325,-29.060801175422966,85.32589919189923,90.13899953884342
A-0516798-1983,RINCON_DE_LA_VIEJA,PARQUE NACIONAL,DOS_RIOS,248731.9971670285,14,349089.4597574746,1200308.768495303,349002.4270434248,1200285.3825183064,-87.0327140497975,-23.385976996738464,90.11990476562767
SJ-1029181-2005,LA_CANGREJA,PARQUE NACIONAL,MERCEDES_SUR_CHIRES,1131221.8835003744,64,458840.95315087354,1076226.1927271415,458756.8077273542,1076255.4939449574,-84.14542351936689,29.301217815838754,89.10114289247277
500889451992,Barra Honda,Parque Nacional,San Antonio,95269.55517640876,29,349879.45899700007,1124674.9802441592,349792.76857668295,1124695.0225944656,-86.69042031711433,20.04235030640848,88.97710256331536
G-1240736-2007,PALO_VERDE,PARQUE NACIONAL,BAGACES,136433.9501068145,48,357303.9109784402,1148136.465000943,357258.69460647006,1148213.0108210542,-45.21637197013479,76.545820111176,88.90322193618242
G-0092678-1993,VOLCAN_ARENAL,PARQUE NACIONAL,TRONADORA,429423.21697443724,58,413164.88591461995,1149812.1652701474,413078.2494648673,1149820.7179332161,-86.63644975266652,8.552663068752736,87.05758135460644
P-0765584-2002,NO_APLICA,FUERA ASP,BIOLLEY,12965.412801854312,17,610397.6730708039,997606.6558455018,610461.0646996122,997666.1601241964,63.39162880834192,59.50427869462874,86.9439922360519
P-0982646-1991,PIEDRAS_BLANCAS,PARQUE NACIONAL,GOLFITO,164483.03174487967,46,587872.4212028522,965634.0482055686,587794.875583283,965670.0348941232,-77.54561956913676,35.9866885546362,85.48897512246634
G-0008618-1974,BARRA_HONDA,PARQUE NACIONAL,SAN_ANTONIO,185198.94289806113,29,349982.7767454718,1124857.5319205169,349899.7436826073,1124875.1937819095,-83.03306286450243,17.66186139266938,84.89069958784812
P-0956293-1991,INTERNACIONAL_LA_AMISTAD,PARQUE NACIONAL,POTRERO_GRANDE,1171027.505826924,37,611813.207854151,998580.7185966175,611841.6835180221,998502.0639772032,28.475663871038705,-78.65461941424292,83.65053848060859
403021131978,Braulio Carrillo,Parque Nacional,La Virgen,2426892.8405853175,99,491761.8505349235,1138420.026547019,491706.3613392723,1138479.5409696081,-55.489195651200134,59.51442258921452,81.36963395606973
707292942001,Cahuita,Parque Nacional,Cahuita,38843.15713488683,11,631577.8856226435,1071040.1965375368,631555.9826434593,1071117.1232760455,-21.90297918417491,76.92673850874417,79.98414589614057
G-0956585-1993,PARQUE_NACIONAL,PARQUE NACIONAL,TRONADORA,147160.37164780032,37,409690.7819869897,1150524.430387368,409768.0357632723,1150542.3740240685,77.25377628259594,17.94363670051098,79.310277063955
G-0008819-1992,VOLCAN_ARENAL,PARQUE NACIONAL,TRONADORA,839433.6447876664,79,410206.6099735941,1150188.4852464097,410242.3392709201,1150259.2861028996,35.7292973260046,70.80085648992099,79.30538422526195
704615361997,no aplica,Fuera ASP,Guacimo,409084.1422905866,54,540183.9588971129,1130280.9354962287,540149.3809512823,1130212.0328608223,-34.57794583053328,-68.90263540646993,77.09220131645105
700475791992,Cahuita,Parque Nacional,Cahuita,48509.265730820596,10,629803.6874018098,1074034.1622511563,629764.7498416698,1073968.8354944836,-38.93756014003884,-65.32675667270087,76.05076414496708
A-1674782-2013,MIRAVALLES,ZONA PROTECTORA,BIJAGUA,2778464.9228878617,57,380209.6196552888,1186135.1745681223,380282.6495691635,1186155.2420280895,73.02991387469228,20.067459967220202,75.73685542773055
A-1671528-2013,MIRAVALLES,ZONA PROTECTORA,BIJAGUA,2559629.628484715,60,379379.3649915843,1187271.8526388886,379452.39390063245,1187291.9194703298,73.02890904812375,20.06683144113049,75.73571997971548
G-0003158-1972,BARRA_HONDA,PARQUE NACIONAL,SAN_ANTONIO,13946.592386521865,10,350195.4508095711,1125270.4095481737,350121.01586197846,1125283.7851656496,-74.43494759261375,13.375617475947365,75.62716817373254
"G-0536801-1984
",VOLCAN_TENORIO,PARQUE NACIONAL,CAÑAS,147081.12138964696,11,386059.08190880204,1177096.9038404096,386126.51428434445,1177127.5034906713,67.43237554241205,30.59965026169084,74.05041436366636
P-0982642-1991,PIEDRAS_BLANCAS,PARQUE NACIONAL,GOLFITO,131930.7054766193,27,588610.5502195766,965154.0934528956,588571.8401211126,965217.187776782,-38.71009846392553,63.09432388632558,74.02273589755626
"H-556030-1984
",BRAULIO_CARRILLO,PARQUE NACIONAL,VARA_BLANCA,128419.72092706921,8,493820.2949141988,1114753.6649370918,493826.4265337403,1114826.9995398726,6.131619541498367,73.33460278087296,73.590493429723
4-845612-1989,BRAULIO_CARRILLO,PARQUE NACIONAL,VARA_BLANCA,1422122.7925630286,20,495732.49069922534,1114648.2726765184,495738.3806671656,1114721.587169294,5.889967940282077,73.31449277559295,73.5507074968013
4-823780-1989,BRAULIO_CARRILLO,PARQUE NACIONAL,VARA_BLANCA,1451180.270658955,31,494518.7964492513,1114573.3325095407,494524.68635396473,1114646.6460229992,5.88990471343277,73.31351345847361,73.54972626161914
G-0433620-1981,BARRA_HONDA,PARQUE NACIONAL,SAN_ANTONIO,398584.6843563169,24,350099.82115428493,1125479.7710299294,350029.99951049755,1125495.0121707749,-69.82164378737798,15.241140845464543,71.46575624341203
L-0348640-1979,NO_APLICA,FUERA ASP,LIMON,340923.9792324755,58,603207.2088044138,1101212.5169420324,603255.9216429536,1101162.811400501,48.71283853985369,-49.705541531322524,69.59584396737986
L-0021505-1975,CAHUITA,PARQUE NACIONAL,CAHUITA,581099.3664486255,10,631276.0711239728,1071754.811552999,631241.4451092071,1071813.807794391,-34.62601476570126,58.99624139186926,68.40699815751506
G-0189365-1994,BARRA_HONDA,PARQUE NACIONAL,SAN_ANTONIO,102912.06558554061,69,349780.8151347325,1125750.1555998963,349716.46252292977,1125772.0276861864,-64.3526118027512,21.87208629003726,67.9679836725677
P-0982637-1991,PIEDRAS_BLANCAS,PARQUE NACIONAL,GOLFITO,172882.97925697826,35,588035.2493842911,965173.8874521788,587988.9010377831,965222.1341333372,-46.348346507991664,48.246681158430874,66.90225307736767
L-0066450-1992,TORTUGUERO,PARQUE NACIONAL,COLORADO,9694884.448023446,115,545327.9880088064,1172346.9930138604,545394.5621159625,1172344.1487844463,66.57410715613514,-2.844229414127767,66.6348361189307
707320542001,Cahuita,Parque Nacional,Cahuita,21984.753146639094,10,631403.6107983083,1070874.122877401,631393.13748178,1070939.6760020806,-10.473316528252326,65.55312467948534,66.3845050772024
501562651993,Corredor Fronterizo,Refugio Nacional de Vida Silvestre,La Cruz,1991933.4704560824,42,334851.9712429722,1233972.9082777558,334797.1527656079,1234009.3320909492,-54.81847736425698,36.42381319333799,65.8161046255302
A-0580561-1985,VOLCAN_ARENAL,PARQUE NACIONAL,PENAS_BLANCAS,483182.43554880656,30,425396.18101768004,1151619.120193452,425428.62289866107,1151675.8159003528,32.44188098103041,56.69570690067485,65.32135043425367
P-0635167-1986,INTERNACIONAL_LA_AMISTAD,PARQUE NACIONAL,SAN_VITO,1867376.1646300815,45,613873.4271720928,999251.660077857,613852.7322182003,999189.7857751745,-20.694953892496414,-61.874302682466805,65.24347054728213
H-622239-2000,NO_APLICA,FUERA ASP,LA_VIRGEN,1294183.3622135767,85,496324.7906619146,1164715.3021954978,496342.18698880734,1164653.3449490585,17.396326892718207,-61.957246439298615,64.35318621248129
G-506220-1983,GUANACASTE,PARQUE NACIONAL,SANTA_ELENA,6311481.9534308575,173,328351.64488375647,1204925.5382783632,328303.3041625162,1204883.0968095222,-48.34072124026716,-42.44146884093061,64.32809345383167
G-1159576-2007,BARRA_HONDA,PARQUE NACIONAL,SAN_ANTONIO,934650.7500492707,103,350917.5862804207,1125778.7488345413,350853.9011778362,1125777.6462234089,-63.68510258453898,-1.1026111324317753,63.69464689055601
H-20533-1953,BRAULIO_CARRILLO,PARQUE NACIONAL,NA,422649.8023973126,84,496784.64813260245,1116238.0732853564,496772.7320034082,1116299.82296074,-11.916129194258247,61.7496753835585,62.88892227530302
"A-0986163-2005
",NO_APLICA,FUERA ASP,POCOSOL,191860.39586656183,53,438708.0381663421,1179023.0254177174,438647.165468117,1179038.368246671,-60.872698225139175,15.342828953638673,62.776490739045585
G-919335-2004,NO_HAY_DATOS,NO HAY DATOS,CABO_VELAS,1154.3522724532374,7,297677.43323254946,1143209.2405264124,297646.3389759345,1143263.7335586408,-31.094256614975166,54.49303222843446,62.740284952230844
G-0122328-1993,BARRA_HONDA,PARQUE NACIONAL,SAN_ANTONIO,5022.2407292667485,13,349868.86623963673,1126023.5069090624,349810.07267363224,1126043.5255135263,-58.79356600448955,20.018604463897645,62.108195338507876
L-0709391-2001,CAHUITA,PARQUE NACIONAL,CAHUITA,15904.61578220874,7,629658.0623888071,1074103.5896376758,629719.5489218457,1074108.9178597536,61.4865330386674,5.328222077805549,61.716964407086266
H-0300134-1996,BRAULIO_CARRILLO,PARQUE NACIONAL,HORQUETAS,2031413.256354712,60,495937.61106597213,1143462.721929718,495991.21717052156,1143492.5616218126,53.60610454942798,29.839692094596103,61.35162319991627
P-0642111-1986,INTERNACIONAL_LA_AMISTAD,PARQUE NACIONAL,POTRERO_GRANDE,1411783.8544328809,23,609179.5125756055,1002521.7843244139,609206.6652410276,1002467.4879110005,27.152665422065184,-54.29641341336537,60.707229792485975
P-0925950-1990,INTERNACIONAL_LA_AMISTAD,PARQUE NACIONAL,POTRERO_GRANDE,1885308.5725870281,48,605225.9657255155,1007284.8744971001,605254.5363817503,1007336.7229305044,28.57065623474773,51.84843340422958,59.19917604288897
500499221963,Arenal,Parque Nacional,Tronadora,831228.2251149304,34,415543.13587996236,1148747.4650132945,415595.9778372313,1148726.5078508176,52.84195726894541,-20.957162476843223,56.846065009759975
"A-1327425-2009
",CAÑO_NEGRO,REFUGIO NACIONAL DE VIDA SILVESTRE,CAÑO_NEGRO,980391.9854611994,128,409508.59997929144,1205007.9958776415,409516.9322299629,1205063.790942146,8.332250671461225,55.795064504491165,56.41378930999402
A-0095783-1993,VOLCAN_ARENAL,PARQUE NACIONAL,PENAS_BLANCAS,143424.48246312328,15,415687.5543795637,1149364.8773881204,415684.62961209466,1149309.5625568498,-2.9247674690559506,-55.31483127060346,55.39210072964717
SJ-0356522-1979,BRAULIO_CARRILLO,PARQUE NACIONAL,SAN_JERONIMO,9120.567447699606,5,498871.4744200766,1111528.5309826317,498911.7627499999,1111565.6481861,40.28832992329262,37.117203468224034,54.7798897526238
P-0135140-1993,INTERNACIONAL_LA_AMISTAD,PARQUE NACIONAL,POTRERO_GRANDE,2200682.0137188137,25,601575.9614822324,1009787.5103079268,601521.5618636692,1009783.9472838433,-54.39961856324226,-3.5630240835016593,54.5161777864687
G-0428296-1981,BARRA_HONDA,PARQUE NACIONAL,MANSION,2612839.816006284,27,351237.9219571199,1124780.4423908193,351192.0577147706,1124805.0816824876,-45.86424234928563,24.63929166831076,52.06364778028998
P-1223345-2007,NO_APLICA,FUERA ASP,PITTIER,516462.6008129703,55,604329.013122574,990862.0140681571,604368.3178996367,990895.7183313962,39.304777062730864,33.70426323916763,51.776856417187794
G-0064905-1992,VOLCAN_ARENAL,PARQUE NACIONAL,TRONADORA,899542.8341848999,67,413415.1588767616,1150743.5317331697,413386.65836223593,1150784.6793423274,-28.500514525687322,41.14760915772058,50.05402149303735
P-0063771-1986,INTERNACIONAL_LA_AMISTAD,PARQUE NACIONAL,SAN_VITO,705285.1887169778,45,613344.8233833335,1000171.663090076,613295.3354778435,1000173.0148110688,-49.48790548997931,1.351720992824994,49.50636261560294
G-0892629-1990,NO_HAY_DATOS,NO HAY DATOS,BEJUCO,58100.651141725044,12,354944.0378925546,1093776.5226083086,354974.09019160684,1093814.1242939055,30.052299052244052,37.60168559686281,48.135511195486735
G-0892615-1990,NO_HAY_DATOS,NO HAY DATOS,BEJUCO,62702.78645903954,16,354762.36709853454,1093935.3819019021,354792.41922451265,1093972.983455309,30.05212597810896,37.60155340679921,48.13529987865979
SJ-354741-1979,BRAULIO_CARRILLO,PARQUE NACIONAL,SAN_JERONIMO,135877.3693886859,17,498752.9466560488,1111633.9919599926,498788.31813882,1111665.3090193004,35.371482771181036,31.31705930782482,47.24298886736289
"SJ-0592930-1985
",NO_APLICA,FUERA ASP,RIVAS,8264.084724832326,13,544471.3949752217,1046598.1348054883,544426.7684363745,1046584.3278653685,-44.626538847223856,-13.80694011982996,46.71359079492124
P-1294613-2008,NO_APLICA,FUERA ASP,COBANO,479523.15964210033,74,373075.3582942662,1066493.7538845139,373121.0558095542,1066486.298961041,45.697515287960414,-7.454923472832888,46.30160674835346
L-0047577-1992,CAHUITA,PARQUE NACIONAL,CAHUITA,16467.215601034462,14,631439.165150316,1070195.958874057,631457.4030545481,1070238.2792453086,18.23790423211176,42.3203712515533,46.08291411845586
L-1920317-2016,NO_APLICA,FUERA ASP,ROXANA,21580.517729637213,16,545877.2468819515,1154371.4162282026,545843.1979310743,1154342.1259759376,-34.04895087715704,-29.290252265054733,44.91380560123576
P-1249834-2007,NO_APLICA,FUERA ASP,COBANO,1311506.2149482481,126,378450.38463989587,1075248.1440053983,378408.7483564592,1075233.3544928378,-41.63628343667369,-14.78951256047003,44.184949702306206
"G-0837353-2003
",NO_APLICA,FUERA ASP,QUEBRADA_HONDA,256468.83053308076,46,359785.62470152,1123035.3282169662,359775.31740503083,1123077.9129359687,-10.307296489190776,42.58471900247969,43.81436583400745
H-0420651-1997,NO_HAY_DATOS,NO HAY DATOS,HORQUETAS,36246.102875028155,10,503526.05174526596,1148844.4848931446,503523.593632348,1148803.874093486,-2.458112917956896,-40.61079965857789,40.685124652956105
"SJ-1134696-2007
",LA_CANGREJA,PARQUE NACIONAL,CHIRES,471445.5143105425,25,456695.3955242718,1073847.697109321,456688.5014482363,1073887.1975813413,-6.894076035532635,39.50047202035785,40.0975756650546
P-1312926-2008,CABO_BLANCO,RESERVA NACIONAL ABSOLUTA,COBANO,605520.0307148155,118,375181.2712768925,1060427.007494935,375185.0045424389,1060464.8324039485,3.733265546383336,37.824909013463184,38.0086965511392
P-0842338-1989,INTERNACIONAL_LA_AMISTAD,PARQUE NACIONAL,PITTIER,675463.4207568318,13,616866.6793332896,999423.2091502043,616845.870262947,999391.6260660173,-20.809070342569612,-31.583084187004715,37.82206519064549
A-0689055-2001,NO_APLICA,FUERA ASP,SANTA_RITA,126337.48086287093,71,481739.1758684407,1152606.3690898432,481738.93776487786,1152643.5037243732,-0.2381035628495738,37.13463452993892,37.13539787020968
SJ-0010851-1974,BRAULIO_CARRILLO,PARQUE NACIONAL,DULCE_NOMBRE_DE_JESUS,1996456.50922513,50,500736.0872410943,1113361.405115515,500724.4257136472,1113396.552146062,-11.661527447111439,35.14703054702841,37.03113526039245
A-684839-2001,NO_APLICA,FUERA ASP,SANTA_RITA,3634.279206464067,12,481824.4224466843,1152011.4639864964,481787.5376271018,1152011.005209818,-36.88481958245393,-0.45877667842432857,36.887672624751524
600280141976,Internacional la Amistad,Parque Nacional,Potrero Grande,1644999.9745796132,99,600447.7956175221,1004493.3773289172,600440.3786320046,1004529.2557251327,-7.416985517484136,35.87839621549938,36.63701665205465
A-0608976-1986,NO_APLICA,FUERA ASP,DOS_RIOS,810899.0501772193,60,357370.57242806815,1213239.4406699936,357401.52704176784,1213222.1299514212,30.954613699694164,-17.310718572465703,35.46616820002413
L-0134945-1993,CAHUITA,PARQUE NACIONAL,CAHUITA,103886.38576629432,24,630947.8603554219,1071713.3648070677,630978.2531277192,1071696.074555878,30.39277229725849,-17.29025118960999,34.966746976417646
705638221999,Cahuita,Parque Nacional,Cahuita,16743.521881759167,9,630560.8686665507,1072015.0344525739,630528.9751195034,1072004.1363054921,-31.893547047278844,-10.898147081723437,33.70412368052114
G-0954937-1992,VOLCAN_ARENAL,PARQUE NACIONAL,TRONADORA,316659.91126972437,26,409017.4708093391,1149629.2538254652,408985.37309730845,1149637.6476478588,-32.097712030634284,8.393822393612936,33.1770910716573
"A-1327427-2009
",CAÑO_NEGRO,REFUGIO NACIONAL DE VIDA SILVESTRE,CAÑO_NEGRO,340822.9401577916,77,410002.4146037503,1205532.3344009568,409971.63895778323,1205540.8612580528,-30.77564596704906,8.526857096003368,31.93505404136348
G-641270-2000,NO_APLICA,FUERA ASP,CARTAGENA,53879.173410855234,22,318171.48989974277,1149379.7738975282,318202.84356211143,1149380.684163606,31.353662368666846,0.910266077844426,31.36687310301793
"A-1211683-2008
",NO_APLICA,FUERA ASP,SAN_RAFAEL,40121.04057914304,21,421039.0441627635,1185291.3707478594,421012.3877998998,1185276.7213082348,-26.65636286372319,-14.649439624510705,30.41657052388821
"A-1328806-2009
",CAÑO_NEGRO,REFUGIO NACIONAL DE VIDA SILVESTRE,CAÑO_NEGRO,132429.8625713512,29,410027.8730661478,1206676.7460774044,410030.6145582306,1206706.9460396147,2.7414920828305185,30.199962210375816,30.324140488204275
G-1193980-2008,LOMAS_DE_BARBUDAL,RESERVA BIOLOGICA,BAGACES,20319141.571524426,503,354662.21186542383,1155613.750844784,354676.42126663734,1155587.644747587,14.209401213505771,-26.106097197160125,29.722641095870852
A-0956567-1993,VOLCAN_ARENAL,PARQUE NACIONAL,TRONADERA,373895.2922031898,46,411168.8789930071,1150316.1642666126,411186.72272075707,1150292.7049728336,17.843727749946993,-23.45929377898574,29.474346211968594
"L-0728328-2001
",CAHUITA,PARQUE NACIONAL,CAHUITA,6081.597083618748,17,631386.8361261074,1070013.5858367155,631376.2282233286,1070040.194132686,-10.607902778778225,26.608295970363542,28.64487765396242
"G-0017175-1973
",VOLCAN_TENORIO,PARQUE NACIONAL,AGUA_CALIENTE,330460.8935860172,36,388462.7497576147,1175997.5128080808,388484.85948753386,1175979.4922211128,22.10972991917515,-18.020586967933923,28.523353795929026
A-0327398-1978,DE_GRECIA,RESERVA FORESTAL,BOLIVAR,711033.9650166621,24,470823.4248033624,1124770.4567616777,470846.004770308,1124753.307613851,22.579966945573688,-17.14914782671258,28.353979940136114
P-0557643-1999,NO_APLICA,FUERA ASP,SAN_VITO,53937.85915395316,38,615141.8106129586,977440.5987269125,615152.5036264914,977466.6146234758,10.693013532785699,26.015896563301794,28.127698313313093
"L-0728333-2001
",CAHUITA,PARQUE NACIONAL,CAHUITA,18901.479800498306,13,631760.6130113144,1070024.8890867238,631750.9344169345,1069998.6416126513,-9.67859437991865,-26.247474072501063,27.975079702435316
A-0878680-1992,VOLCAN_ARENAL,PARQUE NACIONAL,PENAS_BLANCAS-FORTUNA,1113135.1731248964,26,421282.77774440823,1148201.5653295363,421262.34640597383,1148182.7933524875,-20.43133843439864,-18.771977048832923,27.745751252089843
700616091992,Cahuita,Parque Nacional,Cahuita,110030.6147371009,36,631131.5320455511,1070701.6566509325,631151.0727730305,1070720.8740761145,19.54072747938335,19.217425181996077,27.40710603199733
G-960903-1991,NO_HAY_DATOS,NO HAY DATOS,BEJUCO,686695.0684074028,52,355178.7983968708,1091958.239522101,355183.1068655021,1091931.3195759351,4.30846863129409,-26.91994616575539,27.262545800310242
A-1336440-2009,VOLCAN_POAS,PARQUE NACIONAL,TORO_AMARILLO/BOLIVAR/SAN_ISIDRO/SAN_JUAN/SABANA_REDONDA/SARAPIQUI,24966645.007748127,63,473431.9260981457,1128675.3557276416,473454.9467092149,1128689.3110400941,23.02061106916517,13.955312452511862,26.920239219683815
L-0728329-2001,CAHUITA,PARQUE NACIONAL,CAHUITA,4881.056497044861,10,631402.7073278861,1069912.1411368262,631393.7241428142,1069936.3120801316,-8.983185071963817,24.170943305362016,25.786277635753837
105031481983,Braulio Carrillo,Parque Nacional,Dulce Nombre de Jesus,58897.32424383983,9,503208.00332702434,1113741.1673156,503216.5388230456,1113765.369781368,8.535496021271683,24.20246576797217,25.663476802238034
P-738435-2001,NO_APLICA,FUERA ASP,NARANJITO,26735.13796382025,21,493371.4018249423,1042158.7934940277,493347.1615469629,1042150.401984863,-24.240277979406528,-8.391509164706804,25.651676408770232
G-641268-2000,NO_APLICA,FUERA ASP,CARTAGENA,4826.515188922756,15,317851.8242775096,1149091.3591852742,317854.91561657604,1149065.9648143118,3.0913390664500184,-25.39437096239999,25.581838358486745
H-058681-1999,NO_APLICA,FUERA ASP,HORQUETAS,45140.114377301186,11,502250.9671770887,1141552.029177547,502262.85688168317,1141574.4564701542,11.889704594446812,22.427292607259005,25.384021136038005
P-0845613-1989,INTERNACIONAL_LA_AMISTAD,PARQUE NACIONAL,POTRERO_GRANDE,1088743.5869949907,31,600639.0106752047,1007615.7135621753,600656.3113397266,1007597.5839527481,17.300664521870203,-18.129609427182004,25.059842993930847
A-1321222-2009,INDER,FUERA ASP,DOS_RIOS,572858.8864981085,106,355367.86780803767,1214115.1199523036,355377.43198912515,1214092.628990326,9.564181087480392,-22.490961977513507,24.440068137140614
G-1270485-2008,CIPANCI,REFUGIO NACIONAL DE VIDA SILVESTRE,FILADELFIA,59977.08684662395,14,341515.06335837586,1147129.4661682667,341493.0497999438,1147123.5622844293,-22.013558432052378,-5.903883837396279,22.791502785179688
G-1257163-2008,NO_APLICA,FUERA ASP,SANTA_RITA,198943.29265118157,52,359008.19517293223,1109483.8800015359,359030.8108740544,1109481.2302833684,22.615701122151222,-2.64971816749312,22.770396211168904
3-6080-1970,GUAYABO,MONUMENTO NACIONAL,SANTA_TERESITA,15827.532284883615,10,533462.6311423641,1103013.7046143352,533442.2925044795,1103022.8355849015,-20.338637884589843,9.130970566300675,22.294277617431845
L-0631374-2000,NO_APLICA,FUERA ASP,CAIRO,19004.526210235897,9,553539.4930673513,1124725.7220484104,553543.8271760346,1124704.5278335768,4.334108683280647,-21.194214833667502,21.632827843214123
"A-0811540-2002
",NO_APLICA,FUERA ASP,YOLILLAL/UPALA,12731.542395202418,22,399917.7942974154,1198680.8344793296,399909.1361990401,1198661.159137545,-8.658098375308327,-19.67534178472124,21.496086662974594
A-0985840-2005,VOLCAN_POAS,PARQUE NACIONAL,BOLIVAR/TORO_AMARILLO,347260.49140625354,49,471998.5084600112,1125905.7212412413,472012.1609087264,1125921.2149057852,13.652448715176433,15.493664543842897,20.65049628744203
G-0008817-1992,VOLCAN_ARENAL,PARQUE NACIONAL,TRONADORA,358367.3700940423,47,410757.7434164708,1149853.8142631853,410777.30718942365,1149859.8410689842,19.563772952824365,6.026805798988789,20.471042970214953
"A-1597708-2012
",NO_APLICA,FUERA ASP,UPALA,46087.58493112184,127,398973.02873369114,1192580.1585029892,398953.6335371887,1192581.263005944,-19.395196502446197,1.1045029547531158,19.426620245054455
A-1270846-2008,VOLCAN_POAS,PARQUE NACIONAL,SARAPIQUI,2698292.9472229183,9,477992.65824028983,1128176.8779416843,477991.00342450786,1128196.1070030185,-1.654815781977959,19.229061334161088,19.300135104843495
A-977445-2005,VOLCAN_POAS,PARQUE NACIONAL,SAN_ROQUE/BOLIVAR,20242.88327161572,62,472496.45971142006,1125417.8751329293,472512.8376466715,1125426.9569346055,16.37793525145389,9.08180167619139,18.72740998607359
H-19293-1975,BRAULIO_CARRILLO,PARQUE NACIONAL,LA_VIRGEN,995191.0223116279,8,495746.1091734522,1149079.7971089126,495764.44762784446,1149077.293658155,18.33845439227298,-2.503450757591054,18.50854330284151
SJ-1342130-2009,NO_APLICA,FUERA ASP,SAN_VITO,871202.2492374927,50,543282.2777279596,1024849.1719438585,543286.3750067931,1024866.7798274114,4.0972788335056975,17.60788355290424,18.07830902081634
G-1374030-2009,LOMAS_DE_BARBUDAL,RESERVA BIOLOGICA,BAGACES,818331.4093148112,87,350117.13576825964,1162711.970086916,350123.2992211638,1162695.5326929095,6.163452904147562,-16.437394006410614,17.554944415281653
P-0448733-1997,MANUEL_ANTONIO,PARQUE NACIONAL,QUEPOS,1201113.8940222473,154,486396.7976798806,1037670.9612606389,486394.1941511437,1037653.9216805423,-2.6035287368576974,-17.039580096607096,17.23733308120292
705963101999,Cahuita,Parque Nacional,Cahuita,12884.904444177635,11,630720.68845308,1071570.5081737444,630734.9377829733,1071579.4989766101,14.249329893267713,8.990802865708247,16.848677650700083
P-0013701-1975,INTERNACIONAL_LA_AMISTAD,PARQUE NACIONAL,POTRERO_GRANDE,2713381.4959665835,29,600820.5009777002,1006350.1781077912,600819.847114411,1006333.3716020116,-0.6538632892770693,-16.80650577961933,16.819220366040817
H-16294-1975,BRAULIO_CARRILLO,PARQUE NACIONAL,LA_VIRGEN,1224338.8080723286,7,495857.49963530985,1151018.0896322427,495869.0695710374,1151005.890213412,11.569935727573466,-12.199418830685318,16.813364700340635
G-508836-1983,NO_APLICA,FUERA ASP,BAGACES,1054.9240653982067,6,362601.9432545851,1163696.4274413341,362604.8847707748,1163712.8926892388,2.9415161897195503,16.465247904649004,16.725935132480057
"A-0461540-1997
",NO_APLICA,FUERA ASP,PITAL,698920.5427785013,41,464694.0115586364,1166772.0410026286,464704.53651083534,1166784.7332085103,10.524952198960818,12.69220588169992,16.48838102828377
202502911995,No acplica,Fuera ASP,Los Chiles,132103.67237948626,41,438703.5983155053,1204961.322523105,438687.94102271984,1204957.3194893515,-15.657292785472237,-4.0030337534844875,16.160912616604826
"A-0811585-2002
",NO_APLICA,FUERA ASP,YOLILLAL,96760.0636998559,34,400194.7766227048,1198643.2885558035,400210.4070759471,1198646.963622916,15.630453242280055,3.675067112548277,16.056686670693832
3-6081-1970,GUAYABO,MONUMENTO NACIONAL,SANTA_TERESITA,79592.13311949931,13,533505.670596591,1102716.281375947,533495.0167272311,1102728.1857843674,-10.653869359870441,11.904408420436084,15.975602404220497
"H-591900-1985
",BRAULIO_CARRILLO,PARQUE NACIONAL,VARABLANCA,983742.127739042,6,500158.1123919027,1117878.4611438108,500143.30425644456,1117878.452898001,-14.80813545815181,-0.008245809702202678,14.80813775396321
"H-560826-1984
",BRAULIO_CARILLO,PARQUE NACIONAL,LA_VIRGEN,295616.49033224257,19,494844.4986014812,1148865.9991797234,494839.47833850444,1148852.0988902694,-5.020262976759113,-13.900289454031736,14.779075994854487
H-0650568-1987,BRAULIO_CARRILLO,PARQUE NACIONAL,VARA_BLANCA,175752.70916294307,65,486113.5433840395,1126794.563086874,486098.96481131035,1126793.5543528227,-14.578572729136795,-1.0087340513709933,14.613429686597408
"G-0571968-1999
",VOLCAN_TENORIO,PARQUE NACIONAL,PALMIRA,68754.63187973853,48,388884.27763003367,1176117.2451017695,388873.2205378244,1176126.6738530705,-11.057092209288385,9.428751301020384,14.531367424341022
A-0972361-2005,VOLCAN_POAS,PARQUE NACIONAL,SAN_ROQUE,430553.97691434715,227,473049.8268018101,1124568.960200062,473062.5484686873,1124562.647318935,12.721666877157986,-6.312881126999855,14.201875800647237
"A-0986954-2005
",VOLCAN_POAS,PARQUE NACIONAL,BOLIVAR/TORO_AMARILLO,345179.5351940833,28,472590.9698234806,1125945.5037824893,472602.98862371873,1125938.6421658157,12.018800238147378,-6.861616673646495,13.839557165623294
P-0675251-2001,NO_APLICA,FUERA ASP,SAN_VITO,19137.507290068548,23,620612.2745787204,985858.8813541295,620600.0181595618,985852.6692719648,-12.256419158657081,-6.212082164711319,13.74080694187284
"A-0957960-2004
",VOLCAN_POAS,PARQUE NACIONAL,SAN_ROQUE,4979.811405513421,8,472938.29569764,1125333.656487546,472950.1507387321,1125328.0645461436,11.855041092087049,-5.591941402293742,13.107700330025835
"A-0689083-2001
",NO_APLICA,FUERA ASP,SANTA_RITA,56102.96845617489,40,479100.7197612834,1151800.1616234654,479112.00359059963,1151794.270758306,11.28382931620581,-5.890865159453824,12.728986462563807
P-0898309-1990,INTERNACIONAL_LA_AMISTAD,PARQUE NACIONAL,POTRERO_GRANDE,546423.7252316434,14,604796.882914201,1005372.0211419871,604803.1856579253,1005361.029632815,6.302743724314496,-10.991509172017686,12.67035328366714
G-1004366-2005,MONTE_ALTO,ZONA PROTECTORA,HOJANCHA,321150.54404552514,64,347654.9079321727,1107449.9307745083,347661.2635341177,1107439.4590263586,6.3556019450188614,-10.471748149720952,12.249538170670425
P-0765581-2002,NO_APLICA,FUERA ASP,BIOLLEY,402661.4850818356,58,611329.9041088688,996876.2155142527,611336.7546203401,996866.3785468576,6.85051147127524,-9.836967395036481,11.987303072379728
"G-0543537-1999
",NO_APLICA,FUERA ASP,BOLSON,136985.41280699588,53,337326.336174888,1143635.4403855759,337328.29697600694,1143647.1651794612,1.9608011189266108,11.724793885368854,11.887620984972843
P-0557640-1999,NO_APLICA,FUERA ASP,SAN_VITO,2083.7028947403305,9,614600.4726529,977280.0790578831,614609.8601979672,977274.4001743448,9.38754506711848,-5.6788835383486,10.97158696950023
703818711997,Cahuita,Parque Nacional,Cahuita,31577.860004315153,13,629470.1025667031,1074429.6270464663,629463.7049463596,1074420.8651678467,-6.397620343486778,-8.761878619669005,10.84896598783537
P-1334450-2009,NO_APLICA,FUERA ASP,QUEPOS,122536.33923420502,43,482084.8802472551,1039836.9745786083,482086.9645727641,1039826.5309786677,2.0843255090294406,-10.443599940626882,10.649563021432035
H-0011228-1976,BRAULIO_CARRILLO,PARQUE NACIONAL,HORQUETAS,1714088.647386372,11,499567.3870197508,1130110.7036604127,499577.9133291658,1130110.0408241367,10.52630941499956,-0.6628362759947777,10.547157997730146
"A-1227263-2008
",NO_APLICA,FUERA ASP,CONCEPCION,775687.1563427597,225,457736.64681850624,1100819.1785780007,457728.37264917523,1100812.930366172,-8.274169331009034,-6.24821182875894,10.368318531722181
"A-1597699-2012
",NO_APLICA,FUERA ASP,UPALA,16256.135180948637,67,398309.795320218,1192718.16600615,398319.5404975127,1192714.802895973,9.745177294651512,-3.3631101769860834,10.309170217177458
H-0003039-1991,MAQUENQUE,REFUGIO NACIONAL DE VIDA SILVESTRE,LA_VIRGEN,588058.8050515288,49,488763.90373104793,1176509.7868774976,488756.51586311084,1176516.6551737653,-7.387867937097326,6.868296267697588,10.087323048106436
A-540990-1999,NO_APLICA,FUERA ASP,SANTA_ISABEL,287414.2167535485,52,479402.29945308465,1156993.987518994,479398.37966638984,1156984.8240667111,-3.919786694808863,-9.163452282780781,9.966623574290388
A-1335510-2009,VOLCAN_POAS,PARQUE NACIONAL,SARAPIQUI,7993621.030985283,190,474920.0856910228,1134630.3759088053,474917.97522005974,1134620.8300532755,-2.1104709630599245,-9.545855529839173,9.776371795430052
"L-0728336-2001
",CAHUITA,PARQUE NACIONAL,CAHUITA,167545.7647069549,13,629986.8582819602,1073845.4249807165,629993.7782511913,1073838.658484193,6.919969231006689,-6.766496523516253,9.678401177923803
H-0003044-1991,MAQUENQUE,REFUGIO NACIONAL DE VIDA SILVESTRE,LA_VIRGEN,10657.89836205542,8,490339.50550973526,1180002.0661219,490330.21430880803,1179999.6498492616,-9.291200927225873,-2.4162726383656263,9.600249378687895
A-0287982-1995,VOLCAN_POAS,PARQUE NACIONAL,SAN_ROQUE,43458.43413164653,29,472783.0714859243,1124924.754903029,472791.5666298274,1124920.5433779554,8.49514390307013,-4.211525073507801,9.48179378486236
"A-0811544-2002
",NO_APLICA,FUERA ASP,UPALA,19629.80897875972,15,399627.2898328993,1198345.4011940134,399628.9426476379,1198336.1020832383,1.6528147386270575,-9.299110775114968,9.44485350696781
H-420650-1997,NO_HAY_DATOS,NO HAY DATOS,HORQUETAS,13059.746834688482,6,503267.3923935298,1148822.3936092756,503275.0133394001,1148816.8336513906,7.620945870294236,-5.559957884950563,9.433554348196585
A-0573045-1999,NO_APLICA,FUERA ASP,PALMIRA,7302.037377467379,9,462192.5299531625,1128262.7129511603,462186.3696261727,1128268.8368359304,-6.160326989775058,6.123884770087898,8.686287659193974
L-0630364-2000,CAHUITA,PARQUE NACIONAL,CAHUITA,10887.373350225389,9,631329.192217676,1070163.6516756755,631328.3614249855,1070171.5820708878,-0.8307926905108616,7.930395212257281,7.973793621432616
L-0806837-1989,CAHUITA,PARQUE NACIONAL,CAHUITA,311851.34374238364,29,628608.7789572217,1075591.6962362237,628615.5676735786,1075587.6455203418,6.788716356968507,-4.050715881865472,7.905375951273217
A-0974836-2005,DE_GRECIA,RESERVA FORESTAL,SAN_ROQUE/BOLIVAR,470555.46269511455,66,471861.9430498464,1125239.7204115011,471865.4764044274,1125232.6910466219,3.533354580984451,-7.029364879243076,7.867437015985563
"A-0610716-2000
",NO_APLICA,FUERA ASP,CUTRIS,13145.480664676055,16,456365.4358567944,1174055.2460189764,456370.78111553733,1174060.4947587303,5.345258742920123,5.248739753849804,7.491399070427854
"H-570293-1985
",BRAULIO_CARRILLO,PARQUE NACIONAL,LA_VIRGEN,328752.0603071898,22,494259.1482531263,1145865.6183435074,494260.41974238725,1145858.3041117168,1.271489260951057,-7.314231790602207,7.423925621082813
A-0957959-2004,VOLCAN_POAS,PARQUE NACIONAL,SAN_ROQUE,5070.238258338533,6,472977.0332621705,1125360.3727708836,472984.2357927057,1125359.326193103,7.202530535170808,-1.046577780507505,7.278170866414164
301250911993,No aplica,Fuera ASP,Santa Cruz,5068.27019858174,8,532330.731361936,1102050.4097006924,532337.9180382318,1102050.4972638756,7.186676295823418,0.0875631831586361,7.187209715320339
A-1350885-2009,MIRAVALLES,ZONA PROTECTORA,BIJAGUA,71788.88110414427,20,381021.9214554628,1187330.1024317886,381021.54296810366,1187323.0445246028,-0.37848735915031284,-7.057907185750082,7.068048282496323
205841961999,No aplica,Fuera ASP,Pital,6327.45042780973,9,466238.3412429622,1162415.3813743414,466234.85382342414,1162409.2703828125,-3.4874195380834863,-6.1109915289562196,7.036072235386808
"L-0158590-1994
",CAHUITA,PARQUE NACIONAL,CAHUITA,54112.04429537896,25,631445.5274443108,1070461.95929757,631440.5860426379,1070466.9529651434,-4.941401672898792,4.993667573435232,7.025252047215495
P-1067008-2006,NO_APLICA,FUERA ASP,BUENOS_AIRES,785403.1431514509,79,571483.0758081357,1006006.1987724995,571484.7765089812,1005999.5008089266,1.7007008455693722,-6.697963572805747,6.910506449512446
A-0144400-1993,VOLCAN_ARENAL,PARQUE NACIONAL,FORTUNA,1332896.478397455,44,420628.1910412141,1154866.1556789477,420634.43906087126,1154863.7353596457,6.2480196571559645,-2.420319302007556,6.7004249984517905
L-0012053-1976,CAHUITA,PARQUE NACIONAL,CAHUITA,103098.44714625343,22,632027.5886397258,1070777.624678852,632025.0910781682,1070771.5926576431,-2.4975615575676784,-6.032021208899096,6.528636427191239
P-1124844-2007,NO_APLICA,FUERA ASP,BRUNKA,61603.745324845164,16,568048.5653851068,1011181.0654207492,568053.7300213892,1011177.2817942604,5.1646362823667005,-3.7836264888755977,6.402288445271707
H-0664155-1987,BRAULIO_CARRILLO,PARQUE NACIONAL,VARA_BLANCA,563444.6395955146,21,487141.30482871056,1126060.3837225554,487137.93376324995,1126055.2195748617,-3.3710654606111348,-5.1641476936638355,6.167049841026005
L-0794131-1989,CAHUITA,PARQUE NACIONAL,CAHUITA,439125.6710013449,58,632236.770157095,1070174.4514967478,632241.1221219569,1070178.8190499912,4.351964861853048,4.3675532434135675,6.165640233816436
"A-0727107-2001
",VOLCAN_POAS,PARQUE NACIONAL,SAN_ROQUE,10001.853393283349,10,472799.4245799862,1125241.673350018,472802.9942825531,1125246.6649540996,3.5697025668923743,4.991604081587866,6.136683772478638
701388541993,Cahuita,Parque Nacional,Cahuita,9217.388709789142,10,631671.190495669,1070119.15839857,631669.0919054803,1070124.823331227,-2.098590188776143,5.664932657033205,6.041154094140355
"A-0929138-1990
",CAÑO_NEGRO,REFUGIO NACIONAL DE VIDA SILVESTRE,CAÑO_NEGRO,22466.296475867275,18,413434.80310634803,1203769.4946147173,413438.39064228436,1203773.8932280296,3.5875359363271855,4.398613312281668,5.676108981108492
500451171955,Guanacaste,Parque Nacional,Cañas Dulces,1627286.8681504438,35,344767.50557469536,1204097.209891623,344762.15952341753,1204097.1478255345,-5.346051277825609,-0.06206608843058348,5.3464115502338485
A-0079164-1992,NO_APLICA,PATRIMONIO DEL ESTADO,QUESADA,2017.3508244609548,13,452773.3810193337,1143955.7121267081,452777.3036427266,1143952.1328070164,3.9226233928930014,-3.5793196917511523,5.310226335875804
"A-0811551-2002
",NO_APLICA,FUERA ASP,YOLILLAL,20034.39662021063,17,400733.3252191092,1199234.8947418577,400728.0939394033,1199235.7543974384,-5.231279705883935,0.8596555807162076,5.301442735581478
"A-0550480-1984
",FLORENCIA,FUERA ASP,FLORENCIA,378888.4401551045,63,450039.9338271867,1144721.433274962,450040.0492071976,1144726.1291372445,0.11538001091685146,4.695862282533199,4.697279544953342
"A-0629149-2000
",VOLCAN_POAS,PARQUE NACIONAL,SAN_ROQUE,10829.153107250888,14,472872.25817347347,1125119.6072600465,472876.55613194936,1125119.976377322,4.297958475886844,0.36911727557890117,4.313779621582256
SJ-1441282-2010,NO_HAY_DATOS,NO HAY DATOS,MERCEDES_SUR,192844.85455557145,20,461502.2369775174,1076327.2816448465,461501.18920517276,1076323.114275544,-1.0477723446092568,-4.167369302595034,4.2970680458120984
L-0376513-1997,NO_APLICA,FUERA ASP,ROXANA,46010.534940867685,22,544328.645676449,1148898.0891259206,544325.64136417,1148900.3859767343,-3.004312279052101,2.296850813785568,3.781721292064059
"SJ-0524336-1983
",NO_APLICA,FUERA ASP,RIVAS,2023.707924908027,5,543786.2808376658,1046480.8542320002,543789.8624609846,1046481.9278441428,3.5816233188379556,1.0736121425870806,3.7390732315313424
703764761997,No aplica,Fuera ASP,Roxana,85488.87279562093,39,543878.4854027341,1147911.6800591862,543881.9348635505,1147910.726345712,3.4494608163367957,-0.9537134740967304,3.5788754259007907
G-1328660-2009,NO_APLICA,FUERA ASP,VEINTISIETE_DE_ABRIL,66285.44382266296,34,306861.0792496907,1122651.38537411,306857.6341452982,1122650.8261086585,-3.4451043924782425,-0.5592654515057802,3.4902037362195415
A-0496790-1998,DE_GRECIA,RESERVA FORESTAL,SAN_ROQUE,113042.31280275265,45,472334.0633960093,1124798.0045334268,472336.9059197809,1124799.8595282242,2.8425237715709955,1.854994797380641,3.39425206639923
619223032016,No aplica,Fuera ASP,Potrero Grande,65621.63167413477,38,602527.9990174297,1009180.7388228952,602525.2653960191,1009178.8070399532,-2.733621410559863,-1.9317829420324415,3.3473080753642632
P-0120994-1993,NO_APLICA,FUERA ASP,QUEPOS,278861.5643397649,73,481821.30765958806,1042051.1912710639,481823.4979886649,1042048.6805824365,2.1903290768386796,-2.5106886273715645,3.331831155454594
A-0957957-2004,VOLCAN_POAS,PARQUE NACIONAL,SAN_ROQUE,10678.18371081911,8,472883.2629194934,1125257.2344140126,472886.34860326396,1125258.1062178179,3.0856837705359794,0.871803805232048,3.2064756675462576
L-0884275-1990,CAHUITA,PARQUE NACIONAL,CAHUITA,31827.74933640659,13,628546.0293955569,1075456.8606108055,628548.9099620648,1075457.9453880265,2.880566507927142,1.084777221083641,3.078052148026982
H-0612887-1985,BRAULIO_CARRILLO,PARQUE NACIONAL,LA_VIRGEN,238158.66649086587,19,494585.764276331,1145439.623222526,494583.0111282841,1145438.287522712,-2.7531480469042435,-1.3356998139061034,3.060051986656673
P-1086676-2006,NO_APLICA,FUERA ASP,BUENOS_AIRES,137642.40061355612,28,571302.6598665847,1004603.3074788683,571302.241826331,1004600.3398547083,-0.41804025368764997,-2.9676241599954665,2.996923557365458
A-0588319-1999,VOLCAN_POAS,PARQUE NACIONAL,SAN_ROQUE,7000.651647966355,7,472944.57139019796,1125065.2292987697,472941.7491366593,1125064.496457893,-2.8222535386448726,-0.7328408767934889,2.915848210571489
L-0162443-1994,CAHUITA,PARQUE NACIONAL,CAHUITA,43214.37933006324,20,629234.8237019925,1074646.5459168353,629234.1829570598,1074643.9097092624,-0.6407449326943606,-2.636207572882995,2.712958613045756
P-0675279-2001,NO_APLICA,FUERA ASP,SAN_VITO,28070.150248161517,18,620897.2257430298,985698.4537438167,620898.4278888217,985700.595237337,1.2021457918453962,2.1414935203501955,2.455839775423769
"SJ-0511165-1983
",BRAULIO_CARRILLO,PARQUE NACIONAL,SAN_JERONIMO,294725.7972500405,31,498080.2696603729,1111615.0016093012,498080.29061826086,1111617.2420705922,0.020957887929398566,2.240461291046813,2.2405593118115874
H-0378201-1980,BRAULIO_CARRILLO,PARQUE NACIONAL,SAN_JOSE,131768.67144842446,13,497463.15662772214,1111685.7379180796,497464.1218810898,1111687.551362993,0.9652533676708117,1.8134449133649468,2.0543360284065124
A-1452799-2010,GRECIA,RESERVA FORESTAL,SAN_ROQUE,99961.79086512467,73,472183.5081009068,1124857.7028860876,472182.2474271215,1124859.2313931677,-1.2606737852911465,1.528507080161944,1.9813208440395258
"A-0249946-1995
",NO_APLICA,FUERA ASP,LOS_CHILES,10773.130096102366,10,438581.55102516006,1205590.3789508496,438582.7669576552,1205591.9055325903,1.2159324951353483,1.5265817407052964,1.951651516992951
A-0894501-2003,VOLCAN_POAS,PARQUE NACIONAL,SAN_ROQUE,3998.880261884023,9,472754.17415114935,1125069.7280917116,472754.1899086108,1125071.6171347508,0.01575746142771095,1.889043039176613,1.8891087585028716
"A-0963374-2004
",VOLCAN_POAS,PARQUE NACIONAL,SAN_ROQUE,11053.749726113747,27,472300.9669052728,1125264.886187847,472302.6969014546,1125264.335325424,1.7299961817916483,-0.5508624229114503,1.8155815040888568
"A-1596917-2012
",NO_APLICA,FUERA ASP,UPALA,38651.22215458898,37,398641.58453560347,1192751.3986793954,398643.19043104595,1192750.6496622274,1.605895442480687,-0.7490171680692583,1.771983885435399
"L-0563821-1999
",CAHUITA,PARQUE NACIONAL,CAHUITA,21199.38141729214,8,630981.2248420485,1071266.5468902537,630982.3832004365,1071267.8872862172,1.1583583879983053,1.340395963517949,1.7715686534992774
A-0966064-2004,VOLCAN_POAS,PARQUE NACIONAL,SAN_ROQUE/TORO_AMARILLO,200300.51006382424,59,472760.4998183941,1125559.3755211656,472762.06931118044,1125559.7966241024,1.5694927863660268,0.4211029368452728,1.6250031661122104
P-1182636-2007,NO_APLICA,FUERA ASP,VOLCAN,8727.676370247558,8,555156.0998065353,1022385.5108024579,555156.5828095571,1022386.8934671077,0.48300302179995924,1.382664649747312,1.4646000999347053
"SJ-0511165-1983
",BRAULIO_CARRILLO,PARQUE NACIONAL,SAN_JERONIMO,50250.194649792276,38,497731.66516859276,1111852.248804539,497730.32661526144,1111852.6398265136,-1.3385533313266933,0.39102197461761534,1.3944974741603684
A-0953053-2004,VOLCAN_POAS,PARQUE NACIONAL,SAN_ROQUE/TORO_AMARILLO,20453.112804174423,33,472596.0431095676,1125331.108838408,472596.33999601734,1125330.0374217336,0.29688644973794,-1.0714166744146496,1.111789213048834
"L-0049065-1992
",CAHUITA,PARQUE NACIONAL,CAHUITA,28780.83600443974,28,629379.4060286545,1074550.697318905,629379.6987774783,1074551.741574993,0.29274882376194,1.0442560878582299,1.0845149380451036
P-2087346-2018,FUERA ASP,NO APLICA,POTRERO,1448.8639456313103,5,590396.4585400667,996551.3628016999,590395.8598849665,996551.6113481128,-0.5986551002133638,0.24854641291312873,0.6482000064667202
"G-1003293-2005
",MARINO_LAS_BAULAS,PARQUE NACIONAL,CABO_VELAS,2774.0568981262736,8,298404.50745574705,1141984.5383278504,298404.21107357944,1141985.106697017,-0.2963821676094085,0.5683691666927189,0.6410038213020475
A-2050534-2018,NO_HAY_DATOS,NO HAY DATOS,FORTUNA,645854.51823416,53,421744.5376554976,1154944.6042645818,421744.9834081653,1154944.9943573305,0.44575266767060384,0.39009274868294597,0.5923409434696169
NO_SE_INDICA,ISLA_DEL_COCO,PARQUE NACIONAL,ISLA_DEL_COCO,23269452.516424086,1677,160661.5158116884,612186.4428368749,160661.93690624856,612186.2045682427,0.4210945601516869,-0.23826863220892847,0.4838311375718353
A-1002625-2005,JUAN_CASTRO_BLANCO,PARQUE NACIONAL,QUESADA,1486429.5882361245,21,458919.4988269478,1142334.7390271598,458919.6338289074,1142335.0741941903,0.13500195957021788,0.3351670305710286,0.36133428770267506
P-0081234-1992,NO_APLICA,FUERA ASP,CORREDORES,189013.12165506184,74,625082.5403852463,955042.1999780354,625082.7026060437,955042.3571894963,0.1622207973850891,0.15721146087162197,0.2259004881217472
P-0081233-1992,NO_APLICA,FUERA ASP,CORREDORES,269366.86689359695,31,625555.3564639352,955894.9486033671,625555.5179751773,955895.106236516,0.161511242040433,0.15763314894866198,0.2256858235532626
615945512012,Las Tablas,Zona Protectora,Sabalito,50974447.008843675,49,630491.4749914317,992906.7237997039,630491.6062856619,992906.8872068368,0.13129423023201525,0.16340713296085596,0.209618858871773
P-0557642-1999,NO_APLICA,FUERA ASP,SAN_VITO,21079.61982920992,18,614862.2485658242,977715.4445896044,614862.3916934392,977715.5944555679,0.14312761498149484,0.1498659634962678,0.20723252926352007
P-0129901-1993,GOLFO_DULCE,RESERVA FORESTAL,PUERTO_JIMENEZ,6485.24851023918,5,570248.4519848891,937374.7042214145,570248.6262083771,937374.8155471066,0.17422348796389997,0.11132569203618914,0.2067540409898767
P-0129901-1993,GOLFO_DULCE,RESERVA FORESTAL,PUERTO_JIMENEZ,789043.5399531499,35,569931.687121989,937911.2755614029,569931.860874423,937911.3866853223,0.17375243396963924,0.11112391937058419,0.20624847579231692
P-0124263-1993,GOLFO_DULCE,RESERVA FORESTAL,PUERTO_JIMENEZ,402095.60879034735,21,571738.5015670235,939648.5937013889,571738.6739628048,939648.7063762787,0.1723957813810557,0.11267488973680884,0.2059512957356345
604376981981,No aplica,Fuera ASP,Puerto Jimenez,2477.3659014152363,5,576824.4373695661,943990.2291090861,576824.6064815781,943990.3461592031,0.16911201202310622,0.1170501169981435,0.20566867165366315
P-0129900-1993,GOLFO_DULCE,RESERVA FORESTAL,PUERTO_JIMENEZ,896352.4702598955,87,570476.2623609555,939239.3695286224,570476.4350518202,939239.4811539705,0.17269086476881057,0.11162534810137004,0.2056267324871736
P-0154561-1993,GOLFO_DULCE,RESERVA FORESTAL,PUERTO_JIMENEZ,246048.82340736873,33,570956.4889521789,940141.4397524444,570956.660915676,940141.5518060498,0.171963497181423,0.11205360537860543,0.20524973773724903
P-0030587-1992,GOLFO_DULCE,RESERVA FORESTAL,PUERTO_JIMENEZ,1343629.790687954,96,568851.4977111119,938668.4332748709,568851.6707932237,938668.5435242839,0.17308211175259203,0.1102494130609557,0.20521293938010338
P-0204637-1994,GOLFO_DULCE,RESERVA FORESTAL,PUERTO_JIMENEZ,706276.6530245916,56,570230.1311758946,939911.3161354308,570230.3032882033,939911.4275736198,0.17211230867542326,0.1114381889346987,0.20503930537979734
P-0030587-1992,GOLFO_DULCE,RESERVA FORESTAL,PUERTO_JIMENEZ,177459.19100255473,36,569212.4072581242,939716.2529537579,569212.5794894451,939716.3635378985,0.1722313208738342,0.11058414063882083,0.20467652540233366
606458491986,Golfito,Refugio de Vida Silvestre,Golfito,2428356.76979037,73,588742.0914304464,955734.7158200615,588742.2514206107,955734.8432051623,0.15999016433488578,0.12738510081544518,0.2045087200919924
P-0133450-1993,GOLFO_DULCE,RESERVA FORESTAL,PUERTO_JIMENEZ,208921.5690526403,40,569019.3407724792,939972.4519825091,569019.5127963021,939972.562446632,0.1720238229027018,0.11046412284485996,0.2044370760941968
P-0133451-1993,GOLFO_DULCE,RESERVA FORESTAL,PUERTO_JIMENEZ,201697.75037762127,44,568740.8321149006,940555.6702043416,568741.0036477841,940555.7804585253,0.17153288354165852,0.11025418364442885,0.20391055673313147
P-0133448-1993,GOLFO_DULCE,RESERVA FORESTAL,PUERTO_JIMENEZ,158348.5636770702,38,568482.279452525,940398.5430694193,568482.4510909449,940398.6530975412,0.17163841996807605,0.11002812185324728,0.20387725426758788
P-0981347-2005,GOLFO_DULCE,RESERVA FORESTAL,PUERTO_JIMENEZ,988508.4888375846,76,567713.2658387334,940018.0301728627,567713.4377705299,940018.1395553147,0.17193179647438228,0.10938245197758079,0.20377699438242822
P-0133449-1993,GOLFO_DULCE,RESERVA FORESTAL,PUERTO_JIMENEZ,48342.89116998948,13,568005.0882313282,940459.1920138842,568005.2598233977,940459.301649035,0.17159206955693662,0.10963515075854957,0.20362638487357787
P-0133952-1993,GOLFO_DULCE,RESERVA FORESTAL,PUERTO_JIMENEZ,343553.94558318274,44,564271.5728206661,937912.1155210761,564271.7463080416,937912.2219931957,0.1734873754903674,0.10647211957257241,0.20355387911020487
P-0137751-1993,GOLFO_DULCE,RESERVA FORESTAL,PUERTO_JIMENEZ,455584.2941571083,25,565679.2935576547,939603.2617119288,565679.4657281162,939603.3694089556,0.17217046150472015,0.10769702680408955,0.20307958390047262
P-0171613-1994,GOLFO_DULCE,RESERVA FORESTAL,PUERTO_JIMENEZ,941243.558222543,86,563384.7889987915,938465.8280489842,563384.9619942746,938465.9338039035,0.17299548315349966,0.10575491935014725,0.202759809030954
P-0211653-1994,PIEDRAS_BLANCAS,PARQUE NACIONAL,GOLFITO,778797.1791910594,43,586099.4221152645,956976.7723262588,586099.5809565976,956976.8976142573,0.15884133311919868,0.1252879984676838,0.20230583695761864
P-0970344-1991,GOLFO_DULCE,RESERVA FORESTAL,JIMENEZ,861070.614598508,54,559301.3096240618,936441.4911339541,559301.4841018775,936441.5934524301,0.17447781574446708,0.1023184759542346,0.20226610865035569
611864992007,No aplica,Fuera ASP,Guaycara,167196.73184819147,43,594081.3005382968,964395.3106828629,594081.4536445078,964395.4428408749,0.1531062109861523,0.13215801201295108,0.20225541273783382
P-0152128-1993,GOLFITO,REFUGIO NACIONAL DE VIDA SILVESTRE,GOLFITO,783548.4409767091,33,587091.5221837297,958534.0156462988,587091.6797707888,958534.1417748525,0.1575870590750128,0.12612855376210064,0.20184670733512272
P-0515543-1983,PIEDRAS_BLANCAS,PARQUE NACIONAL,GOLFITO,824219.0519637559,119,585841.6338016626,957957.3519679179,585841.7918105727,957957.4770629214,0.15800891013350338,0.1250950035173446,0.20153306325906428
P-0396549-1980,NO_HAY_DATOS,NO HAY DATOS,GOLFITO,1313121.7674220856,60,585956.9166084897,958417.4767069004,585957.0742523328,958417.6019072395,0.15764384309295565,0.12520033912733197,0.20131245908466608
P-0335129-1996,PIEDRAS_BLANCAS,PARQUE NACIONAL,GOLFITO,178461.8185340762,29,586754.3737831811,959167.6648561343,586754.5308475221,959167.7907660572,0.15706434100866318,0.1259099228773266,0.20130205139406793
P-0282889-1977,NO_HAY_DATOS,NO HAY DATOS,SIERPE,445273.2525115246,54,585406.0012766562,958275.3701200807,585406.1590264875,958275.4948864223,0.1577498313272372,0.12476634164340794,0.20112595379724463
P-0282888-1977,PIEDRAS_BLANCAS,PARQUE NACIONAL,SIERPE,949788.1302858307,65,585842.174732629,958981.6796002741,585842.3319176405,958981.8047492168,0.15718501154333353,0.12514894269406796,0.20092134210013876
P-0578002-1985,PIEDRAS_BLANCAS,PARQUE NACIONAL,GOLFITO,1591631.8128307352,105,586813.7574380717,959944.1984994843,586813.9138629652,959944.3244893822,0.15642489353194833,0.12598989787511528,0.2008536822740956
P-0980328-1991,NO_APLICA,FUERA ASP,GAYCARA,721.3119683578698,6,589676.0292945241,962994.2501017335,589676.1833467762,962994.3785503469,0.15405225206632167,0.12844861345365644,0.20057702426966145
P-0009058-1969,PIEDRAS_BLANCAS,PARQUE NACIONAL,SIERPE,152112.2306250626,27,591341.7627207839,964652.9359315553,591341.9154707781,964653.0658631496,0.1527499941876158,0.12993159424513578,0.20053623090952732
P-0020184-1991,PIEDRAS_BLANCAS,PARQUE NACIONAL,GOLFITO,172939.6330344081,30,585201.2699336237,959235.8406079673,585201.4268665229,959235.9652188835,0.1569328991463408,0.12461091612931341,0.2003891595198262
P-0104490-1993,PIEDRAS_BLANCAS,PARQUE NACIONAL,GOLFITO,234378.31889222655,57,586885.6271380961,960775.0923192367,586885.7828853803,960775.2183984625,0.15574728418141603,0.12607922579627484,0.2003826033049646
P-0054427-1992,PIEDRAS_BLANCAS,PARQUE NACIONAL,GOLFITO,230278.28653294913,23,590858.8389131353,964867.0604077687,590858.9914660543,964867.1899430564,0.1525529189966619,0.1295352877350524,0.2001294177851045
604221941997,Piedras Blancas,Parque Nacional,Golfito,2023097.5127299624,62,583963.0045160843,958640.0543919577,583963.1618916201,958640.177970986,0.1573755358112976,0.12357902829535306,0.20009706521165344
P-0023196-1991,PIEDRAS_BLANCAS,PARQUE NACIONAL,GOLFITO,1358855.8940338679,83,585668.2211482527,960164.4448552922,585668.3773507668,960164.5699109294,0.15620251407381147,0.12505563721060753,0.2000953217872181
P-0056961-1992,PIEDRAS_BLANCAS,PARQUE NACIONAL,GOLFITO,1167654.6493386715,68,587133.8114226551,961758.1118335344,587133.9663729236,961758.2381866734,0.1549502684501931,0.12635313894134015,0.19993674352933857
P-0141934-1993,PIEDRAS_BLANCAS,PARQUE NACIONAL,GOLFITO,217326.7652691938,28,590338.5535980103,964644.4756119853,590338.706301979,964644.6046684604,0.1527039686916396,0.1290564751252532,0.19993517906044536
P-0039743-1992,PIEDRAS_BLANCAS,PARQUE NACIONAL,GOLFITO,50057.68690701248,8,584435.1787805478,959447.03776384,584435.3354997677,959447.1617451785,0.15671921987086535,0.12398133845999837,0.199830643704276
P-0578001-1985,PIEDRAS_BLANCAS,PARQUE NACIONAL,GOLFITO,476735.38807538897,46,586571.3177040439,961551.2192301655,586571.4728050743,961551.3451025444,0.15510103036649525,0.12587237893603742,0.19975030763372026
P-0040165-1992,PIEDRAS_BLANCAS,PARQUE NACIONAL,GOLFITO,558821.3887753002,58,584485.5135186778,959671.6910700056,584485.6700639251,959671.8151277871,0.156545247300528,0.12405778141692281,0.19974170216174805
P-0866037-2003,PIEDRAS_BLANCAS,PARQUE NACIONAL,GOLFITO,230759.62057821127,26,590054.7000556744,964944.2829221635,590054.852524592,964944.411811181,0.1524689175421372,0.12888901750557125,0.19964756359650995
P-0282890-1977,PIEDRAS_BLANCAS,PARQUE NACIONAL,SIERPE,601482.1875711851,33,585512.5677708157,961083.7778144428,585512.7232061961,961083.9027489808,0.1554353804094717,0.12493453803472221,0.19942115303293836
P-0357793-1979,PIEDRAS_BLANCAS,PARQUE NACIONAL,SIERPE,711462.6085629109,45,584353.3721447635,960136.3358815332,584353.5283128585,960136.4598654555,0.15616809506900609,0.12398392229806632,0.19940031821914192
P-0913044-1990,PIEDRAS_BLANCAS,PARQUE NACIONAL,GOLFITO,802497.6818552911,30,586024.4597645925,961595.4781561807,586024.6147989016,961595.6035537574,0.15503430913668126,0.12539757671765983,0.19939957185548177
P-0198090-1994,PIEDRAS_BLANCAS,PARQUE NACIONAL,PALMAR,452365.42589699756,65,586671.8662589435,962186.0934260283,586672.0208295435,962186.2193717087,0.15457060001790524,0.12594568042550236,0.19938501650760526
P-0041119-1992,PIEDRAS_BLANCAS,PARQUE NACIONAL,GOLFITO,405489.6991611505,18,583574.6048443852,959369.811918368,583574.7614732938,959369.9352561984,0.1566289085894823,0.1233378304168582,0.1993610679592936
P-0040164-1992,PIEDRAS_BLANCAS,PARQUE NACIONAL,GOLFITO,426138.6856139577,55,583643.2447081612,959590.7553455113,583643.4013060733,959590.8787046043,0.1565979120787233,0.12335909309331328,0.19934987312817706
P-0037835-1992,PIEDRAS_BLANCAS,PARQUE NACIONAL,GOLFITO,145815.18885719404,20,583967.1449252558,960196.3207818166,583967.3010197815,960196.4444644117,0.15609452570788562,0.1236825950909406,0.19915542996463675
P-0894526-1990,PIEDRAS_BLANCAS,PARQUE NACIONAL,GOLFITO,932465.3878716547,36,582468.3481329131,959041.9579584735,582468.5051317704,959042.0803811237,0.1569988572737202,0.12242265022359788,0.19908778584590106
P-0451521-1981,PIEDRAS_BLANCAS,PARQUE NACIONAL,GOLFITO,498579.61359778047,11,584057.3282501474,960550.5775747813,584057.4840359652,960550.7013024334,0.15578581776935607,0.12372765212785453,0.19894158167446643
P-0033878-1992,PIEDRAS_BLANCAS,PARQUE NACIONAL,GOLFITO,220886.7670580931,23,585392.6158497959,961934.7312667898,585392.7705981052,961934.8561777662,0.1547483092872426,0.12491097638849169,0.198871293176231
P-0635551-2000,PIEDRAS_BLANCAS,PARQUE NACIONAL,GOLFITO,602191.9143298321,97,582260.7482819437,959233.7176129374,582260.9050836253,959233.8398297257,0.15680168161634356,0.12221678823698312,0.19880571089552923
P-0451522-1981,PIEDRAS_BLANCAS,PARQUE NACIONAL,SIERPE,823675.5262786895,22,584233.1390395853,961070.3109716634,584233.2943880539,961070.4348808051,0.15534846868831664,0.12390914163552225,0.1987124105451313
P-0050453-1992,PIEDRAS_BLANCAS,PARQUE NACIONAL,GOLFITO,276904.9487222211,7,583091.6670663083,960182.3851705656,583091.8231300556,960182.508119397,0.1560637472430244,0.12294883141294122,0.19867639102153645
P-0033875-1992,PIEDRAS_BLANCAS,PARQUE NACIONAL,GOLFITO,191964.87332877517,13,585372.2034484159,962470.3066445169,585372.3577310203,962470.4315746869,0.1542826044606045,0.12493017001543194,0.1985212064723365
P-0045177-1992,PIEDRAS_BLANCAS,PARQUE NACIONAL,GOLFITO,370272.0819553747,27,584631.9579055038,961991.244269093,584632.1125487927,961991.3685603155,0.15464328892994672,0.12429122242610902,0.19840074289993848
P-0023195-1991,PIEDRAS_BLANCAS,PARQUE NACIONAL,GOLFITO,507401.448226884,54,583511.3359839277,961187.3294866902,583511.4912085866,961187.452804352,0.1552246588980779,0.12331766181159765,0.19824717007993886
P-0017454-1973,PIEDRAS_BLANCAS,PARQUE NACIONAL,SIERPE,732433.6087902673,35,588726.7899888016,966087.7969569906,588726.9414329929,966087.9248116306,0.151444191345945,0.1278546400135383,0.1981972554437086
P-0474569-1982,PIEDRAS_BLANCAS,PARQUE NACIONAL,PALMAR,363137.1679668566,46,586514.3930437058,964128.7329704441,586514.5460355543,964128.8589586274,0.15299184841569513,0.1259881833102554,0.19819063553929472
P-0053545-1992,PIEDRAS_BLANCAS,PARQUE NACIONAL,GOLFITO,378559.5605468154,5,588706.723021224,966406.7414445253,588706.8742705155,966406.8692412709,0.15124929149169475,0.12779674562625587,0.1980110006272419
P-0203502-1994,PIEDRAS_BLANCAS,PARQUE NACIONAL,GOLFITO,1243663.9774812236,43,582760.769436577,960970.9122964209,582760.9248266367,960971.0350180845,0.15539005969185382,0.12272166355978698,0.1980067608894187
P-0015098-1991,PIEDRAS_BLANCAS,PARQUE NACIONAL,GOLFITO,46946.452584944665,10,586430.2538784943,964234.7128825998,586430.4066901415,964234.8387360638,0.15281164727639407,0.12585346400737762,0.19796589086502092
P-0009501-1991,PIEDRAS_BLANCAS,PARQUE NACIONAL,GOLFITO,623647.8640228175,40,586017.6193181643,963921.3870956365,586017.7723947383,963921.5126160843,0.1530765739735216,0.12552044785115868,0.1979591380265798
P-0050440-1992,PIEDRAS_BLANCAS,PARQUE NACIONAL,GOLFITO,807280.5728550814,34,583893.3293974841,962204.2714359749,583893.4838302056,962204.395137425,0.15443272155243903,0.12370145018212497,0.1978674158704609
P-0021980-1991,PIEDRAS_BLANCAS,PARQUE NACIONAL,GOLFITO,169536.61155442946,15,588320.8584938605,966658.2256392849,588321.0095218287,966658.3531791592,0.15102796826977283,0.12753987428732216,0.19767616632493015
P-0784501-1988,PIEDRAS_BLANCAS,PARQUE NACIONAL,GOLFITO,1418789.1579106562,18,581776.0596133292,961051.9291558332,581776.2149003826,961052.0510619209,0.15528705331962556,0.12190608773380518,0.1974212834403992
P-0025842-1992,PIEDRAS_BLANCAS,PARQUE NACIONAL,GOLFITO,397423.68597843614,35,586929.9426214445,965882.934368609,586930.0942034841,965883.0607058983,0.15158203965984285,0.12633728934451938,0.1973277107411906
P-0089590-1992,PIEDRAS_BLANCAS,PARQUE NACIONAL,GOLFITO,289404.3602002831,8,584690.7980921391,963940.3023021967,584690.9511259465,963940.4267371771,0.1530338074080646,0.12443498033098876,0.19723947510521866
P-0662809-1986,PIEDRAS_BLANCAS,PARQUE NACIONAL,GOLFITO,1771384.6130036898,65,585706.8047657111,964875.7967442687,585706.9570344624,964875.9220461737,0.15226875129155815,0.12530190497636795,0.19719619674475755
P-0892243-2003,NO_HAY_DATOS,NO HAY DATOS,GOLFITO,1158200.4000650346,82,579912.3102881772,960097.9106459962,579912.4662543527,960098.0309702748,0.155966175487265,0.12032427859958261,0.19698573531257108
P-0936458-1990,PIEDRAS_BLANCAS,PARQUE NACIONAL,GOLFITO,267024.00870626024,22,580454.6358774693,960724.1905186657,580454.791371075,960724.3113093915,0.15549360564909875,0.120790725806728,0.19689758972286478
P-0019928-1991,PIEDRAS_BLANCAS,PARQUE NACIONAL,GOLFITO,2250365.628567308,30,579622.2541061409,960168.3500840965,579622.410032453,960168.4701544677,0.15592631208710372,0.12007037119474262,0.19679915863623032
P-0532335-1984,PIEDRAS_BLANCAS,PARQUE NACIONAL,GOLFITO,354786.7538789333,50,585046.8849343059,965053.8384015574,585047.0370468355,965053.9631471395,0.15211252961307764,0.1247455821139738,0.1967223472873471
P-0742258-1988,GOLFO_DULCE,RESERVA FORESTAL,PUERTO_JIMENEZ,418170.91052314825,57,562231.2065709048,946639.5526264731,562231.3728034021,946639.6578125166,0.1662324973149225,0.1051860434236005,0.1967164123673144
P-0885824-1990,PIEDRAS_BLANCAS,PARQUE NACIONAL,GOLFITO,2425314.478154574,32,582733.2434687589,963019.0922891479,582733.3971691421,963019.215034855,0.1537003832636401,0.12274570704903454,0.1966985419731353
P-0885825-1990,PIEDRAS_BLANCAS,PARQUE NACIONAL,GOLFITO,2356270.07784748,38,581772.4866615979,962298.4331743881,581772.6409592252,962298.555142161,0.15429762739222497,0.12196777283679694,0.1966822194038861
P-0358162-1979,NO_HAY_DATOS,NO HAY DATOS,SIERPE,180678.29402402043,12,585484.0553557404,965633.1454295594,585484.2070488327,965633.270576852,0.15169309230986983,0.12514729262329638,0.19665360181159067
P-0025843-1992,PIEDRAS_BLANCAS,PARQUE NACIONAL,GOLFITO,484167.3923239261,15,586202.4351325575,966520.6704155811,586202.5861365424,966520.7961968736,0.15100398485083133,0.12578129256144166,0.19652770033574676
P-0508025-1983,PIEDRAS_BLANCAS,PARQUE NACIONAL,GOLFITO,1571267.9205953244,173,580242.5453021238,961233.299850178,580242.7003913564,961233.420535364,0.15508923260495067,0.12068518600426614,0.19651357253603835
P-0922564-2004,PIEDRAS_BLANCAS,PARQUE NACIONAL,GOLFITO,1486753.3654220868,109,584877.2096943782,965467.3975521089,584877.3614984731,965467.5222043775,0.15180409490130842,0.12465226859785616,0.1964247217012093
603019321978,Piedras Blancas,Parque Nacional,Golfito,1716455.789954584,38,583870.2152392442,964715.8566596074,583870.3676047595,964715.9804462146,0.15236551535781473,0.12378660717513412,0.19631193133934435
P-0532334-1984,PIEDRAS_BLANCAS,PARQUE NACIONAL,GOLFITO,618935.7739751864,44,584875.0591371091,965581.9373300325,584875.2108048098,965582.0619495467,0.1516677007311955,0.12461951421573758,0.19629853480974815
P-0005754-1991,PIEDRAS_BLANCAS,PARQUE NACIONAL,GOLFITO,707824.7471003905,32,583036.4622658667,964035.4298933661,583036.6151589204,964035.5529657247,0.15289305371697992,0.12307235866319388,0.19627300207064938
P-0023548-1992,PIEDRAS_BLANCAS,PARQUE NACIONAL,GOLFITO,78591.13757680543,14,584827.501076883,966299.2421850954,584827.6521830438,966299.3668256999,0.15110616071615368,0.12464060448110104,0.19587841150006893
607014391987,Piedras Blancas,Parque Nacional,Golfito,831385.0466253832,52,577328.1399320684,959815.7404758447,577328.2960197956,959815.8586704148,0.15608772716950625,0.11819457006640732,0.19578900624428608
P-0094716-1993,PIEDRAS_BLANCAS,PARQUE NACIONAL,GOLFITO,441038.253551468,29,583392.3551726133,965127.6908606824,583392.5071744851,965127.8142516997,0.1520018718438223,0.12339101731777191,0.19578026509007607
611635142007,PIEDRAS_BLANCAS,PARQUE NACIONAL,01,1272293.5402868316,80,579329.7176255989,961889.1977343656,579329.8721268349,961889.317675541,0.15450123604387045,0.11994117544963956,0.19559273377946582
P-0094715-1993,PIEDRAS_BLANCAS,PARQUE NACIONAL,GOLFITO,653887.6226436935,37,582517.263587983,964904.2737122438,582517.415742533,964904.3964084992,0.15215455007273704,0.12269625545013696,0.19546196102905114
P-0870839-1989,PIEDRAS_BLANCAS,PARQUE NACIONAL,GOLFITO,2995886.5512945205,53,580237.5673188629,962864.2503506619,580237.7210372151,962864.3710788332,0.15371835220139474,0.12072817131411284,0.19546002955172656
P-0025836-1992,PIEDRAS_BLANCAS,PARQUE NACIONAL,GOLFITO,2299776.3913910845,100,584764.1444109663,967027.1102290426,584764.2949406378,967027.2349018777,0.1505296714603901,0.12467283511068672,0.19545459269229123
P-0023546-1992,PIEDRAS_BLANCAS,PARQUE NACIONAL,GOLFITO,2066162.6357772895,50,583607.4324147837,966071.2821381647,583607.5836671655,966071.4057730185,0.15125238173641264,0.12363485374953598,0.19535316747523354
P-0540483-1984,NO_HAY_DATOS,NO HAY DATOS,GOLFITO,858162.3081449843,47,583691.3691198528,966226.8282031651,583691.520260762,966226.9519170119,0.15114090917631984,0.12371384678408504,0.19531689715116976
P-0870837-1989,PIEDRAS_BLANCAS,PARQUE NACIONAL,GOLFITO,1012360.8545372933,5,580890.6509372629,963871.9659513998,580890.8038102648,963872.0872793609,0.15287300187628716,0.1213279610965401,0.1951682065463298
P-0019927-1991,PIEDRAS_BLANCAS,PARQUE NACIONAL,GOLFITO,1253110.9211090505,42,578017.0579753522,961462.9817218846,578017.2127845434,961463.1005373496,0.15480919124092907,0.11881546501535922,0.19514866235638564
P-0947377-1991,PIEDRAS_BLANCAS,PARQUE NACIONAL,GOLFITO,1155939.1881850297,117,581612.3202704191,964729.1794931337,581612.472533213,964729.301412148,0.15226279385387897,0.12191901437472552,0.19505948953663693
P-0894717-2003,PIEDRAS_BLANCAS,PARQUE NACIONAL,GOLFITO,1168399.3645462068,53,577151.8014528307,960880.2100391277,577151.9566635459,960880.3281205001,0.15521071525290608,0.11808137234766036,0.1950219901057968
P-0023547-1992,PIEDRAS_BLANCAS,PARQUE NACIONAL,GOLFITO,547356.651431784,24,582644.1370321312,965736.116611504,582644.2885234646,965736.2394250941,0.15149133338127285,0.12281359010376036,0.19502000411191261
P-0047895-1992,PIEDRAS_BLANCAS,PARQUE NACIONAL,GOLFITO,1319989.4921759218,128,579233.9808690514,962789.4011535853,579234.1346118618,962789.5210393212,0.15374281036201864,0.11988573591224849,0.19496010210613096
P-0742148-1988,GOLFO_DULCE,RESERVA FORESTAL,JIMENEZ,832450.7341654375,49,561059.3948615219,948559.2972804911,561059.5594695845,948559.4015921017,0.1646080625941977,0.10431161057204008,0.1948761821545882
P-0746864-1988,PIEDRAS_BLANCAS,PARQUE NACIONAL,GOLFITO,1488407.8355962858,59,585254.5530732842,968509.1848535027,585254.7024014771,968509.3099300214,0.14932819292880595,0.12507651874329895,0.1947897449670426
P-0870838-1990,PIEDRAS_BLANCAS,PARQUE NACIONAL,GOLFITO,2961103.3389189886,42,581413.5316307361,964989.7432819963,581413.6836450511,964989.865037051,0.1520143150119111,0.1217550546862185,0.1947630491396779
P-0015044-1991,PIEDRAS_BLANCAS,PARQUE NACIONAL,GOLFITO,476443.1001126077,27,578200.4792107997,962319.7479920778,578200.6333421401,962319.8669936066,0.1541313404450193,0.11900152871385217,0.1947250213598967
P-0460938-1982,PIEDRAS_BLANCAS,PARQUE NACIONAL,SIERPE,1326134.17758676,53,583902.196572433,967716.1870679908,583902.3464827761,967716.3110139049,0.14991034311242402,0.12394591409247369,0.1945140113007378
P-0009474-1991,PIEDRAS_BLANCAS,PARQUE NACIONAL,GOLFITO,1542575.4137408072,87,578461.1856689132,963208.2015908748,578461.3390797027,963208.3208436343,0.15341078955680132,0.11925275949761271,0.19430926637769141
P-0765582-2002,NO_APLICA,FUERA ASP,BIOLLEY,218786.0745730549,29,610241.2691918198,996922.387842583,610241.3962915848,996922.5347751663,0.12709976499900222,0.14693258330225945,0.1942769525668884
P-0633463-1986,INTERNACIONAL_LA_AMISTAD,PARQUE NACIONAL,POTRERO_GRANDE,851828.0890352791,56,611987.7848898458,999273.4939330664,611987.910128117,999273.6424040886,0.12523827119730413,0.14847102225758135,0.1942376611852107
P-0765583-2002,NO_APLICA,FUERA ASP,BIOLLEY,83263.70274615288,45,610717.2484200777,997557.6361568321,610717.3750115354,997557.7834748831,0.12659145763609558,0.14731805096380413,0.19423698228248237
P-0020861-1991,PIEDRAS_BLANCAS,PARQUE NACIONAL,GOLFITO,759207.9250828698,32,577125.000451955,962169.0256898217,577125.1546208127,962169.1438171971,0.1541688577271998,0.11812737537547946,0.19422181521654308
P-1150098-2007,PIEDRAS_BLANCAS,PARQUE NACIONAL,GOLFITO,312710.3177654841,57,583255.3864111262,967753.1673865733,583255.5362673787,967753.2908131923,0.14985625247936696,0.12342661898583174,0.19414176954337636
P-0009498-1991,PIEDRAS_BLANCAS,PARQUE NACIONAL,GOLFITO,233073.47203520313,24,577863.8295345751,963095.0544951252,577863.983009427,963095.1732567531,0.15347485186066478,0.1187616279348731,0.19405889421357175
P-0424768-1981,PIEDRAS_BLANCAS,PARQUE NACIONAL,SIERPE,881434.7945159771,71,584343.1774998085,968902.2581658558,584343.3264555695,968902.3825227116,0.14895576098933816,0.12435685587115586,0.1940423828292991
P-0766057-2002,PIEDRAS_BLANCAS,PARQUE NACIONAL,GOLFITO,885227.0868075211,59,576560.9418598718,962019.4906723339,576561.0961188046,962019.608318872,0.15425893280189484,0.11764653818681836,0.1940013564295931
P-0639797-1986,PIEDRAS_BLANCAS,PARQUE NACIONAL,GOLFITO,2994477.733319536,29,579599.9298362235,964799.5304681076,579600.0819537867,964799.6507676748,0.1521175631787628,0.12029956723563373,0.19393746132329784
P-0761488-1988,PIEDRAS_BLANCAS,PARQUE NACIONAL,GOLFITO,1614555.3081560303,47,581103.3541323565,966167.447466932,581103.5051834909,966167.5690299296,0.1510511344531551,0.12156299757771194,0.19389174195840303
P-0420478-1997,PIEDRAS_BLANCAS,PARQUE NACIONAL,SIERPE,577251.9835302155,42,576100.4127306343,961903.8726336701,576100.5670636471,961903.989923894,0.15433301276061684,0.11729022394865751,0.19384446203514547
P-0694596-2001,PIEDRAS_BLANCAS,PARQUE NACIONAL,GOLFITO,1325356.0516611477,103,582108.0606149093,967366.7822868194,582108.2107315388,967366.9047495469,0.15011662954930216,0.12246272747870535,0.19373208843339834
P-0017569-1991,NO_HAY_DATOS,NO HAY DATOS,GOLFITO,773666.8725292236,27,580094.5882104666,965995.0008480932,580094.7393775026,965995.121593182,0.1511670360341668,0.12074508878868073,0.19347053845467396
P-1629526-2013,NO_APLICA,FUERA ASP,PITTIER,490453.1477917917,64,603876.5658467544,990717.8308360783,603876.6977179243,990717.9722768184,0.131871169898659,0.1414407400880009,0.19337913126054324
P-0345298-1979,PIEDRAS_BLANCAS,PARQUE NACIONAL,SIERPE,774832.693856562,45,584061.5312067913,969837.4245399367,584061.679358727,969837.5487603964,0.1481519356602803,0.12422045972198248,0.19333835277416764
P-0008177-1991,PIEDRAS_BLANCAS,PARQUE NACIONAL,GOLFITO,199833.48809935153,17,577903.4458361373,964423.9797730568,577903.5981612959,964424.0986743635,0.15232515858951956,0.11890130664687604,0.1932368356749218
P-0009500-1991,PIEDRAS_BLANCAS,PARQUE NACIONAL,GOLFITO,639606.5942468718,14,578292.892681372,964832.2314774935,578293.0447253579,964832.3506829102,0.15204398590140045,0.11920541664585471,0.19320275620833433
P-0434433-1981,PIEDRAS_BLANCAS,PARQUE NACIONAL,SIERPE,826674.6938524637,84,581685.938712128,967959.2152849569,581686.0883221993,967959.3374299048,0.14961007132660598,0.12214494799263775,0.1931387111960632
P-0051957-1961,PIEDRAS_BLANCAS,PARQUE NACIONAL,PALMAR,1146222.1425444612,15,583206.990228143,969431.4854342719,583207.1386776542,969431.6088875537,0.1484495111508295,0.1234532818198204,0.19307503762269282
P-0078559-1992,PIEDRAS_BLANCAS,PARQUE NACIONAL,GOLFITO,15361.236361780875,21,582735.4740664444,969022.2210853512,582735.6228435616,969022.3441334871,0.14877711713779718,0.12304813589435071,0.1930685741670778
P-0079277-1992,PIEDRAS_BLANCAS,PARQUE NACIONAL,GOLFITO,65892.7093046396,51,582575.2971940439,968908.7608610525,582575.446065737,968908.8837756896,0.14887169317808002,0.12291463708970696,0.19305644003918326
P-0020863-1991,PIEDRAS_BLANCAS,PARQUE NACIONAL,GOLFITO,330081.07331121713,11,579538.4483710671,966340.368702531,579538.5992020118,966340.4890111919,0.1508309447672218,0.12030866090208292,0.19293560528690679
P-0925998-1990,PIEDRAS_BLANCAS,PARQUE NACIONAL,GOLFITO,120551.19499280104,43,582451.1304797138,969139.3546813647,582451.2791398367,969139.4775009376,0.1486601228825748,0.12281957291997969,0.1928327763314848
P-0887393-2003,PIEDRAS_BLANCAS,PARQUE NACIONAL,GOLFITO,445136.9477269647,32,582623.3043681206,969469.9110867847,582623.4528080575,969470.0340654373,0.1484399369219318,0.12297865259461105,0.19276452958823395
P-0019929-1991,PIEDRAS_BLANCAS,PARQUE NACIONAL,GOLFITO,1037093.9651172012,21,576896.8531891489,964368.3567927714,576897.0055442057,964368.4748496606,0.15235505672171712,0.11805688927415758,0.19274203592825398
P-0042209-1992,PIEDRAS_BLANCAS,PARQUE NACIONAL,GOLFITO,129652.34133484866,51,581146.3314314355,968112.9411480477,581146.480893246,968113.0628449626,0.14946181047707796,0.12169691489543766,0.19274068560154436
P-0020862-1991,PIEDRAS_BLANCAS,PARQUE NACIONAL,GOLFITO,94849.98819197714,8,578958.7544789155,966194.7894543816,578958.9053922251,966194.9092967008,0.15091330965515226,0.11984231928363442,0.19270964823368975
P-0017570-1991,PIEDRAS_BLANCAS,PARQUE NACIONAL,GOLFITO,875403.3339170143,25,578220.430625085,965547.8689163602,578220.5820521184,965547.9881005904,0.15142703335732222,0.11918423022143543,0.19270450738079714
P-0009502-1991,PIEDRAS_BLANCAS,PARQUE NACIONAL,GOLFITO,87817.80873878783,17,582316.0165826209,969292.3037695548,582316.1651303667,969292.4264949089,0.1485477457754314,0.12272535404190421,0.19268613157067876
P-0046028-1992,PIEDRAS_BLANCAS,PARQUE NACIONAL,GOLFITO,173369.32540934533,8,578575.6368355374,965903.5863117495,578575.7879716179,965903.7058047601,0.1511360805016011,0.11949301057029516,0.19266731535094145
603252031978,Piedras Blancas,Parque Nacional,Golfito,812366.7506326688,45,581872.2437449272,969075.2834259308,581872.392443468,969075.4057889959,0.14869854075368494,0.12236306513659656,0.1925720014225803
P-0039646-1992,PIEDRAS_BLANCAS,PARQUE NACIONAL,GOLFITO,337044.03079913836,59,580654.814618598,967971.2838672942,580654.9641612798,967971.4051621942,0.1495426818728447,0.1212948999600485,0.19254990640880876
P-0042210-1992,PIEDRAS_BLANCAS,PARQUE NACIONAL,GOLFITO,69795.00619282576,22,582183.0958168219,969763.8700920749,582183.2439715232,969763.9927443035,0.14815470133908093,0.1226522286888212,0.192336644275622
L-0875187-1991,INTERNACIONAL_LA_AMISTAD,PARQUE NACIONAL,BRATSI,2994353.9622996105,20,614417.6607140573,1006629.1389265746,614417.7800165943,1006629.2897260677,0.1193025370594114,0.15079949307255447,0.19228515922907738
P-0043341-1992,PIEDRAS_BLANCAS,PARQUE NACIONAL,GOLFITO,153593.1305294803,25,574290.0414721111,962957.1761218247,574290.1948521285,962957.291957944,0.15338001737836748,0.11583611939568073,0.19220675401150375
P-0009499-1991,PIEDRAS_BLANCAS,PARQUE NACIONAL,GOLFITO,565234.5625574626,24,578819.4472884763,966950.4211814747,578819.5976057502,966950.5409220522,0.15031727391760796,0.11974057753104717,0.19217983438823621
P-0757304-1988,GOLFO_DULCE,RESERVA FORESTAL,PUERTO_JIMENEZ,1752614.7699326477,108,554647.7027136482,948179.23279576,554647.8673228072,948179.3318370578,0.16460915899369866,0.0990412977989763,0.19210766224780904
P-0210790-1994,INTERNACIONAL_LA_AMISTAD,PARQUE NACIONAL,POTRERO_GRANDE,694358.7839519181,11,609163.2569710974,999888.6611715733,609163.3816349092,999888.8072976364,0.12466381175909191,0.1461260630749166,0.19207782868431436
P-0506090-1983,PIEDRAS_BLANCAS,PARQUE NACIONAL,GOLFITO,1749262.2912498,71,580868.4551394503,968992.6317045928,580868.6038588647,968992.753217837,0.1487194144865498,0.12151324411388487,0.19204929768239917
P-0008176-1991,PIEDRAS_BLANCAS,PARQUE NACIONAL,GOLFITO,125000.7211855091,20,578037.3575113037,966650.7910827763,578037.50803091,966650.9101604626,0.15051960630808026,0.11907768633682281,0.1919261505539832
P-0008189-1991,PIEDRAS_BLANCAS,PARQUE NACIONAL,GOLFITO,17393.67060628161,6,577850.1583068814,966526.0974984468,577850.3089115627,966526.2164320654,0.15060468122828752,0.11893361853435636,0.19190355813676277
P-0586648-1985,PIEDRAS_BLANCAS,PARQUE NACIONAL,GOLFITO,2717269.954210964,107,579306.5303106343,968138.6976376045,579306.6796640207,968138.8178150915,0.14935338636860251,0.12017748691141605,0.19170044960853025
P-0529957-1998,GOLFO_DULCE,RESERVA FORESTAL,PUERTO_JIMENEZ,323971.9182133749,34,555789.3907572806,950551.8161766501,555789.5534947529,950551.9162777218,0.16273747221566737,0.10010107164271176,0.19105943946103376
L-0040298-1992,INTERNACIONAL_LA_AMISTAD,PARQUE NACIONAL,BRATSI,2994723.091647319,13,613251.2872681634,1008324.1102166116,613251.4051329958,1008324.2601076445,0.11786483239848167,0.1498910328373313,0.19068151573071812
P-1579882-2012,CORCOVADO,PARQUE NACIONAL,SIERPE/PUERTO_JIMENEZ,346825673.39841014,293,545534.7784588006,944672.6504313569,545534.9455463988,944672.7418276103,0.16708759812172502,0.09139625343959779,0.19045088760329337
L-0040299-1992,INTERNACIONAL_LA_AMISTAD,PARQUE NACIONAL,BRATSI,2805287.5411152295,6,613296.3807201176,1009971.9439896127,613296.4972308852,1009972.0940062384,0.11651076760608703,0.15001662564463913,0.18994669499089323
P-0204851-1994,GOLFO_DULCE,RESERVA FORESTAL,SIERPE,413039.35502195545,57,555588.7988586567,952205.7922608852,555588.9602276045,952205.8922488989,0.16136894782539457,0.09998801362235099,0.18983556092159962
P-1124915-2007,NO_APLICA,FUERA ASP,BIOLLEY,123542.77142908439,41,600051.4810073315,993544.8641804198,600051.610427493,993545.0026040474,0.12942016148008406,0.1384236275916919,0.1895011315881107
607894871989,Internacional la Amistad,Parque Nacional,POTRERO_GRANDE,1281069.9323377572,19,609028.8104279538,1005688.2322510158,609028.9302594769,1005688.3785760099,0.11983152304310352,0.14632499404251575,0.18913116558719803
P-0635422-1986,INTERNACIONAL_LA_AMISTAD,PARQUE NACIONAL,POTRERO_GRANDE,1674690.4584775888,22,609427.7459208476,1006655.5968730985,609427.8649928406,1006655.7435587225,0.11907199292909354,0.14668562402948737,0.18893070633707543
P-0961074-1991,INTERNACIONAL_LA_AMISTAD,PARQUE NACIONAL,POTRERO_GRANDE,2973981.3274194673,25,606517.4142068472,1005321.1153285886,606517.5342384584,1005321.2595544722,0.12003161117900163,0.14422588353045285,0.18763979631828312
P-0120035-1993,INTERNACIONAL_LA_AMISTAD,PARQUE NACIONAL,POTRERO_GRANDE,1636958.4547731802,57,606498.2819676572,1005656.6927764845,606498.4017171409,1005656.8369990224,0.11974948376882821,0.14422253787051886,0.1874568731541047
P-0327449-1996,GOLFO_DULCE,RESERVA FORESTAL,SIERPE,485151.8468536623,48,552065.9718034448,955580.8189971965,552066.1302147293,955580.9162442209,0.15841128455940634,0.0972470244159922,0.18587931254856147
P-0553236-1999,GOLFO_DULCE,RESERVA FORESTAL,SIERPE,210116.3063987852,62,569577.6758563153,970615.020368212,569577.8227391384,970615.1326730255,0.1468828230863437,0.11230481346137822,0.1848970925796539
P-0221965-1994,GOLFO_DULCE,RESERVA FORESTAL,SIERPE,234255.03638444876,40,553361.3079737623,959076.9032085993,553361.4635857389,959077.001680072,0.15561197663191706,0.0984714727383107,0.1841513459482286
P-0294099-1995,GOLFO_DULCE,RESERVA FORESTAL,SIERPE,690088.4383203653,114,567104.246537035,969904.3654959224,567104.3938853254,969904.4757442193,0.14734829042572528,0.11024829687085003,0.18402773066662254
P-0325260-1978,GOLFO_DULCE,RESERVA FORESTAL,SIERPE,2197133.7144189794,51,570128.3714426544,972587.7779685052,570128.5167304188,972587.8908171267,0.14528776437509805,0.11284862156026065,0.18396561055035512
P-0581151-1999,GOLFO_DULCE,RESERVA FORESTAL,SIERPE,966001.0163749508,138,560686.113197777,965739.0893534945,560686.263674613,965739.1941351707,0.15047683601733297,0.1047816762002185,0.18336433089648257
P-1053430-2006,GOLFO_DULCE,RESERVA FORESTAL,SIERPE,836011.4991643131,41,566422.1674905308,970677.0782468556,566422.3141661945,970677.1879771815,0.1466756637673825,0.10973032587207854,0.18317886001827502
P-0581151-1999,GOLFO_DULCE,RESERVA FORESTAL,SIERPE,121433.57071214914,46,560190.5102194789,965752.593621375,560190.6606658292,965752.6979868341,0.15044635033700615,0.10436545906122774,0.183101756886126
P-0015639-2022,LA AMISTAD,PARQUE NACIONAL,POTRERO GRANDE,2019632.4454999156,82,603113.5115224178,1010431.2664810037,603113.6271927299,1010431.4081577135,0.11567031207960099,0.1416767097543925,0.1828986363629392
P-0416596-1997,GOLFO_DULCE,RESERVA FORESTAL,SIERPE,520523.4808427866,42,547681.0616937976,957126.6627868147,547681.2186631116,957126.7565160806,0.15696931397542357,0.09372926584910601,0.18282379715597064
P-0225349-1994,TERRABA_SIERPE,HUMEDAL NACIONAL,SIERPE,342501.11125519406,47,551202.9396822416,959627.3825102977,551203.094747056,959627.479230869,0.15506481437478215,0.09672057128045708,0.18275657461745012
P-0089277-1993,GOLFO_DULCE,RESERVA FORESTAL,SIERPE,612897.2784303689,61,560183.6481512357,966508.3785839425,560183.797976344,966508.482992265,0.14982510835397989,0.10440832248423249,0.18261615727326347
P-0573834-1999,INTERNACIONAL_LA_AMISTAD,PARQUE NACIONAL,POTRERO_GRANDE,1049110.4786747359,74,601366.5245516892,1009106.7905961713,601366.6412370586,1009106.9307766121,0.11668536940123886,0.14018044085241854,0.18238977885254967
P-08456144-1989,INTERNACIONAL_LA_AMISTAD,PARQUE NACIONAL,POTRERO_GRANDE,1006951.01923424,29,600933.5215130168,1008706.8496168152,600933.6384964387,1008706.9894040036,0.11698342196177691,0.13978718838188797,0.1822788497045134
P-0219206-1994,GOLFO_DULCE,RESERVA FORESTAL,AGUA_BUENA,417495.4421057794,68,552229.8669623646,961444.8712779438,552230.0205888256,961444.9689230857,0.15362646093126386,0.09764514188282192,0.1820320390249518
P-0224602-1994,GOLFO_DULCE,RESERVA FORESTAL,SIERPE,834787.6216004705,69,551115.4280293129,960740.5257613885,551115.5821820083,960740.6224551123,0.1541526954388246,0.096693723811768,0.1819690351011443
P-0219194-1994,GOLFO_DULCE,RESERVA FORESTAL,SIERPE,122582.23661374673,41,553224.4015377281,962309.1433210628,553224.554518734,962309.24182412,0.15298100584186614,0.09850305726286024,0.18195065385570727
P-0094946-1993,GOLFO_DULCE,RESERVA FORESTAL,SIERPE,1162442.4718804546,127,558056.3511073996,965975.5511756878,558056.5012777736,965975.6538089638,0.15017037407960743,0.10263327602297068,0.1818920850351013
P-0272483-1995,GOLFO_DULCE,RESERVA FORESTAL,SIERPE,322002.0570435282,54,549957.9560477126,960334.2253673238,549958.1104809088,960334.3210973333,0.15443319617770612,0.09573000948876143,0.1816971293069327
P-0180767-1994,GOLFO_DULCE,RESERVA FORESTAL,SIERPE,483326.365759911,33,549098.0839694504,959884.3642268628,549098.2387238638,959884.4592405331,0.15475441340822726,0.0950136702740565,0.18159439971615765
P-0219204-1994,GOLFO_DULCE,RESERVA FORESTAL,SIERPE,3103.6830313187093,7,552742.5914810742,962517.9484706266,552742.7442634961,962518.0465758122,0.15278242190834135,0.0981051855487749,0.18156843303762352
P-0219201-1994,GOLFO_DULCE,RESERVA FORESTAL,SIERPE,17406.354103036225,13,552621.3665989995,962535.4522916251,552621.519357596,962535.5502973755,0.15275859646499157,0.09800575044937432,0.18149467186421525
P-0357829-1996,INTERNACIONAL_LA_AMISTAD,PARQUE NACIONAL,POTRERO_GRANDE,714016.2733961856,78,600324.3836061768,1009821.0178324163,600324.4996463291,1009821.1571718312,0.11604015226475894,0.13933941489085555,0.18133060822639518
P-0270095-1995,GOLFO_DULCE,RESERVA FORESTAL,SIERPE,671443.240488125,52,559450.1221105963,968013.6059024822,559450.270650539,968013.7097796536,0.14853994268923998,0.10387717140838504,0.18125832757125865
"L-0728334-2001
",CAHUITA,PARQUE NACIONAL,CAHUITA,70697.04820261589,11,632107.1477183505,1070586.3995941775,632107.2151825585,1070586.567804985,0.0674642079975456,0.16821080748923123,0.18123546870553597
P-0184596-1994,GOLFO_DULCE,RESERVA FORESTAL,SIERPE,534873.0691423267,46,546647.974108469,958865.6477140065,546648.1295960821,958865.7406516467,0.1554876131704077,0.092937640263699,0.18114580543643585
P-0180759-1994,GOLFO_DULCE,RESERVA FORESTAL,SIERPE,406741.3739045486,55,548727.4361551383,960442.4162342087,548727.5904416491,960442.5109550162,0.1542865107767284,0.09472080750856549,0.18104242260512382
L-0064142-1992,CAHUITA,PARQUE NACIONAL,CAHUITA,44925.72564603202,17,631759.0634409911,1070503.100310375,631759.13097128,1070503.2682282417,0.06753028894308954,0.1679178667254746,0.18098825898486182
L-0064144-1992,CAHUITA,PARQUE NACIONAL,CAHUITA,7935.178870336385,9,631557.7217922366,1070383.3236107754,631557.7894375293,1070383.4913392672,0.06764529272913933,0.16772849182598293,0.18085555727881236
P-184587-1994,GOLFO_DULCE,RESERVA FORESTAL,SIERPE,372562.34403797984,30,547075.3740301138,959791.699415228,547075.5287500079,959791.7927501769,0.15471989405341446,0.09333494887687266,0.1806921644614072
P-0184601-1994,GOLFO_DULCE,RESERVA FORESTAL,SIERPE,62289.08171344921,14,545976.1005809781,959088.3872396955,545976.2558494679,959088.4796534632,0.15526848984882236,0.09241376770660281,0.18068925923159848
P-0212673-1994,GOLFO_DULCE,RESERVA FORESTAL,SIERPE,994869.7421564036,90,558280.3323003324,968073.2274647804,558280.4807463564,968073.3303918183,0.1484460240462795,0.10292703786399215,0.18063830484867893
"L-0064145-1992
",CAHUITA,PARQUE NACIONAL,CAHUITA,17611.209152585547,8,631223.0157256561,1070449.9425648763,631223.0832924638,1070450.1100162978,0.06756680773105472,0.16745142149738967,0.180569244525367
P-0184595-1994,GOLFO_DULCE,RESERVA FORESTAL,SIERPE,263042.75518280827,24,547164.5778003726,960145.9772812561,547164.7322699658,960146.0707121743,0.15446959319524467,0.09343091817572713,0.18052753721541706
P-0184599-1994,GOLFO_DULCE,RESERVA FORESTAL,SIERPE,104232.93314842996,33,546161.375334674,959453.5383691167,546161.5302800259,959453.6309526197,0.1549453518819064,0.09258350299205631,0.1804986623110761
L-0557033-1999,NO_HAY_DATOS,NO HAY DATOS,CAHUITA,66729.51376240555,22,631214.0083802734,1070808.4367944058,631214.0755828613,1070808.6042205323,0.06720258796121925,0.16742612654343247,0.18040979928491377
P-0121905-1993,GOLFO_DULCE,RESERVA FORESTAL,SIERPE,1719937.586896224,66,557016.4507600964,967621.7928718431,557016.5995327649,967621.8947504907,0.14877266844268888,0.10187864757608622,0.18031241140723125
"L-0134946-1993
",CAHUITA,PARQUE NACIONAL,CAHUITA,22001.698983488604,10,630877.6412997436,1071391.0741331775,630877.708062657,1071391.241321084,0.06676291348412633,0.16718790656886995,0.18002522800921578
L-0728331-2001,CAHUITA,PARQUE NACIONAL,CAHUITA,5991.08161931328,7,630833.1449938115,1071311.384359729,630833.2118161686,1071311.5514994843,0.06682235712651163,0.16713975532911718,0.18000257004670855
P-0179427-1994,GOLFO_DULCE,RESERVA FORESTAL,SIERPE,35006.261890078895,14,546763.1386551972,960754.0401082939,546763.2925888593,960754.1332164283,0.153933662106283,0.09310813446063548,0.17990190947344356
L-0563823-1999,CAHUITA,PARQUE NACIONAL,CAHUITA,30428.145097218454,5,630682.6274132507,1072071.7807522684,630682.6935814156,1072071.9478550446,0.06616816483438015,0.1671027762349695,0.17972635828665753
P-0180763-1994,GOLFO_DULCE,RESERVA FORESTAL,SIERPE,127387.44061787985,22,546281.4983164758,961120.1557285375,546281.6519550262,961120.2484722417,0.15363855042960495,0.09274370421189815,0.17946085603566678
P-0180757-1994,GOLFO_DULCE,RESERVA FORESTAL,SIERPE,218613.27032899484,27,545607.6737932645,960652.990190563,545607.8277613629,960653.0823524994,0.15396809834055603,0.09216193633619696,0.17944357836335173
L-0729292-2001,CAHUITA,PARQUE NACIONAL,CAHUITA,45695.44769285433,8,630530.1960715826,1072663.2396717276,630530.2617673416,1072663.4066495323,0.06569575902540237,0.16697780461981893,0.1794366740373276
"L-0221135-1994
",CAHUITA,PARQUE NACIONAL,CAHUITA,14539.353453148156,12,630361.5728788926,1072475.0481276358,630361.6387316782,1072475.2149430127,0.06585278559941798,0.16681537684053183,0.17934313290910123
P-0091559-1993,GOLFO_DULCE,RESERVA FORESTAL,SIERPE,2200192.8707907074,60,556346.7145875816,968658.0849704728,556346.8624757122,968658.1863429663,0.14788813062477857,0.1013724934309721,0.1792966302084455
L-0709390-2001,CAHUITA,PARQUE NACIONAL,CAHUITA,30990.020681753755,5,630242.7291093156,1072777.7497573593,630242.7947315448,1072777.9165495462,0.06562222924549133,0.1667921869084239,0.17923702347685433
6-2176890-2020,GOLFO_DULCE,RESERVA FORESTAL,SIERPE,1332208.452092208,33,547383.9248295974,962378.7094827506,547384.0774574316,962378.803212349,0.152627834235318,0.09372959833126515,0.17911028274977409
707093892001,Cahuita,Parque Nacional,Cahuita,25175.275939490646,8,630159.2730400406,1072922.9456147174,630159.3384977855,1072923.1123104964,0.06545774487312883,0.1666957789566368,0.17908712708018837
L-0724637-2001,CAHUITA,PARQUE NACIONAL,CAHUITA,45761.397748075426,10,630145.7066252548,1073143.663061841,630145.7719073867,1073143.829750185,0.06528213189449161,0.166688343975693,0.17901609079088043
700215061975,Cahuita,Parque Nacional,Cahuita,259348.61878430843,11,630329.1716713788,1073879.5676129647,630329.2363619534,1073879.7345238747,0.064690574654378,0.16691091004759073,0.17900872141331153
"L-0522635-1983
",CAHUITA,PARQUE NACIONAL,CAHUITA,214344.3694650354,21,630048.0145733262,1073442.3844283822,630048.0796231469,1073442.5510621732,0.06504982069600374,0.16663379105739295,0.17888068508014252
608991792003,GOLFO DULCE,RESERVA FORESTAL,SIERPE,75919.42170961657,39,534439.1483462256,954641.433936828,534439.3067230474,954641.5166866537,0.15837682178243995,0.08274982566945255,0.17869177744437917
608991752003,GOLFO DULCE,RESERVA FORESTAL,SIERPE,250959.82952822917,38,534734.600969126,954933.5673056953,534734.759152868,954933.6502913672,0.15818374196533114,0.08298567193560302,0.1786301149547802
P-0848159-1989,GOLFO_DULCE,RESERVA FORESTAL,SIERPE,2671527.4158289954,79,550615.4244735909,965866.7997385022,550615.5743988608,965866.8962603122,0.14992526988498867,0.09652180992998183,0.17830885099244576
P-0187529-1994,GOLFO_DULCE,RESERVA FORESTAL,SIERPE,639320.1662999596,41,553411.4118719238,967945.8926245256,553411.5601983147,967945.9915413389,0.14832639088854194,0.09891681326553226,0.17828419498269812
700215061975,Cahuita,Parque Nacional,Cahuita,691597.223963026,17,629895.2479508367,1075862.1835110402,629895.3110415847,1075862.350210955,0.0630907480372116,0.16669991472736,0.1782394570739151
708910371990,Cahuita,Parque Nacional,Cahuita,134046.98182880878,21,629481.9408414887,1074783.4164022296,629482.0047355157,1074783.5826238843,0.06389402702916414,0.16622165474109352,0.1780788735220179
P-0092056-1993,GOLFO_DULCE,RESERVA FORESTAL,SIERPE,2815160.3000147045,322,557481.3311629402,971444.8800254789,557481.4768164261,971444.9824468167,0.1456534859025851,0.10242133785504848,0.17805917107409136
700794771992,Cahuita,Parque Nacional,Cahuita,5870.697391274385,12,629317.475496761,1074517.431976028,629317.5396086058,1074517.5980568703,0.0641118447529152,0.1660808422602713,0.17802577005451492
L-0656662-1986,CAHUITA,PARQUE NACIONAL,CAHUITA,333385.592715621,6,630138.049453834,1077577.4739105992,630138.111078253,1077577.6408132678,0.06162441906053573,0.16690266854129732,0.1779159065141582
L-0728332-2001,CAHUITA,PARQUE NACIONAL,CAHUITA,28203.848192419857,9,628974.5712802307,1075038.0992869688,628974.6349397931,1075038.2650888849,0.06365956249646842,0.1658019160386175,0.17760297086287305
P-0202115-1994,GOLFO_DULCE,RESERVA FORESTAL,SIERPE,1601447.7850825638,142,547326.9682689919,965410.0456001405,547327.1184157756,965410.1394175531,0.15014678367879242,0.09381741262041032,0.17704734835595368
"L-0907365-1990
",CAHUITA,PARQUE NACIONAL,CAHUITA,271050.72337461263,37,627736.0631221827,1076049.7935526166,627736.1259500302,1076049.9583782137,0.06282784743234515,0.16482559707947075,0.1763939224168057
"L-0728335-2001
",CAHUITA,PARQUE NACIONAL,CAHUITA,89527.18111116067,25,627558.9968218353,1076304.4043903677,627559.0593963832,1076304.5691002507,0.06257454794831574,0.1647098830435425,0.1761956855974445
709201541990,Cauita,Parque Nacional,Cahuita,23684.429284490645,9,627394.2785107896,1076229.6099596194,627394.3411671488,1076229.7745455776,0.06265635916497558,0.1645859582349658,0.17610893501447428
602882491977,Terraba Sierpe,Humedal Nacional,Sierpe,2998158.829662338,42,551454.5507058564,978739.1177622193,551454.6900826187,978739.2155608209,0.1393767623230815,0.09779860160779208,0.17026581674577074
602772531977,Terraba Sierpe,Humedal Nacional,Sierpe,2266913.0735111237,34,549166.0438739242,978439.2111021406,549166.1833959112,978439.3070103105,0.13952198706101626,0.09590816986747086,0.1693067096153665
P-0536592-1999,NO_APLICA,FUERA ASP,PILAS,419048.39811131964,70,557498.5156634409,1009026.0161209396,557498.6304359919,1009026.1202424357,0.11477255099453032,0.10412149608600885,0.1549645908231323
SJ-1325380-2009,NO_APLICA,FUERA ASP,PEJIBAYE,81241.39387044002,40,551201.6477620408,1011652.8788171972,551201.760102167,1011652.9778755085,0.11234012618660927,0.0990583113161847,0.14977600940216515
SJ-1325378-2009,NO_APLICA,FUERA ASP,PEJIBAYE,126396.02163434128,38,550284.4445888974,1011706.8819875685,550284.556861121,1011706.9803127584,0.11227222357410938,0.09832518990151584,0.14924106390482464
SJ-1325384-2009,NO_APLICA,FUERA ASP,PEJIBAYE,29333.3261574457,22,549257.5124405812,1012042.2474480276,549257.6244400796,1012042.3449485427,0.11199949833098799,0.09750051505398005,0.1484932256440824
SJ-0097990-1993,CHIRRIPO,PARQUE NACIONAL,SAN_PEDRO,526379.171555113,15,556203.4557697449,1037429.0425142983,556203.5471501047,1037429.146825623,0.09138035972137004,0.10431132465600967,0.13867668367212435
SJ-1521524-2011,NO_APLICA,FUERA ASP,CAJON,820059.2238089256,87,542124.9859078113,1026361.9152220614,542125.0857690412,1026362.0074968487,0.09986122988630086,0.0922747872537002,0.1359665458747859
SJ-0810730-1989,CHIRRIPO,PARQUE NACIONAL,RIVAS,1159232.9301416576,15,546825.6608936341,1042463.5705853237,546825.7477477086,1042463.6674100426,0.08685407449956983,0.09682471887208521,0.13007173575314185
L-2262554-2021,TORTUGUERO,PARQUE NACIONAL,COLORADO,94431659.57697237,84,555538.3097810522,1153448.9255961447,555538.3058041151,1153449.0344177962,-0.003976937034167349,0.1088216514326632,0.10889429667666614
"C-0793937-2002
",NO_APLICA,FUERA ASP,LA_SUIZA,3607.2281384579837,29,543881.4904286427,1088142.2249073845,543881.5395754542,1088142.3213971094,0.04914681147783995,0.09648972493596375,0.10828516101782498
C-0791680-2002,NO_APLICA,FUERA ASP,LA_SUIZA,29881.282941951416,33,543927.3137753644,1088252.2641530072,543927.3628820099,1088252.3606561197,0.04910664551425725,0.0965031124651432,0.1082788684329634
L-631375-2000,NO_APLICA,FUERA ASP,CAIRO,687793.5467621945,43,554247.9428394702,1125178.7048325639,554247.962041809,1125178.8113847305,0.019202338764443994,0.10655216663144529,0.10826861977452078
"C-1228028-2008
",NO_APLICA,FUERA ASP,TRES_EQUIS,326744.4785875248,103,546239.4269967448,1098057.4802305745,546239.4681588004,1098057.579044514,0.04116205556783825,0.09881393960677087,0.10704442759518296
L-0690799-1987,TORTUGUERO,PARQUE NACIONAL,COLORADO,808903.8712504599,32,551653.5685194351,1164026.5257061417,551653.5556777304,1164026.6317535834,-0.01284170476719737,0.10604744171723723,0.10682213851116577
3-1609916-2012,NA,FUERA ASP,La Suiza,250002.02677798131,88,544190.256597874,1093908.6020889236,544190.3010605045,1093908.6990142856,0.04446263052523136,0.09692536201328039,0.10663700724714986
"C-1219333-2008
",NO_APLICA,FUERA ASP,TRES_EQUIS/PAVONES,205245.70077638276,91,545376.7498177422,1100150.0541518743,545376.7891941528,1100150.1523251869,0.03937641065567732,0.09817331261001527,0.10577571094040598
L-0251110-1995,BARRA_DEL_COLORADO,REFUGIO NACIONAL DE VIDA SILVESTRE,COLORADO,43946863.150922805,64,547349.925432952,1175604.2145975973,547349.9029036717,1175604.3175983755,-0.02252928027883172,0.10300077823922038,0.10543589895176694
G-0000417-1975,GUANACASTE,PARQUE NACIONAL,LA_CRUZ,2969991.9421874695,40,321807.2102665836,1219309.402272763,321807.14246625657,1219309.3220207905,-0.06780032702954486,-0.08025197242386639,0.10505838102328745
"C-1708566-2013
",NO_APLICA,FUERA ASP,PAVONES,22139.13885846708,54,541964.1953341372,1095126.051922023,541964.2386995113,1095126.1470699932,0.04336537409108132,0.09514797013252974,0.10456429548560157
G-264669-1995,NO_HAY_DATOS,NO HAY DATOS,LA_CRUZ,1797282.824619539,38,324352.16521327174,1221215.5659600752,324352.0959897057,1221215.4878595662,-0.0692235660389997,-0.07810050901025534,0.10436278840092732
"G-0402370-1980
",MARINO_LAS_BAULAS,PARQUE NACIONAL,VEINTISIETE_DE_ABRIL,872.6795334983617,6,297457.369335598,1143453.9447335787,297457.36266700627,1143453.8414063693,-0.006668591755442321,-0.10332720936276019,0.10354217648232256
"G-0402365-1980
",MARINO_LAS_BAULAS,PARQUE NACIONAL,CABO_VELAS,918.7736578597687,6,297526.75483051565,1143382.2258784114,297526.74820637546,1143382.1226212743,-0.006624140194617212,-0.1032571371179074,0.10346939450438605
"G-0402369-1980
",MARINO_LAS_BAULAS,PARQUE NACIONAL,CABO_VELAS,882.0159957320429,6,297471.0467972315,1143439.7170026628,297471.0401977236,1143439.6137537102,-0.006599507876671851,-0.10324895265512168,0.10345965266031881
"G-0402367-1980
",MARINO_LAS_BAULAS,PARQUE NACIONAL,CABO_VELAS,880.9006502795964,6,297498.3633462291,1143411.3887463158,297498.35675562645,1143411.2855010768,-0.006590602628421038,-0.1032452390063554,0.10345537888619036
500108921952,Guanacaste,Parque Nacional,Cañas Dulces,2920655.0194305284,56,325282.8582690691,1220736.4143932571,325282.7894738336,1220736.3371283694,-0.06879523553652689,-0.07726488774642348,0.103453599797173
"G-0919333-2004
",MARINO_LAS_BAULAS,PARQUE NACIONAL,CABO_VELAS,1018.1561659503966,6,297630.76204833534,1143276.590794609,297630.7555608258,1143276.4876231032,-0.0064875095267780125,-0.10317150573246181,0.10337527448555305
"G-0919331-2004
",MARINO_LAS_BAULAS,PARQUE NACIONAL,CABO_VELAS,1002.1574014125672,6,297617.17254235054,1143291.6985233459,297617.1660425763,1143291.5953855107,-0.006499774230178446,-0.10313783516176045,0.1033424409760954
510587722006,Marino las Baulas,Parque Nacional,Cabo Velas,4955.87166816165,6,297731.3088584882,1143165.7949454407,297731.3024569681,1143165.6918364323,-0.006401520106010139,-0.10310900839976966,0.10330753637974059
G-0000413-1975,GUANACASTE,PARQUE NACIONAL,LA_CRUZ,2563238.0288029914,42,322400.9512086357,1216333.1797286796,322400.8859115036,1216333.0998365828,-0.06529713212512434,-0.07989209680818021,0.10318169700181125
G-0344730-1996,MARINO_LAS_BAULAS,PARQUE NACIONAL,CABO_VELAS,400.5462251761928,6,297925.3161659161,1143848.7219144902,297925.3091757587,1143848.618970987,-0.006990157417021692,-0.10294350329786539,0.10318055617194727
510452352006,Marino las Baulas,Parque Nacional,Cabo Velas,3954.3085994251305,11,298020.86200108315,1142707.6454259283,298020.8560032999,1142707.5425519045,-0.005997783271595836,-0.10287402383983135,0.10304871753287968
G-414-1975,GUANACASTE,PARQUE NACIONAL,LA_CRUZ,2568780.3326395154,28,323162.28765088524,1217122.7905759937,323162.22172613716,1217122.7113868077,-0.06592474807985127,-0.0791891859844327,0.1030388256254356
"G-1042300-2005
",MARINO_LAS_BAULAS,PARQUE NACIONAL,CABO_VELAS,9407.236369659047,9,298123.83722820296,1142535.3235178457,298123.83138563304,1142535.2206923915,-0.005842569924425334,-0.10282545420341194,0.10299130864038851
G-20583-1975,NO_HAY_DATOS,NO HAY DATOS,LA_CRUZ,1347478.1706999205,44,327024.767074666,1221716.0759366273,327024.6975482361,1221716.0000641753,-0.06952642987016588,-0.0758724519982934,0.10291041454937605
SJ-1022660-2005,NO_HAY_DATOS,NO HAY DATOS,COPEY,499309.68428019667,69,518833.9774725158,1060637.8666854994,518834.04814600124,1060637.9413386944,0.07067348546115682,0.07465319498442113,0.102800005197521
"G-1446692-2010
",MARINO_LAS_BAULAS,PARQUE NACIONAL,CABO_VELAS,19984.99988236651,10,298289.8550846934,1142467.0200452828,298289.84930930566,1142466.9174149048,-0.005775387748144567,-0.10263037797994912,0.10279275065853936
G-416-1975,GUANACASTE,PARQUE NACIONAL,LA_CRUZ,2577950.393345462,21,324031.16144607455,1217665.2336136734,324031.09511427046,1217665.1551033016,-0.06633180408971384,-0.0785103717353195,0.10278028363365335
510032952005,Marino las Baulas,Parque Nacional,Cabo Velaz,2736.139494344825,12,298367.3303023362,1142097.4857246089,298367.32479935675,1142097.3831044498,-0.005502979445736855,-0.10262015904299915,0.10276760104619861
"G-1006602-2005
",MARINO_LAS_BAULAS,PARQUE NACIONAL,CABO_VELAS,2860.2634756495936,6,298379.21209289425,1142059.7826962443,298379.20660105813,1142059.6800936842,-0.00549183611292392,-0.10260256007313728,0.1027494311295832
"G-1566211-2012
",MARINO_LAS_BAULAS,PARQUE NACIONAL,CABO_VELAS,7323.524928709017,10,298463.69109653577,1141849.023716563,298463.68579443963,1141848.9211500932,-0.005302096134983003,-0.10256646969355643,0.10270342218652614
G-429753-1981,GUANACASTE,PARQUE NACIONAL,LA_CRUZ,2068808.0826157585,13,326204.11938334,1220145.7963196272,326204.051120119,1220145.7197042108,-0.06826322100823745,-0.07661541644483805,0.10261476199570621
"G-1059140-2006
",MARINO_LAS_BAULAS,PARQUE NACIONAL,CABO_VELAS,16938.355932900682,11,298637.14538186125,1140573.7809137038,298637.1411233318,1140573.6784682353,-0.00425852945772931,-0.10244546853937209,0.10253394119701936
G-418-1975,GUANACASTE,PARQUE NACIONAL,LA_CRUZ,2660138.127959013,25,324870.16105787363,1217997.7789269104,324870.0944860764,1217997.7011594628,-0.06657179724425077,-0.0777674475684762,0.10236982020910913
"L-0668907-2000
",NO_APLICA,FUERA ASP,FLORIDA,16299.10334928031,29,544820.5906045926,1113504.989045762,544820.6189860378,1113505.0873697295,0.02838144521228969,0.09832396754063666,0.10233820901926305
L-0668906-2000,NO_APLICA,FUERA ASP,FLORIDA,39360.437948040664,43,544861.3331637061,1113625.7394293223,544861.3614286953,1113625.837737596,0.028264989145100117,0.09830827359110117,0.10229089044404406
SJ-0446517-1997,LOS_SANTOS,RESERVA FORESTAL,COPEY,1647041.6438165754,104,518641.34578604513,1062031.2525481903,518641.41533522995,1062031.327107748,0.0695491848164238,0.0745595577172935,0.10196183970303545
P-738439-2001,NO_APLICA,FUERA ASP,NARANJITO,9593.645273775328,7,494770.47443871695,1040230.1429159961,494770.56088684866,1040230.1968898957,0.08644813171122223,0.05397389957215637,0.10191398977268061
SJ-0417101-1997,LOS_SANTOS,RESERVA FORESTAL,COPEY,1270680.8416856378,90,517400.3359737864,1060964.9737892612,517400.4062971053,1060965.0472767875,0.070323318883311,0.07348752627149224,0.10171423546518504
C-0007198-1974,TAPANTI_MACIZO_DE_LA_MUERTE,PARQUE NACIONAL,PEJIBAYE,909814.0313980728,5,530353.6575741902,1079648.0892715664,530353.7131401608,1079648.174214018,0.05556597060058266,0.08494245167821646,0.10150269546120907
P-738434-2001,NO_APLICA,FUERA ASP,NARANJITO,167239.4809959745,40,494215.8462171604,1040645.8638700335,494215.9322091378,1040645.9174502012,0.08599197742296383,0.05358016770333052,0.1013185795016321
C-0864968-2003,NO_APLICA,FUERA ASP,SANTA_TERESITA,10006.828211512599,12,540731.0667257167,1104684.3817377829,540731.1021793963,1104684.4762876024,0.03545367962215096,0.09454981959424913,0.1009783728530777
C-0864969-2003,NO_APLICA,FUERA ASP,SANTA_TERESITA,24583.4025360729,21,540604.0922237519,1104507.876256121,540604.1278460339,1104507.9706738754,0.035622281953692436,0.09441775432787836,0.10091411845677468
1-423450-1997,LOS SANTOS,RESERVA FORESTAL,COPEY,1986056.568427205,42,515912.5997845547,1060812.5217866697,515912.67019116227,1060812.5940498903,0.07040660758502781,0.07226322055794299,0.10089134470824547
1-291137-1995,LOS SANTO,RESERVA FORESTAL,COPEY,1504282.5637563374,59,517983.3497579566,1063324.051176679,517983.41820183303,1063324.1252571547,0.06844387645833194,0.07408047560602427,0.10085871846626925
P-738438-2001,NO_APLICA,FUERA ASP,NARANJITO,276430.75762463734,67,494514.9743815899,1041698.8812503245,494515.0595476142,1041698.9351084818,0.08516602427698672,0.053858157247304916,0.10076682387186625
1-286024-1995,LOS SANTO,RESERVA FORESTAL,COPEY,2936937.485295363,70,517348.6321925614,1062774.0232349003,517348.70106507133,1062774.0967560718,0.06887250993167982,0.07352117146365345,0.10074117965200359
500362141997,Guanacaste,Parque Nacional,La Cruz,1785051.8958214559,45,328717.44403482,1219083.0604372344,328717.3767191651,1219082.9858706966,-0.06731565488735214,-0.0745665377471596,0.10045678645323905
G-40340-1977,GUANACASTE,PARQUE NACIONAL,LA_CRUZ,5091259.118671041,145,329476.3042087987,1219925.2425652717,329476.23624768155,1219925.1686467002,-0.06796111713629216,-0.07391857146285474,0.10041249249730826
P-738440-2001,NO_APLICA,FUERA ASP,NARANJITO,169394.80838131253,60,494853.2989525377,1042522.1724684335,494853.3834651247,1042522.2266186096,0.08451258699642494,0.054150176118128,0.10037240125877518
"G-0682509-1987
",GUANACASTE,PARQUE NACIONAL,LA_CRUZ,667773.1495918521,16,327975.43195274135,1217704.8377150502,327975.365793558,1217704.7624819092,-0.06615918333409354,-0.07523314096033573,0.10018514379982667
1-420636-1997,LOS SANTOS,RESERVA FORESTAL,COPEY,2936092.873541951,47,514840.4849959637,1060887.8525065747,514840.55529567704,1060887.923845465,0.07029971334850416,0.07133889035321772,0.10015631270025006
1-279335-1995,LOS SANTO,RESERVA FORESTAL,COPEY,1913745.948174119,53,516302.3421688227,1062658.8098854355,516302.41105882375,1062658.8825316848,0.06889000104274601,0.07264624931849539,0.10011648107936344
1-279333-1995,LOS SANTO,RESERVA FORESTAL,COPEY,1853907.2117336392,47,515351.45911523007,1062694.2036503362,515351.5279233855,1062694.2755423363,0.06880815542535856,0.07189200003631413,0.09951392828273685
C-0004174-1973,TAPANTI_MACIZO_DE_LA_MUERTE,PARQUE NACIONAL,SANTA_TERESITA,190768.45640759525,7,527896.170174164,1080630.9163396878,527896.2248498049,1080630.999320876,0.05467564088758081,0.08298118831589818,0.0993745607325449
G-40339-1977,GUANACASTE,PARQUE NACIONAL,LA_CRUZ,6786432.849347124,125,329837.0074567777,1218403.4932080167,329836.9407850444,1218403.419522453,-0.06667173327878118,-0.07368556363508105,0.09937143607001217
P-0013076-1971,MANUEL_ANTONIO,PARQUE NACIONAL,QUEPOS,344789.5107101053,20,483952.08168657246,1037306.5416574314,483952.1700236129,1037306.5866669634,0.08833704044809565,0.045009532012045383,0.09914277929870548
G-7931-1973,GUANACASTE,PARQUE NACIONAL,LA_GARITA,2191422.3495523515,17,332072.40190999204,1220041.2433333113,332072.33395116276,1220041.1715868243,-0.06795882928417996,-0.0717464869376272,0.09882287622593983
L-0578881-1999,NO_APLICA,FUERA ASP,ROXANA,381731.06735236384,56,543589.4750922209,1146509.4572963032,543589.4763156464,1146509.5559785566,0.0012234254973009229,0.09868225338868797,0.09868983688210588
513844252009,Guanacaste,Parque Nacional,Santa Elena,302021.6820916962,9,321692.95485862414,1205564.123645452,321692.89835262945,1205564.0427630015,-0.05650599469663575,-0.08088245056569576,0.09866558795329021
L-0361612-1979,NO_HAY_DATOS,NO HAY DATOS,ROXANA,1708541.4657485932,105,543418.4692043873,1146454.1416230414,543418.4704542316,1146454.2401747545,0.0012498443247750401,0.09855171316303313,0.09855963818016444
301588111993,Tapanti MAcizo de la Muerte,Parque Nacional,Orosi,900353.6038719341,28,524124.15566321247,1077813.752112558,524124.2124701681,1077813.8318713726,0.05680695560295135,0.07975881453603506,0.09792087980134433
G-7930-1973,GUANACASTE,PARQUE NACIONAL,LA_GARITA,2054326.0139153749,16,332753.25911471935,1218978.6279209496,332753.1920653037,1218978.556652729,-0.06704941566567868,-0.07126822066493332,0.09785082226458083
P-0448727-1997,MANUEL_ANTONIO,PARQUE NACIONAL,QUEPOS,185921.32415716723,24,483595.67021327367,1038998.5070633758,483595.7571418654,1038998.5518613117,0.08692859171424061,0.04479793587233871,0.09779281730190266
P-0323024-1996,MANUEL_ANTONIO,PARQUE NACIONAL,QUEPOS,356099.1811427939,31,483771.03345842025,1039468.5867801441,483771.11999892973,1039468.6317290087,0.08654050948098302,0.044948864611797035,0.09751748669401694
P-0926763-1990,MANUEL_ANTONIO,PARQUE NACIONAL,QUEPOS,55493.08305299963,28,483934.2592258691,1039721.9089184456,483934.3455435421,1039721.9540023492,0.08631767303450033,0.045083903591148555,0.09738223164985943
G-31704-1992,GUANACASTE,PARQUE NACIONAL,GARITA,2843826.783290106,37,333690.46743832383,1218774.4175146245,333690.40059534204,1218774.3470106642,-0.06684298178879544,-0.07050396036356688,0.09715344894219992
C-0492564-1983,TAPANTI_MACIZO_DE_LA_MUERTE,PARQUE NACIONAL,PEJIBAYE,7365.302887334663,27,524779.5627710012,1081071.9501653474,524779.6169492311,1081072.0305671683,0.054178229882381856,0.08040182082913816,0.09695222218097453
3-32730-1963,TAPANTI_MACIZO_DE_LA_MUERTE,PARQUE NACIONAL,PEJIBAYE,768832.4471884465,25,524843.7834068994,1081232.4609794489,524843.8374568037,1081232.5414141254,0.05404990422539413,0.08043467649258673,0.09690783935905992
C-0492564-1983,TAPANTI_MACIZO_DE_LA_MUERTE,PARQUE NACIONAL,PEJIBAYE,322084.9512055712,69,524537.7876991265,1080828.428059277,524537.8420639223,1080828.5082706118,0.05436479579657316,0.08021133486181498,0.09689886099597514
300301751956,Tapanti MAcizo de la Muerte,Parque Nacional,Orosi,196917.85188177228,11,521072.2163141639,1076131.0055559464,521072.2743541727,1076131.0827137462,0.05804000882199034,0.07715779985301197,0.09655034283840824
"C-0035918-1992
",NO_APLICA,FUERA ASP,SANTA_ROSA,11524.534614581615,15,533641.9340281489,1100848.6764113216,533641.9723154664,1100848.7649528447,0.03828731749672443,0.08854152308776975,0.09646512318862732
C-0057283-1992,GUAYABO,MONUMENTO NACIONAL,SANTA_TERESITA,55602.45518206991,20,534235.5536966234,1102776.319332477,534235.5904342214,1102776.4084719333,0.03673759801313281,0.08913945639505982,0.09641314119030306
C-0492564-1983,TAPANTI_MACIZO_DE_LA_MUERTE,PARQUE NACIONAL,PEJIBAYE,231961.59681488574,64,524080.12058134866,1081329.630516274,524080.1744710628,1081329.7103927133,0.053889714123215526,0.07987643941305578,0.09635531568932493
"G-0856229-2003
",GUANACASTE,PARQUE NACIONAL,GARITA,350745.8346258383,34,334392.649849053,1217994.1443488735,334392.5836480076,1217994.0743372429,-0.06620104541070759,-0.07001163065433502,0.09635458909854575
C-1089628-2006,GUAYABO,MONUMENTO NACIONAL,SANTA_TERESA,81450.06467308104,12,533943.4662828116,1102695.8003745659,533943.5031003772,1102695.8892856233,0.03681756556034088,0.08891105744987726,0.09623257905016042
"SJ-0563428-1984
",CERRO_NARA,ZONA PROTECTORA,SANTA_MARIA,2111855.809966419,21,496554.97248439427,1050915.2154156817,496555.0501890198,1050915.2713239111,0.07770462555345148,0.05590822943486273,0.09572742005790899
C-1361672-2009,GUAYABO,MONUMENTO NACIONAL,SANTA_TERESA,537208.1896277666,65,533508.7338119682,1103305.6128520246,533508.7701043353,1103305.7014121874,0.03629236703272909,0.08856016281060874,0.09570808921862274
"G-0303621-1978
",SANTA_ROSA,PARQUE NACIONAL,NACASCOLO,1348229.9294998758,6,319329.9246869547,1192393.8395465591,319329.87881164136,1192393.7562084745,-0.04587531334254891,-0.08333808463066816,0.0951303354571267
3-177734-1994,GUAYABO,MONUMENTO NACIONAL,SANTA_TERESITA,11126.037050007828,11,532439.1017508053,1103258.3393955382,532439.1379897607,1103258.4270985192,0.03623895545024425,0.08770298096351326,0.09489507238003012
SJ-2176662-2020,LOS SANTOS,RESERVA FORESTAL,SANTA MARIA,49951.98997596279,9,505734.33844009094,1060986.745857103,505734.40821628436,1060986.809780194,0.06977619341341779,0.06392309092916548,0.09463022097197621
G-0303623-1978,SANTA_ROSA,PARQUE NACIONAL,NACASCOLO,5241649.884438928,86,319713.0121436528,1190876.6412014232,319712.96757675597,1190876.5580914803,-0.04456689686048776,-0.08310994296334684,0.09430520089127703
1-866425-2003,NA,FUERA ASP,SAN LORENZO,590028.6365091362,42,497009.0212994422,1053573.1176698466,497009.09681601985,1053573.174076014,0.07551657763542607,0.05640616733580828,0.09425714408617811
L-0864946-2003,NO_APLICA,FUERA ASP,ESPERANZA,31914.012470186513,32,536746.8720893667,1159135.3605678645,536746.8626281744,1159135.4542076986,-0.009461192297749221,0.09363983408547938,0.09411659092450754
L-1560860-2012,NO_APLICA,FUERA ASP,RITA,238455.2577950135,50,534115.7431555644,1161449.419587997,534115.7317046846,1161449.5111417384,-0.011450879857875407,0.0915537413675338,0.09226705917017604
"G-0006552-1972
",GUANACASTE,PARQUE NACIONAL,LA_CRUZ/LA_GARITA/SANTA_ELENA/,10773021.360265702,8,337067.2857622513,1213017.8944707864,337067.2237633079,1213017.8265287364,-0.06199894339079037,-0.06794205005280674,0.09197821017476109
307313582001,FUERA ASP,FUERA ASP,02,29124.16345339277,21,511245.6001664612,1072649.263297908,511245.6606752174,1072649.3322396842,0.06050875619985163,0.06894177617505193,0.09172937413404739
G-8668-1969,GUANACASTE,PARQUE NACIONAL,CANAS_DULCES,6454161.373856536,98,331543.2531054024,1204725.0142843013,331543.1976844157,1204724.941443953,-0.05542098672594875,-0.0728403483517468,0.09152705675198787
500467491960,Guancaste,Parque Nacional,Cañas Dulces,33754766.410121575,172,335825.50102229364,1210072.3397319436,335825.44135730126,1210072.2706009462,-0.059664992382749915,-0.06913099740631878,0.09131815875512417
L-1094593-2006,NO_APLICA,FUERA ASP,RITA,23666.370758187026,10,532819.5381284823,1160059.9907642335,532819.5277894132,1160060.0811694372,-0.010339069063775241,0.09040520363487303,0.09099448990663321
G-806177-2002,NO_HAY_DATOS,NO HAY DATOS,SANTA_CECILIA,571233.6138073353,94,345328.3218062177,1219614.217223268,345328.2547902952,1219614.1562878757,-0.06701592251192778,-0.06093539227731526,0.0905773476213286
G-832-1976,GUANACASTE,PARQUE NACIONAL,MAYORGA,664335.0736348857,16,339518.4797300446,1212990.266893514,339518.41787631094,1212990.2009450705,-0.06185373367043212,-0.06594844348728657,0.0904161576675794
"G-0019047-1974
",GUANACASTE,PARQUE NACIONAL,SANTA_CECILIA,1971594.7775564343,26,341957.7721935976,1215538.3643711905,341957.7083403619,1215538.300460111,-0.06385323568247259,-0.06391107966192067,0.09034302303262694
G-0808675-2002,NO_APLICA,FUERA ASP,SANTA_CECILIA,120689.83570561296,45,346967.3345497176,1220653.8869231017,346967.26666843944,1220653.8273748301,-0.06788127816980705,-0.059548271587118506,0.09029875179081906
C-1432616-2010,VOLCAN_TURRIALBA,PARQUE NACIONAL,SANTA_CRUZ,188704.3515445888,21,527229.7302491426,1106471.2934843844,527229.7636623356,1106471.3770225209,0.03341319295577705,0.08353813644498587,0.08997256084051995
C-1432615-2010,VOLCAN_TURRIALBA,PARQUE NACIONAL,SANTA_CRUZ,551968.8979901373,12,527217.5402024136,1107613.6361522693,527217.5726661591,1107613.71974569,0.03246374556329101,0.08359342068433762,0.08967583151388528
C-0990397-1991,NO_APLICA,FUERA ASP,CERVANTES,9999.433456590865,12,522315.63921362406,1095540.0797449662,522315.6813678844,1095540.1587597379,0.04215426032897085,0.07901477161794901,0.0895562158519401
C-0692228-2001,VOLCAN_TURRIALBA,PARQUE NACIONAL,SANTA_CRUZ,16520.04107344523,24,526437.6980671731,1107460.1416679164,526437.7306182354,1107460.2246031086,0.0325510622933507,0.08293519215658307,0.08909443166929656
C-0650841-2000,VOLCAN_TURRIALBA,PARQUE NACIONAL,SANTA_CRUZ,4782.290373217082,14,526384.3409569137,1107386.934274263,526384.3735631936,1107387.0171539565,0.03260627994313836,0.08287969348020852,0.08906297257055608
C-2006718-2017,VOLCAN_TURRIALBA,PARQUE NACIONAL,SANTA_CRUZ,2384785.077849444,75,526447.43557374,1108431.4429232527,526447.4673392804,1108431.5259082993,0.031765540363267064,0.08298504655249417,0.08885700594713944
502863801977,Guancaste,Parque Nacional,Santa Cecilia,372419.25582249835,10,347493.3884155253,1218534.1296705212,347493.32234023977,1218534.0704313647,-0.06607528554741293,-0.05923915654420853,0.08874244209081357
3-0002250-1973,TAPANTI_MACIZO_DE_LA_MUERTE,PARQUE NACIONAL,SAN_FRANCISCO,157094.10828255862,5,509630.46671194705,1077040.044388502,509630.52353356563,1077040.1121507795,0.05682161857839674,0.06776227755472064,0.08843315326998014
G-739812-2001,NO_APLICA,FUERA ASP,SARNDINAL,923621.8014156679,96,318967.15366905363,1167069.9993019854,318967.12857208174,1167069.914591985,-0.025096971890889108,-0.0847100003156811,0.08834954528221846
500495651963,Guanacaste,Parque Nacional,Cañas Dulces,423702.71676507965,23,339718.58754858805,1208269.44088642,339718.5295588537,1208269.3748904213,-0.05798973434139043,-0.06599599868059158,0.08785374853034834
G-406513-1980,NO_HAY_DATOS,NO HAY DATOS,MAYORGA,1565620.9326434731,39,340084.98133442143,1207855.3598129095,340084.9236548951,1207855.294084969,-0.05767952633323148,-0.06572794052772224,0.08744764104332224
G-0556583-1999,NO_APLICA,FUERA ASP,SANTA_CECILIA,921915.1419685334,137,351661.2382801814,1219914.751075044,351661.17124480644,1219914.6953203292,-0.06703537498833612,-0.05575471487827599,0.08719133977055685
A-294238-1978,NO_HAY_DATOS,NO HAY DATOS,DOS_RIOS/QUEBRADA_GRANDE,1483285.9341967665,45,341643.8892658834,1209004.3711978644,341643.83074591,1209004.306821618,-0.058519973419606686,-0.06437624641694129,0.08699935857100452
G-0539950-1999,NO_APLICA,FUERA ASP,SANTA_CECILIA,182062.05701218452,66,350951.24161112437,1218798.0794016966,350951.1754593294,1218798.0230417065,-0.06615179497748613,-0.056359990034252405,0.08690516932498543
G-78457-1992,GUANACASTE,PARQUE NACIONAL,MAYORGA,53198.651392536936,33,339344.36728981236,1205848.5533799634,339344.3112497276,1205848.486985359,-0.05604008474620059,-0.06639460427686572,0.08688345397970168
500097591949,Guanacaste,Parque Nacional,Cañas Dulces,475420.2626866698,17,339869.0997925374,1206132.3600678854,339869.04354212777,1206132.2941363167,-0.05625040963059291,-0.06593156862072647,0.08666648905083824
A-18548-1972,GUANACASTE,PARQUE NACIONAL,DOS_RIOS,1000280.20640109,10,341190.3487063276,1207389.902010376,341190.2915123929,1207389.8371469593,-0.05719393468461931,-0.06486341683194041,0.08647779488297877
G-0539959-1999,NO_APLICA,FUERA ASP,SANTA_CECILIA,146436.63439008594,87,350963.52945411956,1217930.996122136,350963.4639782006,1217930.939675344,-0.06547591893468052,-0.05644679209217429,0.08644846035550896
G-17997-1974,GUANACASTE,PARQUE NACIONAL,SANTA_CECILIA,900451.2767049,47,348300.4230962138,1215099.8726921238,348300.35987279826,1215099.8140066606,-0.06322341552004218,-0.05868546315468848,0.08626229683761157
L-1348685-2009,NO_APLICA,FUERA ASP,JIMENEZ,193011.5246387981,19,526894.1466525662,1124297.7919037899,526894.1654043057,1124297.8759271675,0.018751739524304867,0.08402337762527168,0.0860903927435947
P-1620994-2012,NO_APLICA,FUERA ASP,QUEPOS,25715.377286992036,27,478061.41264808096,1052412.1914727993,478061.4883192822,1052412.23230874,0.0756712012225762,0.04083594074472785,0.08598665449344184
A-0539955-1999,NO_APLICA,FUERA ASP,DOS_RIOS,27500.845941479158,16,352531.0403168716,1218704.3744591791,352530.97431002045,1218704.3193583514,-0.06600685114972293,-0.055100827710703015,0.08598258901141706
A-18549-1972,GUANACASTE,PARQUE NACIONAL,DOS_RIOS,978576.6187840104,14,341183.9974109719,1206411.1981248006,341183.941024779,1206411.1332625472,-0.056386192911304533,-0.06486225337721407,0.08594483500595465
P-1585954-2012,NO_APLICA,FUERA ASP,PARRITA,47107.018715672195,52,476585.97794715135,1051713.572762776,476586.0541363247,1051713.6123340053,0.07618917332729325,0.03957122936844826,0.08585261979710739
G-0065752-1992,DIRIA,PARQUE NACIONAL,VEINTISIETE_DE_ABRIL,781117.1087544905,54,320416.3398127817,1125293.7759311972,320416.34897481353,1125293.6906547667,0.009162031812593341,-0.08527643047273159,0.08576719898134483
A-294240-1977,NO_HAY_DATOS,NO HAY DATOS,DOS_RIOS,2637331.90792042,55,343053.7920691336,1207934.4110123808,343053.73448217,1207934.3477226864,-0.05758696357952431,-0.06328969448804855,0.08556777315496754
G-0847999-1989,DIRIA,PARQUE NACIONAL,SANTA_CRUZ,414280.2284034025,39,321787.9440427896,1122981.0771462556,321787.95515290904,1122980.9929068238,0.011110119463410228,-0.08423943188972771,0.08496891572566595
P-1594569-2012,NO_APLICA,FUERA ASP,PARRITA,39537.3452405259,26,476622.99762337626,1053006.6258700588,476623.0727304691,1053006.6655119527,0.07510709285270423,0.039641893934458494,0.08492676345826203
G-0449611-1997,DIRIA,PARQUE NACIONAL,SANTA_CRUZ,470581.072660964,91,321626.9990284369,1124276.6916234891,321627.0090907855,1124276.6072983,0.010062348621431738,-0.08432518923655152,0.0849234266828621
G-0004161-1975,DIRIA,PARQUE NACIONAL,SANTA_CRUZ/VEINTISIETE_DE_ABRIL,1051340.0266440623,23,321499.6098038112,1125369.7481064678,321499.6189671874,1125369.6637084645,0.00916337623493746,-0.08439800329506397,0.08489399521884128
A-37755-1992,NO_HAY_DATOS,NO HAY DATOS,DOS_RIOS,1953600.4249059474,60,342048.3595759087,1205008.8835325101,342048.30436437,1205008.8193209611,-0.05521153868176043,-0.06421154900453985,0.08468433756704925
G-0041085-1992,DIRIA,PARQUE NACIONAL,SANTA_CRUZ,2401987.069985807,35,322495.0654133274,1121290.7613637396,322495.0779465523,1121290.6776363137,0.012533224886283278,-0.08372742589563131,0.08466028332788984
1-703262-2001,NA,FUERA ASP,SAN MARCOS,144126.39963491354,35,499122.2486461833,1071696.178247769,499122.3094054614,1071696.2371925395,0.060759278130717576,0.058944770600646734,0.08465326845508543
L-0816191-1989,ACUIFEROS_GUACIMO_POCOCI,ZONA PROTECTORA,JIMENEZ,4478149.803743932,40,523763.2296771303,1120196.9593782239,523763.2516641886,1120197.0406585073,0.021987058280501515,0.08128028339706361,0.08420163419398191
C-0577725-1985,VOLCAN_IRAZU,PARQUE NACIONAL,SANTA_ROSA,7323.141202937812,10,518399.37144299987,1103273.2208863706,518399.40709464357,1103273.297032801,0.03565164370229468,0.07614643033593893,0.08407923971814546
G-0165584-1994,DIRIA,PARQUE NACIONAL,SANTA_CRUZ/VEINTISIETE_DE_ABRIL,195440.3988136053,29,322507.6357624561,1125164.0301162386,322507.6451045931,1125163.9465710598,0.009342136967461556,-0.08354517887346447,0.08406588152227981
G-0915793-1990,DIRIA,PARQUE NACIONAL,SANTA_CRUZ,853781.5146549039,23,322970.0977324472,1123137.8258683102,322970.1087700335,1123137.742561248,0.011037586315069348,-0.08330706227570772,0.08403508158305822
G-0022165-1975,DIRIA,PARQUE NACIONAL,SANTA_CRUZ,1076185.0002035797,47,323068.14595757367,1124003.0745000357,323068.15626878,1124002.9913459688,0.010311206337064505,-0.08315406693145633,0.0837909292427685
500460021958,Guanacaste,Parque Nacional,Cañas Dulces,690810.0000468493,39,343288.0872735296,1204326.673434419,343288.0326676911,1204326.6101797184,-0.054605838493444026,-0.06325470074079931,0.08356407579444752
C-0004309-1975,VOLCAN_IRAZU,PARQUE NACIONAL,SANTA_ROSA,52143.98203337751,11,517697.1193066388,1103431.113856166,517697.1547737616,1103431.189410321,0.035467122797854245,0.07555415504612029,0.08346464607419872
G-0024237-1975,DIRIA,PARQUE NACIONAL,SANTA_CRUZ,806633.5067305602,32,323539.1983679584,1124485.58860162,323539.2083283037,1124485.5058253289,0.009960345283616334,-0.0827762910630554,0.08337339407943353
G-0551705-1984,DIRIA,PARQUE NACIONAL,SANTA_CRUZ,997497.0617959984,59,323472.7433883342,1125417.212773299,323472.75258818804,1125417.1300050153,0.009199853870086372,-0.0827682837843895,0.08327800497036524
G-575901-1985,GUANACASTE,PARQUE NACIONAL,MAYORGA,308310.5851027956,38,344007.7520961859,1204446.703332646,344007.6974130329,1204446.6406918797,-0.05468315305188298,-0.06264076638035476,0.08315114455263886
500497351963,Diria,Parque Nacional,Santa Cruz,1812956.6772961793,62,324352.63594717946,1122094.1930316829,324352.6478816933,1122094.110816705,0.011934513866435736,-0.08221497782506049,0.08307668264924481
G-0796196-1989,DIRIA,PARQUE NACIONAL,SANTA_CRUZ,1551029.991172516,94,323690.46745513624,1127049.054689171,323690.4753398097,1127048.9721693017,0.007884673483204097,-0.08251986932009459,0.08289569897493011
G-1327872-2009,DIRIA,PARQUE NACIONAL,SANTA_CRUZ,912399.6981882935,108,324973.0820891005,1120337.970610245,324973.09553287324,1120337.8888863893,0.013443772739265114,-0.08172385557554662,0.08282224094769358
C-0299073-1996,VOLCAN_IRAZU,PARQUE NACIONAL,POTRERO_CERRADO/SANTA_ROSA,1684699.928493401,140,516170.5046402924,1102200.3460128198,516170.54109397257,1102200.420283465,0.03645368019351736,0.07427064515650272,0.08273451233683789
G-0024237-1975,DIRIA,PARQUE NACIONAL,SANTA_CRUZ,137756.09542495012,12,324431.00608974404,1124057.6417585847,324431.01645576255,1124057.5597368055,0.010366018512286246,-0.08202177914790809,0.08267421964787616
G-0551705-1984,DIRIA,PARQUE NACIONAL,SANTA_CRUZ,89616.65094976453,18,324331.8255724393,1125031.659929313,324331.8351058553,1125031.577865208,0.009533416014164686,-0.08206410496495664,0.0826159993257877
G-0144347-1993,DIRIA,PARQUE NACIONAL,SANTA_CRUZ,1042738.9786449801,114,325152.2239684627,1121376.7465856378,325152.236557054,1121376.6650278391,0.012588591256644577,-0.08155779866501689,0.0825236157285313
G-0934518-2004,DIRIA,PARQUE NACIONAL,SANTA_CRUZ,489719.6941864835,90,324362.0157525744,1125669.4484277016,324362.02477336687,1125669.3663988789,0.009020792436785996,-0.08202882274053991,0.08252334491758373
L-0819434-2002,NO_APLICA,FUERA ASP,RITA,31125.756824730895,21,523431.62334121525,1151532.471992341,523431.6195670164,1151532.5543728261,-0.0037741988780908287,0.08238048502244055,0.08246689572006415
G-0342741-1996,DIRIA,PARQUE NACIONAL,SANTA_CRUZ,354462.46425090544,73,324323.2818968246,1126447.002398749,324323.2903023136,1126446.9203874792,0.008405488973949105,-0.08201126987114549,0.08244089173928819
L-1065268-2006,NO_APLICA,FUERA ASP,RITA,48539.76496897638,34,522342.0270082437,1159479.9649103724,522342.0167034461,1159480.0466943542,-0.010304797615390271,0.0817839817609638,0.08243062857076738
G-0332183-1996,DIRIA,PARQUE NACIONAL,SANTA_CRUZ,114761.94832668267,57,324402.9682029232,1126224.5337697286,324402.97676311934,1126224.451785235,0.008560196147300303,-0.08198449364863336,0.08243017746494943
G-0366121-1996,DIRIA,PARQUE NACIONAL,SANTA_CRUZ,347078.3205224187,107,324507.9175668404,1127315.7104692375,324507.9252623883,1127315.6286199563,0.007695547887124121,-0.08184928121045232,0.08221025661041767
L-0993119-2005,NO_APLICA,FUERA ASP,RITA,213077.47652831487,58,521982.71033160016,1159846.1793393746,521982.69967285637,1159846.2608495168,-0.010658743791282177,0.08151014219038188,0.08220408809240858
L-0963721-2004,NO_APLICA,FUERA ASP,RITA,173733.21123014018,44,522031.99918009643,1156893.041324077,522031.9909391862,1156893.1227438757,-0.00824091024696827,0.08141979877837002,0.08183578822745494
C-0005236-1966,VOLCAN_IRAZU,PARQUE NACIONAL,POTRERO_CERRADO,1757880.1305530593,84,514634.03448469297,1101553.371077974,514634.07138701534,1101553.4440646286,0.03690232237568125,0.07298665447160602,0.0817852867432542
C-1524334-2011,VOLCAN_IRAZU,PARQUE NACIONAL,POTRERO_CERRADO,18983.22567794472,12,514164.95740613336,1100645.4317113361,514164.9950498192,1100645.5042406346,0.037643685820512474,0.07252929848618805,0.08171625432588069
C-0000301-1975,TAPANTI_MACIZO_DE_LA_MUERTE,PARQUE NACIONAL,CARMEN,210.74094829474427,7,509076.4165874881,1091835.2158146428,509076.46124507964,1091835.283873235,0.044657591555733234,0.06805859226733446,0.08140191929537027
G-0361321-1996,DIRIA,PARQUE NACIONAL,SANTA_CRUZ,882300.6938698739,101,325956.0298010381,1127075.1326189034,325956.03774641705,1127075.0519565253,0.007945378951262683,-0.08066237810999155,0.08105275003994875
SJ-0005835-2022,CORDILLERA_VOLCANICA_CENTRAL,RESERVA FORESTAL,CASCAJAL,465806.8369076246,23,514197.3969533616,1102769.0520063962,514197.432822863,1102769.1246754648,0.03586950141470879,0.07266906858421862,0.08103958699695887
314975882011,Volcan Irazu,Parque Nacional,Tierra Blanca,57871.00181300938,17,513136.7383524434,1100578.9260152418,513136.7759834033,1100578.997731255,0.03763095993781462,0.0717160131316632,0.08098935538292855
C-1497590-2011,VOLCAN_IRAZU,PARQUE NACIONAL,TIERRA_BLANCA,408932.50112142414,55,513083.0984924582,1100981.559990263,513083.13581074274,1100981.631650954,0.03731828456511721,0.07166069094091654,0.08079547629052398
SJ-0988037-2005,NO_HAY_DATOS,NO HAY DATOS,CASCAJAL,348869.8474510517,51,513379.1644008318,1102666.880413771,513379.20026401227,1102666.9524222936,0.03586318047018722,0.07200852269306779,0.08044498153318998
C-0005262-1966,VOLCAN_IRAZU,PARQUE NACIONAL,LLANO_GRANDE,2226101.1438846905,110,512519.4636720996,1101791.4068654524,512519.5002852014,1101791.4781165167,0.03661310183815658,0.07125106430612504,0.0801076362837326
505383331984,No aplica,Fuera ASP,Santa Cruz,2314.4327073898166,6,326307.09457111557,1135855.5516786727,326307.09529919707,1135855.471661786,7.280815043486655e-4,-0.08001688658259809,0.08002019895657184
3-1676082-2013,FUERA_ASP,FUERA ASP,TOBOSI,456169.7676958204,82,501719.40769979294,1083735.1778196448,501719.4586897577,1083735.23942408,0.05098996474407613,0.061604435089975595,0.07996926239097835
SJ-0576937-1985,NO_HAY_DATOS,NO HAY DATOS,SAN_ANDRES,429113.511765782,16,490819.72598373203,1073327.2790581489,490819.78501777444,1073327.331248588,0.05903404240962118,0.0521904390770942,0.07879632030926846
G-0009936-1974,NO_APLICA,FUERA ASP,NICOYA,42547.32323136134,19,330623.94556094287,1122959.5118798662,330623.95708198746,1122959.4348257002,0.01152104459470138,-0.07705416600219905,0.07791071150263966
600130811955,CAbo Blanco,Reserva Biologica,Paquera,1810946.2140718699,18,377725.0107722034,1059200.8997470958,377725.0765271754,1059200.8585948688,0.06575497199082747,-0.04115222697146237,0.07757075561205563
P-0349454-1979,CABO_BLANCO,RESERVA NACIONAL ABSOLUTA,COBANO,15658.201090733404,23,379133.812532955,1059828.7862679532,379133.87781237275,1059828.7462436394,0.06527941772947088,-0.040024313842877746,0.07657250209893844
SJ-0217678-1994,CARAIGRES,ZONA PROTECTORA,LEGUA,3603662.5489900312,156,486566.20681777014,1074895.5497142496,486566.2643796733,1074895.5984922722,0.05756190314423293,0.04877802263945341,0.07544977260536365
"G-0539915-1999
",N/A,FUERA ASP,BELEN,53682.05528654532,21,332383.1332133506,1149695.6855941794,332383.1229193511,1149695.6111463823,-0.010293999512214214,-0.0744477971456945,0.07515611036904414
1-600333-1999,NA,FUERA ASP,LEGUA,350155.8208924903,23,481760.9521078823,1072155.3647356192,481761.0117131646,1072155.4094699353,0.05960528232390061,0.04473431617952883,0.074524819523176
G-1215316-2008,RINCON_DE_LA_VIEJA,PARQUE NACIONAL,LIBERIA/CANAS_DULCES/CURUBANDE,27451292.04327011,32,351981.5793526185,1193832.541786701,351981.53370727046,1193832.485223959,-0.045645348029211164,-0.05656274198554456,0.07268315883085363
G-0528133-1984,RINCON_DE_LA_VIEJA,PARQUE NACIONAL,CURUBANDE,1675029.2453409832,27,352786.66754308395,1192849.6002098094,352786.6227324677,1192849.5442778138,-0.04481061623664573,-0.0559319956228137,0.0716685388567284
G-1380112-2009,NO_APLICA,FUERA ASP,MONTE_ROMO,911915.232554324,136,346863.54176228377,1102530.6980840594,346863.57066673896,1102530.6335287865,0.028904455190058798,-0.06455527292564511,0.0707308333920833
L-0498327-1998,BRAULIO_CARRILLO,PARQUE NACIONAL,GUAPILES,3369497.948803885,43,507330.95621895866,1123120.764756576,507330.9750884312,1123120.8326765907,0.01886947255115956,0.06792001472786069,0.07049244920551262
"L-498326-1998
",BRAULIO_CARRILLO,PARQUE NACIONAL,GUAPILES,761292.4273233563,45,506430.1902181388,1123212.8698765044,506430.20898889616,1123212.9370557852,0.01877075736410916,0.06717928079888225,0.06975239852992388
509917871991,No aplica,Fuera ASP,Hojancha,901.554420704022,5,344852.67227948696,1112122.4556794455,344852.6932734954,1112122.3898569401,0.020994008460547775,-0.06582250539213419,0.06908943918819349
SJ-0499771-1983,BRAULIO_CARRILLO,PARQUE NACIONAL,DULCE_NOMBRE_DE_JESUS,467744.99802507553,17,502068.04297053226,1111542.0030578051,502068.07118565193,1111542.0661145633,0.028215119673404843,0.06305675813928246,0.06908145717354637
1-104236-1960,BRAULIO_CARRILLO,PARQUE NACIONAL,DULCE_NOMBRE_DE_JESUS,242897.45693326643,36,504524.4789410817,1119047.2114655466,504524.5010661788,1119047.2768860569,0.022125097108073533,0.06542051024734974,0.06906057546144019
100253901956,Braulio Carrillo,Parque Nacional,San Jeronimo,499999.23290105164,5,505440.3569063635,1122885.0591653073,505440.3759244864,1122885.1255171306,0.019018122868146747,0.06635182327590883,0.06902357169449697
105031481983,Braulio Carrillo,Parque Nacional,Dulce Nombre de Jesus,463440.8369594995,9,502762.4871675757,1113970.2067516625,502762.51334180863,1113970.2705202787,0.026174232945777476,0.06376861617900431,0.06893132001989366
SJ-10961-1976,BRAULIO_CARRILLO,PARQUE NACIONAL,SAN_JERONIMO,489796.23044759035,5,505453.9373476342,1123410.4916339824,505453.9558750393,1123410.557996256,0.01852740510366857,0.06636227364651859,0.06890004429179171
SJ-0000078-1982,LA_CANGREJA,PARQUE NACIONAL,IPIS,148.9947302294313,6,496634.6589053151,1100990.9809527474,496634.69550513563,1100991.039082301,0.036599820537958294,0.05812955368310213,0.06869200735753328
SJ-0845247-1989,BRAULIO_CARRILLO,PARQUE NACIONAL,JESUS_DE_DULCE_NOMBRE,540708.9870849752,8,505231.39413133543,1123992.507756865,505231.4122042707,1123992.5739761048,0.018072935286909342,0.06621923996135592,0.06864123200339901
G-1004366-2005,MONTE_ALTO,ZONA PROTECTORA,HOJANCHA,13535.39355259831,20,347466.0618513702,1107248.6209107765,347466.0869297196,1107248.5570314545,0.02507834939751774,-0.06387932202778757,0.06862573417628233
SJ-0536683-1984,BRAULIO_CARRILLO,PARQUE NACIONAL,SAN_JERONIMO,140975.55590207456,25,500053.0685165376,1111535.9128226195,500053.0965778513,1111535.974271042,0.028061313671059906,0.06144842249341309,0.06755254215700997
G-1462416-2010,RINCON_DE_LA_VIEJA,PARQUE NACIONAL,LIBERIA/AGUAS_CLARAS/MOGOTE,15303700.549519816,292,357760.59865835885,1190898.995985942,357760.5556500127,1190898.94403984,-0.04300834616879001,-0.05194610194303095,0.0674397163936077
SJ-0008820-1970,NO_HAY_DATOS,NO HAY DATOS,GUADALUPE,145.57193409979527,6,493868.46669496235,1099852.8190515176,493868.5041083426,1099852.8748920849,0.03741338022518903,0.05584056722000241,0.06721554855333826
SJ-0523830-1983,BRAULIO_CARRILLO,PARQUE NACIONAL,SAN_JERONIMO,563546.3277146518,36,499503.6821761505,1111777.9550652935,499503.71003805735,1111778.0160539872,0.027861906855832785,0.06098869373090565,0.067051522105358
G-1462417-2010,RINCON_DE_LA_VIEJA,PARQUE NACIONAL,LIBERIA/MOGOTE,2870038.359418404,171,357920.951154603,1188962.27294869,357920.9097137137,1188962.2210552618,-0.04144088929751888,-0.05189342820085585,0.06640990284744133
SJ-000669-1987,NO_APLICA,FUERA ASP,CARMEN,26299.87272072048,144,492062.2684741464,1098992.2284739206,492062.3065086641,1098992.282802864,0.03803451772546396,0.05432894336991012,0.06631936840998663
A-0209193-1994,NO_HAY_DATOS,NO HAY DATOS,AGUAS_CLARAS,1807.46102458518,9,364819.8300879548,1196106.1701684913,364819.7831083107,1196106.1242111737,-0.046979644102975726,-0.04595731757581234,0.06572033170036752
SJ-1135391-000,NO_APLICA,FUERA ASP,CHIRES,61318.2337177936,47,451898.36352292233,1067079.3033187203,451898.4260078994,1067079.323330362,0.06248497706837952,0.02001164178363979,0.0656112655426843
SJ-0511554-1983,BRAULIO_CARRILLO,PARQUE NACIONAL,JESUS,273051.07581869885,48,497861.31666147336,1112743.866215842,497861.34364828526,1112743.9259067057,0.02698681189212948,0.05969086359255016,0.06550791717438138
"A-0413710-1980
",RINCON_DE_LA_VIEJA,PARQUE NACIONAL,AGUAS_CLARAS,381191.402433062,18,362768.34945142077,1192955.8020439206,362768.304993547,1192955.7543175698,-0.04445787379518151,-0.04772635083645582,0.06522504968608882
G-1512007-2011,RINCON_DE_LA_VIEJA,PARQUE NACIONAL,LIBERIA/AGUAS_CLARAS/MOGOTE,8461323.957271963,169,360968.56507433456,1189910.2109717333,360968.5229966118,1189910.1616267192,-0.04207772278459743,-0.04934501415118575,0.06484955802716123
G-1425715-2010,MATA_REDONDA,REFUGIO NACIONAL DE VIDA SILVESTRE,SAN_ANTONIO,5081258.178893392,76,344914.0586191038,1140838.648754338,344914.05610683974,1140838.584194953,-0.0025122640654444695,-0.06455938494764268,0.06460824758150027
SJ-0506385-1998,LA_CANGREJA,PARQUE NACIONAL,CHIRES,19212.30344673246,8,460745.38903660874,1073136.4653060553,460745.446941693,1073136.4928005133,0.057905084278900176,0.02749445801600814,0.06410104528742544
SJ-1101221-2006,LA_CANGREJA,PARQUE NACIONAL,CHIRES,345985.2862423025,49,460341.0906868524,1073114.4732587917,460341.1485818744,1073114.5004364809,0.057895021978765726,0.027177689131349325,0.06395670689178758
SJ-0786106-2002,LA_CANGREJA,PARQUE NACIONAL,CHIRES,125815.08570636064,27,460646.70666165365,1073412.359476955,460646.76433131134,1073412.3869249965,0.05766965768998489,0.027448041597381234,0.0638684930588753
SJ-0156948-1993,LA_CANGREJA,PARQUE NACIONAL,CHIRES,5586834.426460036,128,458263.78999733867,1072404.7604820384,458263.84839445405,1072404.7859258049,0.058397115382831544,0.025443766498938203,0.06369935901316615
H-0042868-1992,NO_HAY_DATOS,NO HAY DATOS,PUERTO_VIEJO,443.8819889440201,5,499215.97743635287,1156267.7059542849,499215.96870513615,1156267.7685748425,-0.008731216716114432,0.06262055761180818,0.06322632664450421
SJ-0533531-1998,LA_CANGREJA,PARQUE NACIONAL,CHIRES,71848.41022321396,23,456756.418317959,1072341.082468248,456756.4766977859,1072341.1066746912,0.05837982689263299,0.02420644322410226,0.06319933608492641
110976712006,La Cangreja,Parque Nacional,Chires,463175.39835584164,47,460014.5194772381,1074056.721035043,460014.5766014559,1074056.747976877,0.0571242177975364,0.026941834017634392,0.06315883690517216
H-1603874-2012,NO_APLICA,FUERA ASP,SANTA_ROSA,8197.431205336528,23,489784.48807988677,1102703.713175003,489784.52299780876,1102703.7657932988,0.03491792199201882,0.0526182958856225,0.06315018874197946
H-1603763-2012,NO_APLICA,FUERA ASP,SANTA_ROSA,41535.28678667918,31,489757.78978782607,1102809.1790249413,489757.8245744304,1102809.2316246245,0.03478660434484482,0.05259968317113817,0.06306214800931612
H-01603761-2012,NO_APLICA,FUERA ASP,SANTA_ROSA,9441.802763886051,27,489793.4893166311,1102951.6062869728,489793.52401947,1102951.6589212213,0.034702838864177465,0.05263424851000309,0.06304483437559201
SJ-0982810-2005,LA_CANGREJA,PARQUE NACIONAL,CHIRES,637000.1253872868,80,456515.7238258047,1072446.8957729337,456515.7821097393,1072446.919775796,0.05828393460251391,0.02400286216288805,0.06303296300159719
H-0657706-1686,NO_HAY_DATOS,NO HAY DATOS,SANTA_ROSA,3524.9644929673523,7,489658.70787733205,1102911.5625014922,489658.74258787604,1102911.615017294,0.034710543986875564,0.052515801740810275,0.06295022872353137
SJ-0330876-1996,LA_CANGREJA,PARQUE NACIONAL,CHIRES,345645.81773318537,13,459568.8225779928,1074316.1829638241,459568.87947850244,1074316.209590696,0.056900509633123875,0.026626871898770332,0.0628224347158143
SJ-0893425-2003,LA_CANGREJA,PARQUE NACIONAL,CHIRES,57917.5296336906,22,461375.57281603396,1075363.4130956002,461375.62892184156,1075363.4412353323,0.056105807598214597,0.028139732079580426,0.06276707869383792
SJ-0411707-1997,LA_CANGREJA,PARQUE NACIONAL,CHIRES,348797.7581613045,28,458924.2657767354,1074049.5690985005,458924.3228793871,1074049.5951375202,0.05710265174275264,0.02603901969268918,0.06275940871781972
H-705503-1987,BRAULIO_CARRILLO,PARQUE NACIONAL,HORQUETAS,1279667.8172234083,55,499426.3962468842,1134062.7879602702,499426.4058520744,1134062.849873078,0.009605190192814916,0.06191280786879361,0.06265345526655573
H-631110-1986,BRAULIO_CARRILLO,PARQUE NACIONAL,LA_VIRGEN,680087.5536340028,61,499288.90331673226,1150246.2477380948,499288.8995893079,1150246.3102255857,-0.0037274243659339845,0.06248749094083905,0.06259856401296439
SJ-1039482-2005,LA_CANGREJA,PARQUE NACIONAL,CHIRES,915393.315225523,69,457756.56696253555,1073762.1198283883,457756.62422407046,1073762.1449012153,0.057261534908320755,0.025072827003896236,0.06251023943342518
SJ-0671938-2000,LA_CANGREJA,PARQUE NACIONAL,CHIRES,442932.4952364862,24,461162.4416459675,1075649.1626274942,461162.4975234012,1075649.190552746,0.05587743374053389,0.027925251750275493,0.06246684950230818
SJ-0863464-2003,LA_CANGREJA,PARQUE NACIONAL,CHIRES,895824.0837576427,84,456239.1293407465,1073114.0479962844,456239.1870515836,1073114.0718039423,0.05771083710715175,0.02380765788257122,0.062428721702929
SJ-0012196-1973,LA_CANGREJA,PARQUE NACIONAL,MERCEDES_SUR,1175561.2943104305,74,458706.0941646453,1074557.2075215494,458706.1507983914,1074557.2334148593,0.05663374607684091,0.02589330985210836,0.06227234289629213
G-1332881-2009,LOMAS_DE_BARBUDAL,RESERVA BIOLOGICA,BAGACES,6650360.43560525,207,350021.0479707187,1160112.6101971245,350021.0298675612,1160112.5506423365,-0.018103157519362867,-0.05955478805117309,0.062245458404537546
4-7713-1948,BRAULIO_CARRILLO,PARQUE NACIONAL,05,580792.1647716258,71,495211.25367087306,1117321.6144971196,495211.27681670734,1117321.6721849951,0.023145834275055677,0.057687875581905246,0.06215802951704407
116375412013,LA_CANGREJA,PARQUE NACIONAL,CHIRES,181429.84565879125,36,460882.64303027844,1076005.5480295029,460882.69859120465,1076005.5757876742,0.055560926208272576,0.027758171316236258,0.062109037956988446
SJ-0030344,NO_HAY_DATOS,NO HAY DATOS,MERECEDES_SUR,129933.60146318935,11,457023.97742799233,1074045.6658680926,457024.0344222421,1074045.690387082,0.05699424975318834,0.024518989492207766,0.062044543278581755
"SJ-0395230-1980
",LA_CANGREJA,PARQUE NACIONAL,MERCEDES_SUR,149733.20820132387,28,457896.4319566591,1074706.0890821773,457896.488474851,1074706.1143278729,0.05651819193735719,0.025245695607736707,0.06190033252403773
"SJ-1543398-2011
",LA_CANGREJA,PARQUE NACIONAL,MERCEDES_SUR_Y_CHIRES,431452.68199336913,47,460129.7343551017,1075997.575069115,460129.7899144179,1075997.6022146237,0.05555931618437171,0.02714550867676735,0.06183620505978225
"SJ-1541841-2011
",LA_CANGREJA,PARQUE NACIONAL,CHIRRES,109726.99685536418,32,458011.79271326296,1074923.6364896486,458011.8490094895,1074923.6618507153,0.05629622656852007,0.025361066684126854,0.06174503080581363
H-0629480-1986,BRAULIO_CARRILLO,PARQUE NACIONAL,LA_VIRGEN,1111031.0751905674,42,498379.2049182918,1149486.8280517457,498379.2017597502,1149486.8897088855,-0.003158541629090905,0.061657139798626304,0.061737988899623605
500891031992,Barra Honda,Parque Nacional,Masion,115860.55490822718,17,350724.6069146058,1123654.6393168746,350724.6186902963,1123654.5787794273,0.011775690480135381,-0.06053744722157717,0.0616721120312025
"SJ-1100847-2006
",LA_CANGREJA,PARQUE NACIONAL,CHIRRES,197433.8387690771,33,456685.3751682734,1074445.4229924767,456685.43182978587,1074445.447239592,0.05666151246987283,0.024247115245088935,0.06163156328604832
"H-182509-1994
",BRAULIO_CARILLO,PARQUE NACIONAL,LAS_HORQUETAS,519338.8396085216,90,498576.03333053313,1144176.135912648,498576.0345484347,1144176.1975276894,0.0012179015902802348,0.061615041457116604,0.06162707698768298
"H-077935-1992
",BRAULIO_CARILLO,PARQUE NACIONAL,HORQUETAS,256998.19292560965,17,498481.3154726392,1145709.1171705204,498481.3154585191,1145709.1787534659,-1.412013079971075e-5,0.061582945520058274,0.06158294713883511
H-0304348-1978,NO_HAY_DATOS,NO HAY DATOS,LA_VIRGEN/HORQUETAS,999747.9159827232,5,497987.8992587881,1148625.845079489,497987.89680947317,1148625.9064315117,-0.002449314924888313,0.061352022690698504,0.061400894389587395
H-0589331-1985,BRAULIO_CARRILLO,PARQUE NACIONAL,HORQUETAS,2242945.0297686756,6,497928.463038161,1149054.2575201464,497928.4602299373,1149054.318820174,-0.0028082237113267183,0.06130002764984965,0.06136431789146841
"SJ-0491960-1998
",LA_CANGREJA,PARQUE NACIONAL,CHIRES,525673.5076186863,51,457216.0812314649,1075069.9145485035,457216.1373896521,1075069.9392529551,0.05615818715887144,0.02470445167273283,0.061351869714143394
H-0330041-1978,NO_HAY_DATOS,NO HAY DATOS,HORQUETAS,999581.488912642,10,497928.6051496849,1146995.7334629884,497928.6039937469,1146995.7946854078,-0.001155937963631004,0.06122241937555373,0.061233331011565424
"H-047946-1992
",BRAULIO_CARRILLO,PARQUE NACIONAL,HORQUETAS,1391692.5276894122,94,497877.789705484,1144774.7404500297,497877.79038945475,1144774.8015040082,6.839707493782043e-4,0.06105397851206362,0.061057809558954304
G-0008779-1974,BARRA_HONDA,PARQUE NACIONAL,SAN_ANTONIO,171557.36495938338,11,350751.6485588411,1126937.5794387525,350751.65762038704,1126937.5191127763,0.009061545948497951,-0.06032597622834146,0.06100274602736469
G-0122327-1993,BARRA_HONDA,PARQUE NACIONAL,MANSION,502887.4757229015,92,351574.1730636083,1123954.0758691947,351574.1846631353,1123954.0160682243,0.011599527031648904,-0.05980097036808729,0.06091555699755858
407078351987,No aplica,Fuera ASP,San Pablo,631.5903755053878,5,488087.27939790423,1105369.1370584066,488087.31199791434,1105369.1883943165,0.03260001010494307,0.051335909869521856,0.06081230386175203
SJ-0030332-1976,NO_HAY_DATOS,NO HAY DATOS,MERCEDES_SUR,195824.82027759217,36,457082.0860967773,1075758.5753269717,457082.14166709007,1075758.5999462947,0.05557031277567148,0.024619322968646884,0.06077969007341598
H-0330042-1978,BRAULIO_CARRILLO,PARQUE NACIONAL,HORQUETAS,499946.2690092623,5,497335.9385203933,1147501.1267495714,497335.9369301706,1147501.187468341,-0.0015902227023616433,0.060718769673258066,0.06073959004535073
G-1332874-2009,LOMAS_DE_BARBUDAL,RESERVA BIOLOGICA,BAGACES,2856912.3535981057,77,351576.66763941135,1158581.941872693,351576.65085988556,1158581.8835270246,-0.016779525787569582,-0.05834566825069487,0.060710538535544686
H-0289189-1977,BRAULIO_CARRILLO,PARQUE NACIONAL,LA_VIRGEN,2325186.22722961,92,497105.09491398407,1149035.4543800931,497105.0920760454,1149035.5149955733,-0.0028379386640153825,0.06061548017896712,0.060681878128379226
G-0008776-1974,BARRA_HONDA,PARQUE NACIONAL,SAN_ANTONIO,124174.34772806067,26,351067.5046920911,1127999.5274634738,351067.5129848553,1127999.467380952,0.008292764192447066,-0.06008252175524831,0.06065211750979036
"SJ-0682642-2001
",LA_CANGREJA,PARQUE NACIONAL,MERCEDES_SUR,189813.08466929942,19,458112.04319715715,1076601.220187093,458112.09814556915,1076601.2457187604,0.054948411998339,0.025531667517498136,0.060590378999996974
"H-0066679-1992
",BRAULIO_CARRILLO,PARQUE NACIONAL,LAS_HORQUETAS,252547.67667886708,25,497329.209355049,1143557.6819376685,497329.21102542063,1143557.7424755292,0.0016703716246411204,0.0605378607288003,0.06056090094263813
SJ-0601180-1999,LA_CANGREJA,PARQUE NACIONAL,MERCEDES_SUR_CHIRES,256465.54818855968,41,457591.95431919926,1076369.2306944705,457592.0094427765,1076369.2557745404,0.05512357724364847,0.02508006989955902,0.0605608675161052
G-0008775-1974,BARRA_HONDA,PARQUE NACIONAL,SAN_ANTONIO,115078.49347943952,17,351196.0983707816,1128065.6180525946,351196.10660733696,1128065.5580674943,0.008236555382609367,-0.05998510029166937,0.06054794052296431
H-330845-1978,BRAULIO_CARRILLO,PARQUE NACIONAL,LA_VIRGEN,598262.8392552361,10,496799.26476880885,1150596.987833411,496799.26061446284,1150597.048228511,-0.004154346010182053,0.060395099921151996,0.06053781202899763
G-0364958-1996,NO_APLICA,FUERA ASP,BAGACES,16649.570365467738,6,351116.30366239976,1155203.5717824057,351116.2896061116,1155203.5129330824,-0.014056288171559572,-0.058849323308095336,0.060504727839918906
SJ-0501941-1998,LA_CANGREJA,PARQUE NACIONAL,CHIRES,2796.2347846065823,17,456805.08484388434,1076091.4969278674,456805.1401608238,1076091.5213732868,0.05531693948432803,0.024445419432595372,0.060477618381913165
H-28984-1976,BRAULIO_CARRILLO,PARQUE NACIONAL,LA_VIRGEN,999892.3413274288,5,497073.79070491286,1146306.6899126254,497073.79012606473,1146306.7503557985,-5.788481212221086e-4,0.06044317316263914,0.0604459448359956
H-27456-1976,BRAULIO_CARRILLO,PARQUE NACIONAL,HORQUETAS,932614.4718924407,48,497165.5199849982,1142718.6180387677,497165.52234804456,1142718.6784372798,0.0023630463401786983,0.06039851205423474,0.060444720583119345
"SJ-0815626-2002
",LA_CANGREJA,PARQUE NACIONAL,MERCEDES_SUR,40637.29349888101,14,458265.0962427011,1076834.212852708,458265.15099197126,1076834.2384658684,0.054749270144384354,0.025613160338252783,0.06044432615106087
H-948847-2004,NO_HAY_DATOS,NO HAY DATOS,NA,579878.4118417837,27,497000.1319449569,1136636.9895700344,497000.13929131243,1136637.0495505687,0.007346355530899018,0.05998053424991667,0.06042874670628043
G-0356001-1996,NO_APLICA,FUERA ASP,BAGACES,12926.76390668608,8,351262.8470588307,1155219.2298588625,351262.83297701355,1155219.1711104463,-0.014081817178521305,-0.058748416136950254,0.06041253159444301
G-0364931-1996,NO_APLICA,FUERA ASP,BAGACES,5353.315572754009,8,351353.07632310153,1155224.8194922952,351353.06227900303,1155224.7607969258,-0.014044098497834057,-0.05869536940008402,0.060352158964109844
SJ-0664744-1987,LA_CANGREJA,PARQUE NACIONAL,MERCEDES_SUR,16552.950286971405,13,457783.61547074583,1076760.6465076169,457783.6702758398,1076760.6717624145,0.05480509396875277,0.025254797656089067,0.06034403971871475
"SJ-1710081-2013
",LA_CANGREJA,PARQUE NACIONAL,CHIRES,31348.608404935978,70,457225.8763234665,1076443.9944064058,457225.93134344294,1076444.0191796508,0.055019976454786956,0.02477324497886002,0.060339965825876335
G-0123989-1993,BARRA_HONDA,PARQUE NACIONAL,MANSION,182290.4659275366,51,351575.50533239846,1127454.0096689074,351575.51404081064,1127453.949997831,0.008708412176929414,-0.059671076480299234,0.060303182428135683
H-5736-1970,NO_HAY_DATOS,NO HAY DATOS,HORQUETAS,999890.4704630151,5,496604.3195356771,1145067.3096840146,496604.3199343662,1145067.36972031,3.986891242675483e-4,0.060036295326426625,0.0600376191195131
G-0122335-1993,BARRA_HONDA,PARQUE NACIONAL,MANSION,287963.4770405276,51,352492.7147855551,1124955.941845609,352492.7255680595,1124955.8828180425,0.010782504396047443,-0.05902756657451391,0.06000429998557982
G-0008793-1974,BARRA_HONDA,PARQUE NACIONAL,SAN_ANTONIO,474035.01799422875,35,351973.2640017654,1128156.940746398,351973.2721561939,1128156.8814295793,0.00815442850580439,-0.05931681860238314,0.05987469977681977
400007491975,Braulio Carrillo,Parque Nacional,La Virgen,994472.3802962005,5,495911.26953279413,1150229.0348550389,495911.26569293777,1150229.0945415848,-0.003839856362901628,0.05968654598109424,0.059809934526305855
H-0629481-1986,NO_HAY_DATOS,NO HAY DATOS,LA_VIRGEN,540697.5570514202,22,496076.9258347227,1145428.0997154464,496076.9259094912,1145428.1593132662,7.476849714294076e-5,0.0595978198107332,0.0595978667111566
H-0629481-1986,NO_HAY_DATOS,NO HAY DATOS,LA_VIRGEN,540697.557058245,22,496076.98651407374,1145427.8562325693,496076.9865647123,1145427.9158045193,5.063856951892376e-5,0.05957194999791682,0.059571971520330134
H-0616043-1986,BRAULIO_CARRILLO,PARQUE NACIONAL,LA_VIRGEN,531285.2178490087,24,495322.38724350143,1151150.5483023783,495322.3825829096,1151150.6075194534,-0.004660591832362115,0.05921707511879504,0.059400194459722895
"H-0028980-1976
",BRAULIO_CARRILLO,PARQUE NACIONAL,LA_VIRGEN,1007599.9060012102,6,495666.90917453414,1145995.5856728514,495666.90877430927,1145995.6450216053,-4.0022487519308925e-4,0.059348753886297345,0.05935010335127495
H-0616042-1986,BRAULIO_CARRILLO,PARQUE NACIONAL,LA_VIRGEN,362732.80603194237,12,495137.36800682923,1151709.7613923275,495137.3629111937,1151709.8205192853,-0.005095635540783405,0.05912695778533816,0.0593461257245463
H-0638908-1986,BRAULIO_CARRILLO,PARQUE NACIONAL,LA_VIRGEN,292079.8322196305,17,494990.0352180994,1152817.896748237,494990.02916778956,1152817.9557691128,-0.006050309864804149,0.05902087572030723,0.05933017798938495
H-0308903-1978,BRAULIO_CARRILLO,PARQUE NACIONAL,HORQUETAS,1986024.9482726585,43,495792.294736086,1141481.293177681,495792.2980370121,1141481.3523694368,0.0033009261242114007,0.059191755717620254,0.05928372507030856
G-0738420-2001,PALO_VERDE,PARQUE NACIONAL,BAGACES,88492563.98362075,335,351652.56359292724,1147203.6487712888,351652.5561388557,1147203.5900024266,-0.007454071543179452,-0.05876886215992272,0.05923970241436763
H-469434-1982,BRAULIO_CARRILLO,PARQUE NACIONAL,LA_VIRGEN,1042512.7954928565,18,495399.7399994904,1147432.3324569552,495399.738401306,1147432.3916352545,-0.0015981844044290483,0.05917829927057028,0.05919987582713108
H-0638907-1986,BRAULIO_CARRILLO,PARQUE NACIONAL,LA_VIRGEN,136629.1808662538,19,494946.46126824484,1152100.4593993053,494946.4558371483,1152100.5183461546,-0.005431096535176039,0.058946849312633276,0.059196518930260546
H-0622099-1986,BRAULIO_CARRILLO,PARQUE NACIONAL,LA_VIRGEN,237499.89604221657,18,495139.932244489,1148116.0737525949,495139.9300900843,1148116.1327200208,-0.002154404704924673,0.05896742595359683,0.059006768961073666
A-0103923-1993,NO_HAY_DATOS,NO HAY DATOS,AGUAS_CLARAS,299903.270302169,36,370485.43170910765,1190047.6404358274,370485.3899322819,1190047.59887909,-0.041776825732085854,-0.04155673738569021,0.05892593308885565
H-0028891-1976,BRAULIO_CARRILLO,PARQUE NACIONAL,LA_VIRGEN,999892.1536954939,5,495126.6660927758,1145152.0524781323,495126.6663757239,1145152.1113057781,2.829480799846351e-4,0.058827645843848586,0.058828326299030835
H-0604273-1985,NO_HAY_DATOS,NO HAY DATOS,LA_VIRGEN,5989.544536542147,10,494713.0917115369,1150060.4551151623,494713.08790931874,1150060.5137990303,-0.0038022181834094226,0.058683868031948805,0.0588069148170981
H-0469433-1982,BRAULIO_CARRILLO,PARQUE NACIONAL,LA_VIRGEN,74075.515114218,17,494864.5411700971,1147311.9505470467,494864.5396791549,1147312.0092737922,-0.0014909421443007886,0.05872674542479217,0.05874566823746241
G-0714022-2001,NO_APLICA,FUERA ASP,BAGACES,433867.044633382,109,353419.1645359788,1154762.277989451,353419.1509615667,1154762.2209929335,-0.01357441209256649,-0.05699651758186519,0.05859067912320767
H-0469433-1982,BRAULIO_CARRILLO,PARQUE NACIONAL,LA_VIRGEN,26639.581373378634,12,494743.41345357156,1147441.7876528197,494743.41180256224,1147441.8462038992,-0.0016510093118995428,0.05855107959359884,0.058574352350870475
G-0008787-1974,BARRA_HONDA,PARQUE NACIONAL,QUEBRADA_HONDA,1254583.853676848,22,353580.06322350353,1128193.90721185,353580.0714266634,1128193.8492263977,0.008203159843105823,-0.05798545223660767,0.05856282526053071
H-0612888-1995,BRAULIO_CARRILLO,PARQUE NACIONAL,LA_VIRGEN,109346.47282372415,13,494681.8557562774,1144707.5016784817,494681.8563468698,1144707.5601267044,5.905923899263144e-4,0.058448222698643804,0.05845120645462589
H-0612890-1985,BRAULIO_CARRILLO,PARQUE NACIONAL,LA_VIRGEN,54210.41589585319,16,494382.1520118394,1144887.8872583404,494382.1524503026,1144887.945462726,4.384632338769734e-4,0.05820438568480313,0.05820603716929007
G-0122331-1993,BARRA_HONDA,PARQUE NACIONAL,QUEBRADA_HONDA,174242.87563522113,51,353889.6707161313,1128952.5040657425,353889.6783067345,1128952.4463606142,0.007590603199787438,-0.0577051283326,0.058202225840756794
403532521979,Braulio Carrillo,Parque Nacional,La Virgen,2588968.5132289827,65,494375.27974542574,1142653.1222143753,494375.28204020625,1142653.1803096212,0.0022947805118747056,0.05809524585492909,0.058140550466454444
H-0612889-1985,BRAULIO_CARRILLO,PARQUE NACIONAL,LA_VIRGEN,894641.1741179358,22,494283.0610745615,1144275.7060938247,494283.0620523022,1144275.7641852414,9.777406812645495e-4,0.05809141672216356,0.05809964435027002
G-0181909-1994,BARRA_HONDA,PARQUE NACIONAL,BARRA_HONDA,780997.1554127289,78,354722.25695542485,1128158.4159888052,354722.26524270565,1128158.3589259568,0.008287280797958374,-0.0570628484711051,0.05766149233813248
H-0023176-1976,BRAULIO_CARRILLO,PARQUE NACIONAL,LA_VIRGEN,1374808.8313710839,9,493609.51406792284,1137094.518825522,493609.5209161328,1137094.576075338,0.0068482099450193346,0.05724981613457203,0.05765795198316851
"A-0256263-1995
",MIRAVALLES,ZONA PROTECTORA,AGUAS_CLARAS,549409.4480760265,35,371881.89581528626,1189055.2020434272,371881.85497795936,1189055.1616067246,-0.04083732690196484,-0.040436702547594905,0.05747011555078526
G-0123986-1993,BARRA_HONDA,PARQUE NACIONAL,QUEBRADA_HONDA,107508.54442414577,25,355412.50424711284,1127561.8030584333,355412.51301687834,1127561.7465248979,0.008769765496253967,-0.05653353547677398,0.05720969690850449
G-0123987-1993,BARRA_HONDA,PARQUE NACIONAL,QUEBRADA_HONDA,17366.160568636886,8,355525.80027743167,1127671.1941264886,355525.8090318331,1127671.1376301453,0.008754401409532875,-0.05649634334258735,0.05717058994905287
G-0178585-1994,BARRA_HONDA,PARQUE NACIONAL,QUEBRADA_HONDA,80930.26259819377,26,355643.79528602934,1127326.443062365,355643.80430394807,1127326.3867333324,0.009017918724566698,-0.05632903263904154,0.05704632132024902
H-570291-1985,BRAULIO_CARRILLO,PARQUE NACIONAL,LA_VIRGEN,480656.1392864883,41,492707.8475501983,1141214.6656959285,492707.8509329899,1141214.7223969982,0.003382791590411216,0.056701069697737694,0.056801888910597544
H-570291-1985,BRAULIO_CARRILLO,PARQUE NACIONAL,LA_VIRGEN,252352.7460765019,20,492706.3766732476,1141520.4039870435,492706.3798481826,1141520.4606936437,0.0031749350018799305,0.056706600124016404,0.05679541099324187
G-0178495-1994,BARRA_HONDA,PARQUE NACIONAL,QUEBRADA_HONDA,36521.5562183032,18,355969.8629073144,1127295.154570514,355969.8719271661,1127295.098517944,0.009019851742777973,-0.056052569998428226,0.05677365875906177
407544381988,Braulio Carrillo,Parque Nacional,San Pedro,597649.2195248902,19,488743.22244713496,1118932.7591008085,488743.2439774988,1118932.8115509523,0.021530363825149834,0.05245014373213053,0.056697214604991594
G-1524491-2011,NO_APLICA,FUERA ASP,MANSION,229602.75982046593,53,360975.9761432221,1112830.9564042245,360975.99724949163,1112830.9038284703,0.021106269501615316,-0.052575754234567285,0.05665407792567483
G-0008751-1974,BARRA_HONDA,PARQUE NACIONAL,QUEBRADA_HONDA,434474.22986972786,15,356596.5873674039,1125452.554439311,356596.5979292935,1125452.498821027,0.0105618896195665,-0.055618283804506063,0.05661225137454337
G-1525036-2011,NO_APLICA,FUERA ASP,MANSION,21709.91319648549,45,361257.4952906742,1112662.601576539,361257.5165062968,1112662.549204962,0.02121562260435894,-0.05237157689407468,0.05650561661341784
G-0965066-2004,NO_APLICA,FUERA ASP,MOGOTE,3783.9365356936723,13,367682.52441546245,1181704.03520348,367682.489380756,1181703.991092386,-0.03503470646683127,-0.04411109397187829,0.05633133469582365
202635651995,Miravalles,Zona Protectora,La Fortuna,984455.970227696,32,372121.8472286403,1187073.7398235574,372121.8079366539,1187073.699492109,-0.03929198638070375,-0.040331448428332806,0.056307068171488714
H-570291-1985,BRAULIO_CARRILLO,PARQUE NACIONAL,LA_VIRGEN,355360.04529361427,15,491994.55594148405,1141720.6137441092,491994.5588716887,1141720.6698621926,0.002930204675067216,0.056118083419278264,0.056194531638682245
H-570291-1985,BRAULIO_CARRILLO,PARQUE NACIONAL,LA_VIRGEN,71756.07272747159,11,491806.49630092556,1141367.4724295535,491806.49953336397,1141367.5283489085,0.003232438408304006,0.05591935501433909,0.05601270323134895
G-0156440-1993,PALO_VERDE,PARQUE NACIONAL,BAGACES,98144.81856678054,8,356009.152928804,1149889.0673097703,356009.1434373208,1149889.0122658978,-0.009491483215242624,-0.05504387244582176,0.055856209569367744
G-0157051-1993,PALO_VERDE,PARQUE NACIONAL,BAGACES,102368.82316137318,6,356256.4161662479,1149034.1718088721,356256.4073953501,1149034.1168608959,-0.008770897809881717,-0.0549479762557894,0.055643586719389175
G-0156416-1993,PALO_VERDE,PARQUE NACIONAL,BAGACES,94795.7856403016,6,356389.1987704726,1149947.1349529028,356389.18923910003,1149947.0802236602,-0.009531372576020658,-0.0547292425762862,0.055553011224927284
H-0785992-1988,BRAULIO_CARRILLO,PARQUE NACIONAL,SAN_JOSE_DE_LA_MONTANA,1219256.8535906859,39,487463.98562207323,1119804.399853252,487464.0063738872,1119804.4513244906,0.020751813950482756,0.05147123849019408,0.055497082571518
H-0800731-1989,BRAULIO_CARRILLO,PARQUE NACIONAL,SAN_JOSE_DE_LA_MONTANA,1382182.11196655,18,487269.1707844112,1119099.1668173966,487269.19210549304,1119099.2180403257,0.0213210818474181,0.05122292903251946,0.05548312346844603
G-0179012-1994,MIRAVALLES,ZONA PROTECTORA,FORTUNA,2346182.6580560952,10,373576.65117265657,1187185.7174656466,373576.61185496015,1187185.6783214374,-0.03931769641349092,-0.0391442091204226,0.05548108109010506
G-0157050-1993,PALO_VERDE,PARQUE NACIONAL,BAGACES,110718.46330153942,13,356491.77843282546,1149340.4779031859,356491.7694156518,1149340.423212053,-0.009017173666507006,-0.05469113285653293,0.05542949967357529
"H-411940-1980
",BRAULIO_CARILLO,PARQUE NACIONAL,SAN_JOSE_DE_LA_MONTANA,1280050.5605213256,53,487960.49642503104,1121526.8840497734,487960.51579495776,1121526.935982412,0.019369926711078733,0.05193263851106167,0.05542736691845614
G-0156415-1993,PALO_VERDE,PARQUE NACIONAL,BAGACES,113726.23013778031,11,356611.4168334177,1149576.2974157927,356611.4076564952,1149576.2427696348,-0.009176922496408224,-0.05464615789242089,0.055411356948810386
H-0003165-000,NO_HAY_DATOS,NO HAY DATOS,SAN_JOSE_DE_LA_MONTANA,340928.86686780094,49,487581.94254723913,1120739.5517496709,487581.9625652209,1120739.6033589614,0.020017981762066483,0.05160929053090513,0.05535556397445337
G-0156519-1993,PALO_VERDE,PARQUE NACIONAL,BAGACES,107828.21454948746,18,356833.64382425393,1149863.6212334128,356833.6344148546,1149863.5668157663,-0.009409399353899062,-0.05441764649003744,0.055225148670835104
G-0156434-1993,PALO_VERDE,PARQUE NACIONAL,BAGACES,97156.13508691313,13,356902.41784021474,1150216.7804639633,356902.40811868827,1150216.726140842,-0.00972152646863833,-0.05432312120683491,0.055186135709369186
114602722010,Fernando Castro,REFUGIO NACIONAL DE VIDA SILVESTRE,SAN JUAN DE MATA,858686.4809320924,114,443448.1134741695,1077679.82219705,443448.16690482816,1077679.835723054,0.053430658648721874,0.013526003807783127,0.05511613250804524
G-0156444-1993,PALO_VERDE,PARQUE NACIONAL,BAGACES,100051.38661943749,15,357073.36654801766,1150380.5069147912,357073.35668911046,1150380.4526910349,-0.009858907200396061,-0.054223756305873394,0.05511273717667057
H-0539013-1984,BRAULIO_CARRILLO,PARQUE NACIONAL,VARA_BLANCA,11828019.013231345,18,489644.07015542063,1130737.7091630423,489644.08204786427,1130737.7628752983,0.011892443639226258,0.05371225601993501,0.055013059017502544
G-1520559-2011,NO_APLICA,FUERA ASP,BAGACES,852378.0910363197,164,357110.04453605006,1149612.343478182,357110.03533309326,1149612.2892870724,-0.009202956804074347,-0.05419110972434282,0.05496699725374692
H-0025412-1975,BRAULIO_CARRILLO,PARQUE NACIONAL,LA_VIRGEN,9353237.65296004,68,488862.9938385075,1127179.6995249842,488863.00862301886,1127179.7524412526,0.014784511353354901,0.05291626835241914,0.05494281784094
H-568990-1984,BRAULIO_CARRILLO,PARQUE NACIONAL,VARA_BALNCA/SAN_JOSE_DE_LA_MONTANA,766842.0344148712,80,486721.3973912973,1120529.4638500388,486721.41750839044,1120529.5147317743,0.020117093168664724,0.050881735514849424,0.054714243543704646
4-7865-1950,BRAULIO_CARRILLO,PARQUE NACIONAL,6,599971.6033272689,11,487557.98004082945,1124193.193627288,487557.9972054127,1124193.2454012106,0.017164583259727806,0.0517739225178957,0.054545045342076624
G-1520562-2011,NO_APLICA,FUERA ASP,BAGACES,249750.08205782526,17,357627.4130369707,1148431.9646601318,357627.4048172365,1148431.9108601897,-0.008219734241720289,-0.05379994213581085,0.05442423912946422
"H-259022-1995
",BRAULIO_CARRILLO,PARQUE NACIONAL,LA_VIRGEN,1753885.9191045384,46,488855.20752514293,1132552.1761480295,488855.21787133,1132552.2292724482,0.010346187045797706,0.053124418715015054,0.054122522577896105
SJ-0588668-1999,NO_APLICA,FUERA ASP,SANTIAGO,6834.662564184982,19,463005.44113622,1089287.628989476,463005.485894591,1089287.659072281,0.04475837101927027,0.030082805082201958,0.053928535469753014
SJ-1484064-2011,FERNANDO_CASTRO,REFUGIO NACIONAL DE VIDA SILVESTRE,CARARA,165677.24910418876,61,442846.5569958766,1079239.2499822206,442846.6091357717,1079239.2630812407,0.05213989509502426,0.013099020114168525,0.05376014312175449
G.1457744-2010,NO_APLICA,FUERA ASP,BAGACES,197419.85665874457,13,358881.6506832115,1147981.8978233354,358881.64288168104,1147981.8450129495,-0.0078015304752625525,-0.05281038582324982,0.05338352487946965
G-0202621-1994,NO_APLICA,FUERA ASP,BAGACES,409799.2806183342,71,359297.88429640845,1151355.946446044,359297.8737491175,1151355.894122883,-0.01054729096358642,-0.052323160925880075,0.05337563597697076
G-0295273-1978,MIRAVALLES,ZONA PROTECTORA,FORTUNA,179333.48731329097,19,373633.9446369151,1183120.254777868,373633.9086569618,1183120.2155550118,-0.03597995330346748,-0.03922285628505051,0.05322583484434441
G-0302988-1978,PALO_VERDE,PARQUE NACIONAL,BAGACES,19694399.51294246,140,359305.3696937182,1143674.1467899354,359305.36541702016,1143674.094163564,-0.004276698047760874,-0.05262637138366699,0.05279985900741938
"G-0039372-1992
",MIRAVALLES,ZONA PROTECTORA,FORTUNA,435397.869684265,24,374967.948609408,1183796.5690559095,374967.9121709648,1183796.531001643,-0.03643844317412004,-0.03805426647886634,0.05268669033255122
G-0306817-1978,PALO_VERDE,PARQUE NACIONAL,BAGACES,15249791.251203157,22,359841.4705105335,1140556.2995837727,359841.46884387627,1140556.2472484643,-0.0016666572191752493,-0.05233530839905143,0.05236183964978743
G-0982715-1992,MIRAVALLES,ZONA PROTECTORA,FORTUNA,809399.5816831365,113,375760.00998793513,1183891.7076094158,375759.973460228,1183891.670126319,-0.03652770712506026,-0.03748309682123363,0.05233790151624493
1-871001-2003,NA,FUERA ASP,SAN LUIS,525017.5681672543,97,449761.85102860525,1083776.8842428345,449761.8997286861,1083776.903208986,0.04870008083526045,0.018966151401400566,0.05226291966912824
SJ-1460273-2010,FERNANDO_CASTRO,REFUGIO NACIONAL DE VIDA SILVESTRE,SAN_JUAN_DE_MATA,1802255.478539057,126,444910.3350668263,1082439.8057478713,444910.3846637545,1082439.8206816914,0.0495969281764701,0.014933820115402341,0.05179646964592403
H-1086244-2006,NO_APLICA,FUERA ASP,VARA_BLANCA,18766.512703822344,33,483417.0704391647,1124054.9642588603,483417.0875327835,1124055.012576368,0.017093618807848543,0.04831750760786235,0.051252056986855365
P-1273236-2008,NO_APLICA,FUERA ASP,LEPANTO,47867.27332437664,20,376907.59358418453,1100804.5292582277,376907.62520330696,1100804.489222078,0.03161912242649123,-0.04003614978864789,0.05101629340632746
"P-0231006-1995
",CARARA,PARQUE NACIONAL,TARCOLES,546458.7361808792,60,433397.4496259834,1080930.2393919337,433397.4999583667,1080930.2448407137,0.0503323832526803,0.00544878002256155,0.05062645560997687
500005491965,Miravalles,Zona Protectora,Bagaces,706525.4585266262,11,378935.0862293721,1183798.8117205587,378935.049923917,1183798.776844616,-0.03630545508349314,-0.034875942626968026,0.05034299795343046
G-1804819-2015,NO_APLICA,FUERA ASP,BAGACES,694658.9595232606,57,362996.57210759376,1151126.8829606944,362996.5619227047,1151126.833659427,-0.010184889077208936,-0.04930126736871898,0.050342297620161965
605810031999,No aplica,Fuera AP,Lepanto,830.3901743022725,6,377764.9741431825,1101626.6731119412,377765.00515629235,1101626.6338404734,0.031013109837658703,-0.039271467830985785,0.050040595194330316
G-0026625-1976,NO_HAY_DATOS,NO HAY DATOS,CANAS,54773.33274212573,27,364944.9581542157,1129372.491654993,364944.96584988275,1129372.4430405323,0.007695667038206011,-0.04861446074210107,0.04921980378270739
G-0026625-1976,NO_HAY_DATOS,NO HAY DATOS,CANAS,6276.7974038191605,11,365198.0340046543,1129156.2471780942,365198.04187778704,1129156.198738894,0.007873132708482444,-0.04843920026905835,0.04907486465953134
G-0618388-1986,PALO_VERDE,PARQUE NACIONAL,BAGACES,23774784.06335458,44,365134.9668446381,1140852.2304162248,365134.96513777017,1140852.1824250226,-0.0017068679444491863,-0.04799120221287012,0.0480215460810705
SJ-0149552-1993,NO_APLICA,FUERA ASP,SAN_JUAN_DE_MATA,657289.3110895422,185,442632.1847299013,1086746.6809475743,442632.2306998533,1086746.69419813,0.045969951956067234,0.01325055561028421,0.04784154791417564
SJ-1351420-2009,CERRO_TURRUBARES,ZONA PROTECTORA,SAN_LUIS,1109126.0820774436,61,447590.45942226093,1088886.5499553853,447590.5038376518,1088886.5673322605,0.04441539087565616,0.017376875272020698,0.047693634175397924
A-995387-1991,CAÑO NEGRO,REFUGIO MIXTO,Buenavista,2976128.3381671915,34,412549.94772110647,1198675.2100019902,412549.9005958192,1198675.2032970034,-0.04712528723757714,-0.006704986793920398,0.047599890179818666
"A-1676965-2013
",NO_APLICA,FUERA ASP,PITAL,1097367.608618433,97,476211.9694412447,1165794.611455908,476211.95197066944,1165794.6556192427,-0.017470575287006795,0.044163334649056196,0.047493379835336
SJ-0151371-1993,NO_APLICA,FUERA ASP,SAN_JUAN_DE_MATA,891194.5700266343,85,441572.1022259757,1087417.8114193247,441572.14757864125,1087417.8238218725,0.045352665532846004,0.01240254775620997,0.04701794829402137
A-0995386-1991,NO_HAY_DATOS,NO HAY DATOS,BUENAVISTA,2828614.17762514,43,413377.63937556307,1197952.404988145,413377.59289490856,1197952.398973759,-0.0464806545060128,-0.006014385959133506,0.04686815637266682
G-0614888-1985,NO_HAY_DATOS,NO HAY DATOS,COLORADO,2709609.859108907,74,369391.6162679678,1129546.2918968848,369391.6240245927,1129546.246914384,0.007756624894682318,-0.044982500839978456,0.0456463647136929
A-0890784-1990,VOLCAN_TENORIO,PARQUE NACIONAL,BIJAGUA,764120.6229610406,61,388871.4243110044,1184811.9934710467,388871.3875984208,1184811.9667710958,-0.036712583620101213,-0.02669995091855526,0.04539494658126809
201469351993,n/a,Fuera ASP,Rio Cuarto,178577.6184430733,15,477010.19155013026,1155381.8337542773,477010.18266200146,1155381.878142132,-0.008888128795661032,0.044387854635715485,0.0452689791430033
200091711952,Volcan Poas,Parque Nacional,San Pedro,4327613.464357205,137,476376.8993846896,1126652.2329531945,476376.9139757029,1126652.2755823957,0.014591013314202428,0.042629201197996736,0.045057146650831305
A-146932-1993,NO_HAY_DATOS,NO HAY DATOS,SANTA_ISABEL,19256.127375673288,11,476930.6408349287,1154225.0538417108,476930.63291741384,1154225.098074854,-0.007917514885775745,0.04423314309678972,0.04493615459947098
"A-0398736-1980
",VOLCAN_TENORIO,PARQUE NACIONAL,BIJAGUA,1382131.69435779,25,388916.85730308446,1183446.5284449493,388916.82170092047,1183446.5017013736,-0.03560216398909688,-0.026743575697764754,0.04452788925840321
SJ-0759746-2001,NO_APLICA,FUERA ASP,SAN_PABLO,1501531.0526414318,87,449216.5367678722,1094803.3669360375,449216.5764058149,1094803.3859332534,0.039637942682020366,0.01899721589870751,0.0439552125687641
2-1341523-2009,GRECIA,RESERVA FORESTAL,SAN_ROQUE,405483.337905623,14,472976.7746982587,1121575.5472588264,472976.79338065244,1121575.5868753337,0.018682393711060286,0.039616507245227695,0.043800679002570765
"G-0653804-2000
",NO_APLICA,FUERA ASP,PALMIRA,30369.146056101657,20,384199.35878886876,1176788.789949662,384199.32845629577,1176788.7591341871,-0.030332572991028428,-0.03081547492183745,0.04323954762615423
A-0009362-1973,VOLCAN_TENORIO,PARQUE NACIONAL,BIJAGUA,935214.2178525067,43,391402.7078742202,1183322.167529324,391402.6724750222,1183322.1428411664,-0.035399198008235544,-0.024688157718628645,0.04315794655872949
"A-0797770-2002
",VOLCAN_POAS,PARQUE NACIONAL,SAN_ROQUE,2970.2429283629162,26,472826.8163282249,1125032.2869866923,472826.83214496105,1125032.3266372124,0.015816736151464283,0.039650520076975226,0.042688791091569374
A-0820334-2002,VOLCAN_POAS,PARQUE NACIONAL,SAN_ROQUE,2235.8614898461383,10,472781.41786024376,1125055.602997563,472781.4336611288,1125055.642616018,0.015800885041244328,0.03961845487356186,0.04265313510933371
A-0584583-1999,NO_HAY_DATOS,NO HAY DATOS,SAN_ROQUE,6998.681256226264,8,472730.08951535996,1125058.4792488054,472730.1053812168,1125058.5188219482,0.015865856839809567,0.039573142770677805,0.042635185492850634
A-0633234-2000,VOLCAN_POAS,PARQUE NACIONAL,SAN_ROQUE,12368.014550738037,29,472556.4962055639,1125034.5032786722,472556.5120406994,1125034.5427082945,0.01583513553487137,0.03942962223663926,0.042490547503319175
A-0862173-2003,VOLCAN_POAS,PARQUE NACIONAL,SAN_ROQUE,956.4235922778025,11,472415.4680154368,1125317.5600537057,472415.4836144027,1125317.5993961615,0.01559896592516452,0.039342455798760056,0.0423220576793217
A-0862176-2003,VOLCAN_POAS,PARQUE NACIONAL,SAN_ROQUE,2138.436900947243,7,472427.6202703746,1125359.2394278382,472427.63585903746,1125359.2787455686,0.015588662878144532,0.039317730348557234,0.04229527550554908
A-872276-2003,VOLCAN_POAS,PARQUE NACIONAL,SAN_ROQUE,7036.77043456064,12,472302.21491142496,1125124.2323721396,472302.2306657904,1125124.271623045,0.015754365420434624,0.03925090539269149,0.042294604903540645
A-0862178-2003,VOLCAN_POAS,PARQUE NACIONAL,SAN_ROQUE,2132.3649807628244,9,472464.2050585105,1125386.3275345622,472464.22053555626,1125386.366873038,0.015477045788429677,0.03933847579173744,0.04227356885755284
"A-0628904-2000
",VOLCAN_POAS,PARQUE NACIONAL,SAN_ROQUE,3081.588682465289,21,472358.4577759584,1125258.5983548325,472358.47341507697,1125258.6376159957,0.015639118559192866,0.03926116321235895,0.042261341271852444
"A-0872278-2003
",VOLCAN_POAS,PARQUE NACIONAL,SAN_ROQUE,7022.083265254099,14,472271.3269690961,1125165.154815518,472271.3426729762,1125165.1940152214,0.015703880111686885,0.03919970337301493,0.04222829140629056
A-2098348-2018,GRECIA,RESERVA FORESTAL,SAN_ROQUE,76202.20562660135,40,471928.7724915741,1124463.8248660627,471928.78877336334,1124463.8637912734,0.016281789226923138,0.038925210712477565,0.04219323037456042
A-2095200-2018,GRECIA,RESERVA FORESTAL,SAN_ROQUE,94579.2948995938,40,471915.33758166357,1124874.981955376,471915.3535352014,1124875.0208770675,0.015953537833411247,0.03892169147729874,0.042064396309184245
A-1452798-2010,DE_GRECIA,RESERVA FORESTAL,SAN_ROQUE,73687.38519402023,18,471696.6283540977,1124675.8614010199,471696.64442355465,1124675.9001312093,0.016069456934928894,0.03873018943704665,0.04193155160512253
A-1330094-2009,GRECIA,RESERVA FORESTAL,SAN_ROQUE,221020.97135790228,41,471590.64999119396,1124440.9125824585,471590.6662729855,1124440.9512026294,0.016281791555229574,0.03862017090432346,0.041911983213958004
"G-0536804-1984
",TENORIO,ZONA PROTECTORA,CAÑAS,153967.58897133823,15,386636.06815740553,1176674.222292146,386636.0379772632,1176674.19339655,-0.030180142319295555,-0.02889559604227543,0.04178272921975416
200233441991,No aplica,Fuera ASP,Grecia,294.918458334927,5,466088.1341744709,1113994.0201286355,466088.15877449093,1113994.0537648154,0.024600020027719438,0.03363617998547852,0.04167197606761291
A-0986953-2005,DE_GRECIA,RESERVA FORESTAL,BOLIVAR,470558.7314978024,20,471332.9807681019,1125501.7803441137,471332.9961671636,1125501.8187899948,0.015399061725474894,0.038445881102234125,0.04141517687698688
"G-0536803-1984
",VOLCAN_TENORIO,PARQUE NACIONAL,CAÑAS,161920.71164040267,8,387070.644520896,1176392.0348257618,387070.61460527463,1176392.006291197,-0.029915621387772262,-0.028534564888104796,0.04134205844379305
2-18972-1974,GRECIA,RESERVA FORESTAL,SAN_ROQUE,93138.21641606305,21,469399.6253573433,1122218.7043984388,469399.643345083,1122218.7411165703,0.017987739702221006,0.0367181315086782,0.04088740589819125
"A-0104610-1993
",VOLCAN_TENORIO,PARQUE NACIONAL,COTE/SAN_RAFAEL,2573861.120005967,48,391373.2132981368,1179287.8379863487,391373.1812264548,1179287.8131158159,-0.0320716819842346,-0.024870532797649503,0.04058492561206485
A-0011298-1973,VOLCAN_TENORIO,PARQUE NACIONAL,SAN_RAFAEL,1875711.0875954765,47,394532.4351507275,1180990.9724823264,394532.4017873155,1180990.950281904,-0.033363412017934024,-0.02220042236149311,0.04007463055983308
"G-0016204-1973
",VOLCAN_TENORIO,PARQUE NACIONAL,AGUA_CALIENTE,231294.8672356587,30,389610.6790356439,1176745.6956746497,389610.6489214095,1176745.6692547791,-0.030114234366919845,-0.02641987055540085,0.04006091201745054
G-0608714-1985,NO_HAY_DATOS,NO HAY DATOS,CANAS/TIERRAS_MORENAS/COTE,1232817.6786162592,160,389800.2883638586,1176778.3950853941,389800.2582566429,1176778.3688168153,-0.0301072156871669,-0.02626857883296907,0.039956009189325944
A-0011299-1973,NO_HAY_DATOS,NO HAY DATOS,SAN_RAFAEL,1752075.3446454406,51,395476.6894623964,1181459.5220014148,395476.65577106306,1181459.5006013385,-0.033691333315800875,-0.02140007633715868,0.03991327107407526
A-0104611-1993,NO_HAY_DATOS,NO HAY DATOS,COTE/SAN_RAFAEL,2419512.5326854885,55,392561.7946368623,1178924.631099859,392561.76288649783,1178924.6071845826,-0.031750364461913705,-0.023915276397019625,0.039749541992458184
G-466934-1998,NO_HAY_DATOS,NO HAY DATOS,CANAS,978322.0956990697,28,375248.5355416039,1143853.230510679,375248.5318214116,1143853.1909518915,-0.00372019229689613,-0.039558787597343326,0.03973332992460624
P-1473781-2011,TIVIVES,ZONA PROTECTORA,SAN_JUAN_GRANDE,725566.4333748613,131,422945.6126670572,1093638.3809016063,422945.65214604046,1093638.3783063982,0.039478983264416456,-0.0025952081196010113,0.03956419119325097
A-0095432-1993,VOLCAN_TENORIO,PARQUE NACIONAL,COTE,519050.3778383471,55,390703.16256962175,1176829.0157594404,390703.13248601323,1176828.9902443509,-0.030083608522545546,-0.025515089510008693,0.03944671462164537
G-0278769-1977,VOLCAN_TENORIO,PARQUE NACIONAL,TIERRAS_MORENAS,698651.4702050928,34,389660.5178323357,1174742.5462365423,389660.4893970817,1174742.5197656013,-0.028435254003852606,-0.02647094102576375,0.03884938080655956
A-0007445-1974,NO_HAY_DATOS,NO HAY DATOS,SAN_RAFAEL,2492403.0887780115,52,395603.5300478866,1179700.8311201336,395603.4977872217,1179700.8097145448,-0.03226066491333768,-0.02140558883547783,0.03871627221265227
A-0021583-1975,VOLCAN_TENORIO,PARQUE NACIONAL,COTE,1398692.5314281061,102,392221.34549982834,1176973.6184758341,392221.3153312674,1176973.5942116953,-0.030168560915626585,-0.02426413889043033,0.03871550727827243
P-01470933-2011,TIVIVES,ZONA PROTECTORA,SAN_JUAN_GRANDE,3776049.699441139,176,422353.7316527456,1094774.5010200709,422353.77017004957,1094774.4979961603,0.03851730393944308,-0.0030239105690270662,0.03863582195182226
A-0723308-1988,NO_HAY_DATOS,NO HAY DATOS,COTE,576654.119215766,34,391790.3647397935,1175791.297570802,391790.3355355198,1175791.2728951739,-0.029204273712821305,-0.024675628170371056,0.03823318229883298
A-167470-1994,NO_HAY_DATOS,NO HAY DATOS,COTE,1033053.650546871,44,392246.83243260486,1175839.3784516354,392246.80321988405,1175839.3541377792,-0.029212720808573067,-0.024313856149092317,0.038007192186195395
200016361966,Miravalles,Zona Protectora,Cote,2517840.104969479,24,395133.0929924942,1178324.8072510588,395133.0618453683,1178324.78547633,-0.03114712587557733,-0.021774728782474995,0.03800371381667065
"A-0010050-1975
",VOLCAN_TENORIO,PARQUE NACIONAL,COTE,1542495.2984554917,42,393712.4017780495,1177047.2721782504,393712.37161099265,1177047.249134545,-0.03016705682966858,-0.023043705383315682,0.037961344490909515
"A-0750418-2001
",RIO_GRANDE,ZONA PROTECTORA,SAN_JOSE,63584.59630507964,32,455732.7881754444,1108614.8027338863,455732.81675222714,1108614.827670659,0.02857678272994235,0.02493677265010774,0.037927234824035
G-0292247-1977,VOLCAN_TENORIO,PARQUE NACIONAL,TIERRAS_MORENAS,1772748.3667925652,59,390290.1844670852,1173709.7704910217,390290.1569030618,1173709.7445048909,-0.027564023388549685,-0.025986130814999342,0.037882111610874764
G0845468-1990,VOLCAN_TENORIO,PARQUE NACIONAL,TIERRAS_MORENAS,781476.365352124,61,391060.66195095604,1173967.6039557583,391060.6341973241,1173967.5786179435,-0.02775363193359226,-0.025337814819067717,0.03758016691435363
"A-1282469-2008
",RIO_GRANDE,FUERA ASP,SAN_JOSE,78877.94687607492,31,455836.7346259111,1109510.53323261,455836.76252053794,1109510.5583081264,0.027894626837223768,0.025075516430661082,0.037508555432758516
A-456556-1981,VOLCAN_TENORIO,PARQUE NACIONAL,SAN_RAFAEL,848262.2728060068,45,398457.48070646607,1179670.4713246506,398457.4485988841,1179670.4522701711,-0.03210758196655661,-0.01905447943136096,0.037335907731556615
A-0008859-1974,VOLCAN_TENORIO,PARQUE NACIONAL,SAN_RAFAEL/COTE,1581338.3399449587,29,396108.4615351097,1177980.7495451728,396108.43072945776,1177980.7285225268,-0.030805651913397014,-0.02102264598943293,0.03729530579317458
A-0016404-1973,VOLCAN_TENORIO,PARQUE NACIONAL,COTE,2604614.7004490923,57,392514.6184998218,1174616.2083748898,392514.59026358667,1174616.1842439508,-0.028236235142685473,-0.024130939040333033,0.037142794644470345
A-21870-1974,VOLCAN_TENORIO,PARQUE NACIONAL,COTE,281739.77351406566,31,393735.6573412779,1175661.6236053137,393735.628316298,1175661.600520033,-0.029024979914538562,-0.023085280787199736,0.03708611125560646
"A-0011657-1973
",VOLCAN_TENORIO,PARQUE NACIONAL,COTE,1433627.9747320898,52,394829.6062753385,1176464.2185940817,394829.57664771273,1176464.1964441675,-0.029627625772263855,-0.022149914177134633,0.03699209249225763
P-1470932-2011,TIVIVES,ZONA PROTECTORA,SAN_JUAN_GRANDE,1123930.7790775672,139,425766.8780299468,1096919.644487557,425766.91492340254,1096919.644348503,0.036893455719109625,-1.3905391097068787e-4,0.03689371776994098
A-013234-1973,NO_HAY_DATOS,NO HAY DATOS,COTE,1797557.4916336443,13,397506.61839489767,1178117.144592919,397506.5874973749,1178117.1247670448,-0.030897522752638906,-0.01982587412931025,0.03671133608629754
A-0362840-1979,VOLCAN_TENORIO,PARQUE NACIONAL,COTE,2205660.570520673,34,393549.65271782875,1174770.8725656513,393549.62442982994,1174770.8493045338,-0.028287998808082193,-0.023261117516085505,0.03662363259786226
A-21870-1974,VOLCAN_TENORIO,PARQUE NACIONAL,COTE,1273328.0199878681,56,394491.4138011759,1175465.2081820117,394491.3849702975,1175465.1857244326,-0.028830878378357738,-0.022457579150795937,0.036545347301427035
"A-0011658-1973
",VOLCAN_TENORIO,PARQUE NACIONAL,COTE,1629362.9101776523,53,395106.39084215387,1175678.5798696082,395106.3618647942,1175678.557895776,-0.028977359645068645,-0.021973832277581096,0.03636669736122484
G-0008871-1974,VOLCAN_TENORIO,PARQUE NACIONAL,COTE/TIERRAS_MORENAS,2811112.5123240966,82,393345.81677544164,1173252.0074232905,393345.7897136309,1173251.983926807,-0.027061810716986656,-0.023496483452618122,0.03583889415036646
A-295585-1996,VOLCAN_TENORIO,PARQUE NACIONAL,COTE,313378.3193528317,63,398215.5790518476,1177203.2289297988,398215.54895241384,1177203.2095657527,-0.030099433788564056,-0.01936404616571963,0.035790252839289535
A-0013235-1973,VOLCAN_TENORIO,PARQUE NACIONAL,COTE,1233154.4885922028,21,397705.4936342919,1176731.7072384858,397705.4638502058,1176731.6874334323,-0.029784086102154106,-0.019805053481832147,0.035767749836392575
"A-0522704-1983
",VOLCAN_TENORIO,PARQUE NACIONAL,COTE,665093.8527734056,31,398779.80522296974,1176797.303241473,398779.7754949189,1176797.2843242653,-0.02972805080935359,-0.0189172076061368,0.03523659672183437
G-0003727-1971,VOLCAN_TENORIO,PARQUE NACIONAL,TIERRAS_MORENAS,1229330.5494457684,60,391884.9844489693,1170706.2966681274,391884.95943527686,1170706.2718750276,-0.025013692444190383,-0.024793099844828248,0.03521906599568151
G-0683270-2001,NO_APLICA,FUERA ASP,JUNTAS,165791.0145267318,21,381012.7291506905,1137372.3600441779,381012.7309738858,1137372.3249268245,0.0018231953145004809,-0.035117353312671185,0.03516464907889448
A-470166-1982,VOLCAN_TENORIO,PARQUE NACIONAL,COTE,796759.9004631825,31,400184.5500830273,1177572.0305178422,400184.51971757924,1177572.012806206,-0.030365448037628084,-0.017711636144667864,0.035153413624383574
"A-0983387-1991
",VOLCAN_TENORIO,PARQUE NACIONAL,COTE,156988.4017567709,26,399444.53706355696,1177023.6492568576,399444.5071997768,1177023.6308940034,-0.029863780131563544,-0.01836285414174199,0.03505766358411896
G-164522-1994,NO_HAY_DATOS,NO HAY DATOS,TIERRAS_MORENAS,749492.330047518,65,393388.1695265912,1171604.5167915204,393388.1438152228,1171604.4932408407,-0.025711368420161307,-0.023550679674372077,0.03486701850118748
"A-0135805-1993
",VOLCAN_TENORIO,PARQUE NACIONAL,COTE,262711.5796692632,45,399072.9281851006,1176396.7983405541,399072.8988174171,1176396.7796911558,-0.029367683513555676,-0.01864939834922552,0.03478880414358139
"A-0644250-2000
",NO_APLICA,FUERA ASP,SAN_RAFAEL,14436.126779420301,30,407080.9955763913,1180737.4931676448,407080.96295510227,1180737.481235169,-0.03262128902133554,-0.011932475725188851,0.03473517632524309
A-0877371-1990,NO_HAY_DATOS,NO HAY DATOS,COTE,491188.28274958767,73,400461.8465544655,1176824.3556317796,400461.81686090084,1176824.3381283612,-0.02969356463290751,-0.017503418494015932,0.03446849923604616
G-495205-1983,VOLCAN_TENORIO,PARQUE NACIONAL,TIERRAS_MORENAS,444978.9481905438,44,393876.63184566284,1171369.55233923,393876.6063378687,1171369.5291916064,-0.025507794111035764,-0.023147623520344496,0.03444502917767085
G-392686-1980,VOLCAN_TENORIO,PARQUE NACIONAL,TIERRAS_MORENAS,731165.4935859144,54,392589.16924815654,1169936.001489027,392589.1448542131,1169935.9772334988,-0.024393943429458886,-0.02425552811473608,0.03440051046371831
"A-0917735-2004
",NO_APLICA,FUERA ASP,COTE,362583.8587169852,62,402895.5404595618,1177970.412504874,402895.509966169,1177970.3970114556,-0.030493392783682793,-0.015493418322876096,0.03420369884658077
"A-0804889-1992
",VOLCAN_TENORIO,PARQUE NACIONAL,COTE,472102.9692311371,26,399602.3723737111,1175585.3748629005,399602.3436025523,1175585.3565617,-0.028771158773452044,-0.018301200354471803,0.03409858518445751
G-479579-1982,VOLCAN_TENORIO,PARQUE NACIONAL,TIERRAS_MORENAS,1186384.7020524063,52,394411.1991038309,1171256.5578486347,394411.17373510107,1171256.5351387952,-0.025368729839101434,-0.02270983951166272,0.03404863087254453
A-0877373-1990,VOLCAN_TENORIO,PARQUE NACIONAL,COTE,258140.3086093398,46,400128.5520254055,1175783.1320612524,400128.52315204986,1175783.1142091688,-0.028873355651739985,-0.01785208354704082,0.03394653964047574
"A-0461281-1982
",VOLCAN_TENORIO,PARQUE NACIONAL,COTE,16046.69629745878,7,400605.02328286786,1175693.278784028,400604.9945125143,1175693.2613550667,-0.028770353528670967,-0.017428961349651217,0.03363780515866554
A-0877376-1990,VOLCAN_TENORIO,PARQUE NACIONAL,COTE,49406.60294030722,20,400751.3830448241,1175399.1167721527,400751.3545346235,1175399.0994358808,-0.028510200616437942,-0.0173362719360739,0.033367317300481945
"G-0341793-1979
",VOLCAN_TENORIO,PARQUE NACIONAL,TIERRAS_MORENAS,173831.2550811777,24,394638.0166256704,1170197.2987013073,394637.99210770585,1170197.2761140913,-0.0245179645717144,-0.0225872159935534,0.03333636022542469
"G-0547881-1984
",VOLCAN_TENORIO,PARQUE NACIONAL,TIERRA_MORENA,161710.90648769774,32,394526.2114599623,1169984.534535674,394526.18714425154,1169984.5118633618,-0.02431571076158434,-0.022672312101349235,0.033245864793414764
P-1771992-2014,NO_APLICA,FUERA ASP,PUNTARENAS,594.5525999993552,5,410840.50773332076,1103733.0292864619,410840.5384333607,1103733.017222312,0.03070003993343562,-0.012064149836078286,0.03298539317913141
G-523142-1983,VOLCAN_TENORIO,PARQUE NACIONAL,TIERRAS_MORENAS,11328.034726687916,12,395541.3295467933,1170170.010670985,395541.30508970015,1170169.9888391623,-0.02445709315361455,-0.021831822814419866,0.032783805345395815
G-365437-1996,NO_HAY_DATOS,NO HAY DATOS,ARENAL,392620.54634924245,59,396205.0523570156,1170808.2175551238,396205.02743791667,1170808.1962655708,-0.024919098941609263,-0.02128955302760005,0.032775090544142
"G-0616808-1986
",VOLCAN_TENORIO,PARQUE NACIONAL,TIERRAS_MORENAS,65988.27903042897,16,395399.9418152861,1170034.27752755,395399.91747255245,1170034.2555972908,-0.02434273366816342,-0.021930259186774492,0.03276438539692518
G-735312-1988,VOLCAN_TENORIO,PARQUE NACIONAL,TIERRAS_MORENAS,459818.66750672273,35,395949.12894407107,1169850.4701033165,395949.1047742073,1169850.4485757642,-0.02416986378375441,-0.021527552278712392,0.03236692482207629
G-616807-1986,VOLCAN_TENORIO,PARQUE NACIONAL,TIERRAS_MORENAS,244125.35693973722,31,395653.02927150315,1169408.0408031505,395653.0054596437,1169408.0190408716,-0.023811859427951276,-0.021762278862297535,0.03225835443256389
205236671998,No aplica,Fuera ASP,Zarcero,6263.047958640382,19,459456.361480065,1126641.4134848737,459456.3754175179,1126641.4422597499,0.013937452924437821,0.02877487614750862,0.03197258343214356
205236661998,No aplica,Fuera ASP,Zarcero,5108.287897262489,10,459435.22776020487,1126787.7716112656,459435.24163292674,1126787.800376938,0.01387272187275812,0.028765672352164984,0.03193612872642848
205236651998,No aplica,Fuera ASP,Zarcero,3187.776189737022,5,459526.2584834244,1127051.3590072647,459526.2720629803,1127051.387873606,0.013579555903561413,0.028866341337561607,0.031900940436836146
205236681998,No aplica,Fuera ASP,Zarcero,444.5195270869881,5,459132.95481370506,1126833.8893227663,459132.9686185083,1126833.9178561247,0.013804803253151476,0.028533358359709382,0.03169739945392711
514137422010,n/a,Fuera ASP,Las Juntas,265084.8108254485,52,385437.4987580397,1137457.2463788649,385437.50072772015,1137457.2149021064,0.0019696804229170084,-0.03147675842046738,0.03153832528256512
G-1321226-2009,NO_APLICA,FUERA ASP,JUNTAS,37099.22224019462,16,385926.1929396498,1137358.4814110901,385926.1950136992,1137358.4503233088,0.0020740493782795966,-0.0310877813026309,0.031156890524308575
G-0826195-2002,NO_APLICA,FUERA ASP,LIBANO,60399.7101248214,46,392708.60621815297,1146740.4120351193,392708.60086238617,1146740.3869264142,-0.00535576679976657,-0.02510870504193008,0.025673552673833956
514088742010,No aplica,Fuera ASP,Libano,172170.88844195474,50,393100.3184906488,1146540.9809974693,393100.3133332322,1146540.9561835723,-0.005157416628208011,-0.024813896976411343,0.025344199127864987
G-1438071-2010,NO_APLICA,FUERA ASP,LIBANO,8697.97835552413,27,393465.5905263862,1147094.7603276172,393465.5849126302,1147094.7357990749,-0.00561375601682812,-0.02452854230068624,0.025162743173450467
G-0926201-2002,NO_APLICA,FUERA ASP,LIBANO,12756.031758918747,25,393441.7870071563,1146999.6045114119,393441.781464239,1146999.5800004236,-0.00554291729349643,-0.0245109882671386,0.025129912016446612
G-0922206-1990,NO_APLICA,FUERA ASP,TILARAN,26823.82205953046,17,397181.1179814335,1155648.4790744013,397181.10551774973,1155648.4579925712,-0.012463683786336333,-0.021081830142065883,0.024490548700768236
G-0922207-1990,NO_APLICA,FUERA ASP,TILARAN,101602.94064780223,30,397473.2760527259,1155490.4739940343,397473.26373020106,1155490.4531404153,-0.01232252485351637,-0.02085361909121275,0.024222263477365644
G-1512509-2011,NO_APLICA,FUERA ASP,QUEBRADA_GRANDE,4524.405307347246,14,397726.8478322989,1153494.1324486593,397726.83715830074,1153494.1117130085,-0.010673998156562448,-0.020735650788992643,0.02332169484169943
G-1240245-2007,NO_APLICA,FUERA ASP,QUEBRADA_GRANDE,8047.792683993466,28,397624.82651634404,1152936.1264230048,397624.8163177112,1152936.1055974779,-0.01019863283727318,-0.020825526909902692,0.0231886757453846
A-1218053-2008,NO_APLICA,FUERA ASP,PIEDADES_SUR,29464.675949170272,18,441910.93578261504,1120271.8308682195,441910.9541997591,1120271.8449570723,0.018417144077830017,0.014088852796703577,0.02318807816768633
G-1513329-2011,NO_APLICA,FUERA ASP,QUEBRADA_GRANDE,32474.035577038303,32,397867.8280509908,1153321.9075006219,397867.81750787003,1153321.8868676599,-0.010543120792135596,-0.020632961997762322,0.02317059595346365
G-1240247-2007,NO_APLICA,FUERA ASP,QUEBRADA_GRANDE,5729.061776774004,14,397898.60792392667,1153112.5696467226,397898.5975755223,1153112.549039685,-0.010348404350224882,-0.020607037702575326,0.02305947691234808
A-0134285-1993,FUERA_ASP,FUERA ASP,PIEDADES_SUR,19875.144794556865,16,441706.07961885957,1120404.4423226889,441706.09787222964,1120404.4562597359,0.01825337007176131,0.01393704698421061,0.02296577448327762
A-1209006-2007,NO_APLICA,FUERA ASP,PIEDADES_NORTE,121051.69170597987,61,440065.3755469263,1124396.9047025451,440065.39049881743,1124396.9174369008,0.014951891149394214,0.012734355637803674,0.01963982847311542
"A-0874458-1990
",NO_APLICA,FUERA ASP,PIEDADES_NORTE,725977.8575964086,42,438099.10416985827,1124222.2998775016,438099.1192037465,1124222.3110121356,0.015033888223115355,0.011134634027257562,0.018708230007835815
A-0874459-1990,NO_APLICA,FUERA ASP,PIEDADES_NORTE,2196130.336942165,83,438337.20703987306,1125712.9645475023,438337.220823121,1125712.9759231438,0.013783247966784984,0.011375641450285912,0.017871293823317473
A-872213-1990,NO_APLICA,FUERA ASP,PIEDES_NORTE,3380111.5513029993,62,436016.68744001834,1124896.155796263,436016.7018173915,1124896.165244279,0.01437737315427512,0.009448016062378883,0.01720389102302849
A-0151953-1993,NO_APLICA,FUERA ASP,ANGELES,40996.08510270732,12,439179.158958154,1141840.2634977389,439179.1595927195,1141840.2762796003,6.34565541986376e-4,0.012781861471012235,0.012797603529224662
A-0151942-1993,NO_APLICA,FUERA ASP,ANGELES,122798.24310002371,23,438830.5193058315,1140939.5988281458,438830.5206821335,1140939.6112905538,0.0013763019815087318,0.012462408049032092,0.012538174569086392
A-0152157-1993,NO_APLICA,FUERA ASP,ANGELES,44725.533622592775,9,438573.6136468806,1141388.1274056453,438573.6146185654,1141388.1396431532,9.716848144307733e-4,0.012237507849931717,0.012276024183575714
G-0575807-1985,VOLCAN_ARENAL,PARQUE NACIONAL,TRONADORA,98175.34243088216,13,410959.55458021205,1148690.0505384537,410959.54841401783,1148690.040420341,-0.006166194216348231,-0.010118112666532397,0.011848972742240978
200412371963,ALberto Manuel Brenes,Reserva Biologica,San Lorenzo,2468820.6661209557,47,430022.57986836525,1131086.2988137312,430022.58891174773,1131086.3036024773,0.009043382480740547,0.004788746125996113,0.010233027711885072
200014891976,ALberto Manuel Brenes,Reserva Biologica,San Lorenzo,2564833.0648670117,69,430094.3569332892,1132820.6872148549,430094.3645718318,1132820.6921752589,0.007638542563654482,0.004960404010489583,0.009107850484282354
500499211963,Arenal,Parque Nacional,Tronadora,207228.62096497975,17,415639.2215178109,1149345.2484819458,415639.2149835507,1149345.2422280202,-0.006534260173793882,-0.006253925617784262,0.009044785329216338
206184801986,Arenal,Parque Nacional,Peñas Blancas,385824.49716230854,33,424623.7475238073,1152637.8602864477,424623.7386625139,1152637.8615719136,-0.008861293375957757,0.0012854658998548985,0.008954046173349934
G-1881500-2016,NO_HAY_DATOS,NO HAY DATOS,TRONADORA,1624997.0952920113,71,413588.8942582221,1144127.0089243732,413588.89190665097,1144127.0008056618,-0.0023515711072832346,-0.008118711411952972,0.008452417504074484
A-0859034-1989,VOLCAN_ARENAL,PARQUE NACIONAL,FORTUNA,1317412.89357003,28,419669.0007796346,1149866.5071416646,419668.99397553777,1149866.5042349675,-0.006804096803534776,-0.002906697103753686,0.00739896083006541
1-0023645-1974,VOLCAN_ARENAL,PARQUE NACIONAL,SAN_ISIDRO,3297356.5808934495,77,423760.23725227045,1150570.4649958627,423760.2300315642,1150570.4655152876,-0.007220706262160093,5.194249097257853e-4,0.007239364693206277
