plano,nombre_asp,categoria,distrito,area_m2,vertices,cx_mapa,cy_mapa,cx_2026,cy_2026,dx_m,dy_m,desplazamiento_m
A-18553-1972,GUANACASTE,PARQUE NACIONAL,DOS_RIOS,2969754.076218717,57,347046.65489920316,1210718.5761760816,344788.36539494555,1207988.9605016944,-2258.289504257613,-2729.615674387198,3542.6929326291283
"A-0508624-1998
",NO_APLICA,FUERA ASP,SAN_JUAN,50194.07281114603,14,470011.52655859134,1174591.344583964,469179.59422008833,1171162.7015515317,-831.9323385030148,-3428.643032432301,3528.130448225187
L-0824240-1989,TORTUGUERO,PARQUE NACIONAL,COLORADO,921208.9737413973,10,541535.3997237558,1166972.5713833973,539160.1829163058,1164552.3910069165,-2375.216807449935,-2420.180376480799,3391.006920826822
4-7491-1946,NA,NA,NA,2228707.882451903,22,500973.93287522276,1115245.4644427353,497919.7279563888,1113893.9203290502,-3054.2049188339734,-1351.544113685144,3339.8861024691546
1-3886-1965,BRAULIO_CARRILLO,PARQUE NACIONAL,NA,995769.8465901971,11,501497.89480502956,1118287.4232650406,499174.4693374026,1117394.468417556,-2323.4254676269484,-892.9548474845942,2489.1111391948207
C-0007442-1968,TAPANTI_MACIZO_DE_LA_MUERTE,PARQUE NACIONAL,PEJIBAYE,2992726.921768248,28,534163.2721681639,1078031.3125444176,533688.2984004688,1080181.8882147993,-474.9737676951336,2150.575670381775,2202.4022779766037
A-21597-1975,NO_HAY_DATOS,NO HAY DATOS,BIJAGUA,1654436.1436025545,11,377802.9272265178,1189107.3815088042,379594.39090573404,1189051.176814557,1791.46367921622,-56.20469424710609,1792.3451346228846
100038891965,Braulio Carrillo,Parque Nacional,Dulce Nombre de Jesus,993586.6538641304,24,502120.25068912393,1119544.8013444534,501704.90944123705,1118010.2422657232,-415.34124788688496,-1534.5590787301771,1589.7735430901612
1-3885-1965,Braulio Carrillo,Parque Nacional,Dulce Nombre de Jesus,999236.6811657541,26,501551.67996510916,1119839.4486820602,501035.40632443246,1118467.6562700968,-516.2736406766926,-1371.7924119634554,1465.7260636210576
L-0222662-1994,CAHUITA,PARQUE NACIONAL,CAHUITA,3924.9966819537804,6,630638.5065212485,1071648.3742993486,631256.6492869278,1070323.9956844207,618.1427656792803,-1324.3786149278749,1461.5331656996038
L-0222584-1994,CAHUITA,PARQUE NACIONAL,CAHUITA,4297.706687711179,6,630619.478262695,1071522.9301774409,631281.7129691488,1070276.314905114,662.2347064537462,-1246.6152723268606,1411.5964166965189
P-0627261-1986,INTERNACIONAL_LA_AMISTAD,PARQUE NACIONAL,POTRERO_GRANDE,2000492.46120833,127,605465.168249878,1006269.8619829138,606490.8713023934,1007225.2771684995,1025.7030525153968,955.4151855857344,1401.7435317443867
"A-0592754-1985
",GUANACASTE,PARQUE NACIONAL,DOS_RIOS,1199705.656410059,47,343260.1507442725,1210479.1491559774,344268.89971959137,1211440.780590897,1008.7489753188565,961.6314349195454,1393.667647551692
P-0882049-1990,INTERNACIONAL_LA_AMISTAD,PARQUE NACIONAL,PITTIER,588768.6880887337,53,616895.0037916612,998586.5134104777,616173.0836087677,997536.8854633227,-721.9201828935184,-1049.6279471549205,1273.9260488417935
C-0005546-1973,TAPANTI_MACIZO_DE_LA_MUERTE,PARQUE NACIONAL,PEJIBAYE,99977.59287384897,5,531342.7283511357,1081376.383119355,531358.7022684545,1080136.4077874725,15.97391731874086,-1239.9753318824805,1240.0782191908595
C-0000605-1973,TAPANTI_MACIZO_DE_LA_MUERTE,PARQUE NACIONAL,PEJIBAYE,351254.50147660985,7,531282.7826936923,1081772.049503965,531298.7566110133,1080532.0741720828,15.973917321069166,-1239.9753318822477,1240.078219190657
C-0000605-1973,TAPANTI_MACIZO_DE_LA_MUERTE,PARQUE NACIONAL,PEJIBAYE,199808.37111614586,5,531305.0127796079,1082352.3964201356,531320.986696928,1081112.4210882552,15.973917320137843,-1239.975331880385,1240.0782191887824
L-0679840-1987,TORTUGUERO,PARQUE NACIONAL,COLORADO,922031.277316153,7,551285.7048594191,1163498.7472688116,551762.1449810233,1164607.7268029994,476.4401216041297,1108.9795341878198,1206.9924592645937
100038841965,Braulio Carrillo,Parque Nacional,Dulce Nombre de Jesus,1000000.0403622091,12,499899.7665642052,1116564.9741841464,500098.61743685516,1117734.7325814161,198.85087264998583,1169.7583972697612,1186.5396653870368
G-116836-1993,GUANACASTE,PARQUE NACIONAL,MAYORGA,402653.40679824725,52,339962.62636683247,1206134.9355151418,341128.1722721228,1206202.4182691695,1165.5459052903461,67.48275402770378,1167.4978284477688
"C-507536-1983
",BRAULIO_CARRILLO,PARQUE NACIONAL,SANTA_ROSA,4418898.188055038,13,510976.8063222537,1114480.195522085,510230.80681971746,1115361.5064647312,-745.9995025362587,881.310942646116,1154.6532966272305
1-009470-1970,BRAULIO_CARRILLO,PARQUE NACIONAL,DULCE_NOMBRE_DE_JESUS,676152.5101037705,17,503625.64050916256,1117729.2290003556,504736.85740289657,1117638.9542980858,1111.216893734003,-90.27470226981677,1114.877799038868
"A-0012825-1971
",GUANACASTE,PARQUE NACIONAL,DOS_RIOS,1634306.951595746,49,344525.5780283682,1211605.6190726815,343674.5143408433,1210954.7449418604,-851.0636875248747,-650.8741308210883,1071.4226684159453
L-640041-1986,TORTUGUERO,PARQUE NACIONAL,COLORADO,1001598.2326529846,15,544767.7444999181,1171739.3278639787,543722.1181563591,1171637.0976770648,-1045.626343559008,-102.23018691386096,1050.6119461823305
L-0599281-1985,NO_HAY_DATOS,NO HAY DATOS,CAHUITA,2378.5599523596466,6,629581.5406158591,1073668.4626957958,628989.3204120013,1074483.7089879937,-592.2202038577525,815.246292197844,1007.6464096098642
G-124431-1993,GUANACASTE,PARQUE NACIONAL,MAYORGA,716349.8826467581,52,343080.18834126915,1206272.5908918947,342452.28711868444,1205491.86417842,-627.9012225847109,-780.7267134746071,1001.8952771903039
"G-0013183-1974
",GUANACASTE,PARQUE NACIONAL,SANTA_CECILIA,2145604.325806489,28,345141.87108009873,1217131.8209123763,345766.68683545885,1217863.2510252157,624.8157553601195,731.4301128394436,961.9691981111234
"L-0137967-1993
",CAHUITA,PARQUE NACIONAL,CAHUITA,24212.415757891566,12,628244.2303405487,1074396.7458913284,628804.0361289431,1075173.519676898,559.805788394413,776.7737855694722,957.475866363126
G-1370252-2009,NO_APLICA,FUERA ASP,SANTA_CECILIA,1582708.708098637,72,345550.2395432067,1216291.2979942756,344847.04011174466,1216844.8604565652,-703.1994314620388,553.5624622895848,894.9418082001994
G-6252-1974,GUANACASTE,PARQUE NACIONAL,SANTA_CECILIA,1816173.3381458223,30,345906.6374558309,1214856.821035718,345414.37053949246,1215593.1949233308,-492.26691633841256,736.3738876127172,885.7613782950781
"G-0168121-1994
",RINCON_CACAO,FUERA ASP,MAYORGA,122977.99114228618,33,344427.7020233629,1202596.1801752083,344224.44763641356,1203440.2424560478,-203.25438694935292,844.0622808395419,868.1897717378425
G-13176-1974,GUANACASTE,PARQUE NACIONAL,SANTA_CECILIA,140719.62073623762,16,346345.15182405704,1216263.5221195705,345816.9277868658,1216932.063906302,-528.2240371912485,668.5417867314536,852.0380003689423
G-8669-1975,GUANACASTE,PARQUE NACIONAL,MAYORGA,124717.25558888912,22,339153.16810176865,1204286.3100411152,338328.22406874364,1204100.046644677,-824.9440330250072,-186.2633964382112,845.7107723543921
G-166311-1995,SANTA_ROSA,PARQUE NACIONAL,SANTA_ELENA,870653.2938119397,56,321802.81261600484,1209126.853876469,320989.9886053298,1209355.1741885808,-812.8240106750163,228.32031211187132,844.2825577096103
SJ-0356522-1979,BRAULIO_CARRILLO,PARQUE NACIONAL,SAN_JERONIMO,9120.567446853966,5,499726.2596690883,1111409.9039232228,498911.7347590016,1111565.587716233,-814.5249100867077,155.68379301019013,829.2697224412567
L-0066447-1992,TORTUGUERO,PARQUE NACIONAL,COLORADO,2223585.3055672348,56,543987.2194904536,1168023.0690798503,544678.070347396,1168388.0784624633,690.8508569423575,365.00938261300325,781.3493174845138
A-126312-1993,GUANACASTE,PARQUE NACIONAL,DOS_RIOS/MAYORGA,1250159.2621917278,85,345227.79878491425,1204987.3595863977,344576.21568602184,1205308.7581957025,-651.5830988924135,321.39860930480063,726.538093168762
G-16532-1991,SANTA_ROSA,PARQUE NACIONAL,SANTA_ELENA,1798971.9867817424,56,322298.54894377576,1208015.779931731,321678.175611106,1208354.9431007276,-620.3733326697838,339.1631689965725,707.0323380805237
A-6320-1974,GUANACASTE,PARQUE NACIONAL,DOS_RIOS,2721598.014751194,13,347065.4626220575,1206313.2518979905,346364.32382926164,1206383.3560525533,-701.1387927958276,70.10415456281044,704.634798495048
H-0036197-1992,MAQUENQUE,REFUGIO NACIONAL DE VIDA SILVESTRE,LA_VIRGEN,689432.1383980587,35,488739.1057703348,1183171.657661186,488799.6557679125,1182476.1719717458,60.54999757773476,-695.4856894402765,698.1164991768068
A-9215-1973,NO_HAY_DATOS,NO HAY DATOS,BIJAGUA,592105.4467413625,16,392222.94701501995,1184423.5046650616,391697.56218672206,1184845.800843039,-525.384828297887,422.29617797746323,674.0647444719042
G-448-1975,GUANACASTE,PARQUE NACIONAL,MAYORGA,476272.9045938235,54,344348.3594477615,1203447.5881628871,344161.3348555028,1204085.2056655914,-187.02459225867642,637.6175027042627,664.4804570973812
L-0066368-1992,TORTUGUERO,PARQUE NACIONAL,COLORADO,575966.8178636655,8,544554.9409159729,1166776.553982954,545128.3879945597,1167101.1014491848,573.4470785867888,324.54746623081155,658.9177564586969
A-0937077-1991,RINCON_DE_LA_VIEJA,PARQUE NACIONAL,AGUAS_CLARAS,126465.00590477412,25,359343.5876741405,1200566.5545902331,358704.52151670726,1200433.8453146433,-639.0661574332626,-132.7092755897902,652.7000118002775
SJ-0011168-1974,BRAULIO_CARRILLO,PARQUE NACIONAL,DULCE_NOMBRE,620985.2545657968,21,500060.51835730573,1114289.086131966,500143.0142679556,1113647.0306328207,82.49591064988635,-642.0554991452955,647.3336382860607
G-18114-1991,SANTA_ROSA,PARQUE NACIONAL,SANTA_ELENA,969841.883942707,62,322557.4234588058,1206876.7532427085,322121.7443307345,1207296.9444695397,-435.67912807129323,420.19122683117166,605.2908141900449
"A-0864532-1990
",VOLCAN_TENORIO,PARQUE NACIONAL,CAÑAS/BIJAGUA,1357107.559777291,35,387876.20655864634,1183086.6182642865,387843.78086567885,1182486.9723835404,-32.42569296748843,-599.6458807461895,600.5219461937216
A-6321-1974,GUANACASTE,PARQUE NACIONAL,DOS_RIOS,1470142.4855986184,13,346207.3217554412,1206781.858279576,345700.1534739387,1207100.9042578577,-507.16828150249785,319.04597828164697,599.1744337168351
H-0289188-1977,BRAULIO_CARRILLO,PARQUE NACIONAL,LA_VIRGEN,1228101.712098552,63,496262.87458273367,1147506.5968514336,496255.1051324319,1146922.1959670847,-7.769450301770121,-584.4008843488991,584.4525284279015
"H-572442-1985
",BRAULIO_CARRILLO,PARQUE NACIONAL,LA_VIRGEN,999660.2248783186,31,497523.8484846649,1149706.216103075,496986.4163762763,1149919.097188983,-537.4321083886316,212.8810859080404,578.0584986525467
2-39592-1962,FUERA ASP,FUERA ASP,2,407326.39896223234,20,349629.7030260352,1202612.2468288841,349880.6214431379,1202098.6277261649,250.91841710265726,-513.6191027192399,571.6333044176312
SJ-0028004-1976,BRAULIO_CARRILLO,PARQUE NACIONAL,DULCE_NOMBRE_DE_JESUS,918190.6443264447,20,502809.8139555257,1116031.8652282192,502307.3858688641,1115764.4536097639,-502.42808666161727,-267.41161845531315,569.1598685354965
G-613270-1986,GUANACASTE,PARQUE NACIONAL,MAYORGA,484433.29391627945,33,339423.59931168344,1205144.3408006255,339028.1361463245,1205546.412224914,-395.4631653589313,402.07142428844236,563.9614750894267
L-0640042-1986,TORTUGUERO,PARQUE NACIONAL,COLORADO,2692568.4462575912,36,543506.6729430308,1171621.5857317192,543253.053009905,1171157.482156778,-253.6199331257958,-464.1035749411676,528.8810818623646
A-291451-1977,GUANACASTE,PARQUE NACIONAL,DOS_RIOS,2630474.55754108,108,347195.74042382324,1204327.8905607369,347186.96870718006,1204828.2336740054,-8.771716643183026,500.34311326849274,500.41999761008356
"A-0074307-1992
",VOLCAN_TENORIO,PARQUE NACIONAL,BIJUAGA,1900845.2601375766,40,387217.1104921078,1181116.6036576265,387158.40649134794,1181606.5625072438,-58.704000759869814,489.95884961728007,493.4631030011294
P-0379881-1980,INTERNACIONAL_LA_AMISTAD,PARQUE NACIONAL,POTRERO_GRANDE,1032651.9234763477,30,605257.1816131383,1004771.1332730863,605593.9299102309,1005125.1695550367,336.7482970926212,354.03628195042256,488.61140442283926
"H-373574-1979
",BRAULIO_CARRILLO,PARQUE NACIONAL,LAS_HORQUETAS,999892.4582899213,6,500116.42318628303,1147054.7541243809,500288.19740063645,1147499.5896512193,171.7742143534124,444.835526838433,476.84906066213273
"A-0610070-2000
",NO_APLICA,FUERA ASP,CUTRIS,18448.061308050528,11,456252.3338059141,1174777.40303801,455779.39052744396,1174732.8571257207,-472.9432784701348,-44.54591228929348,475.03650696737503
"A-0011585-1992
",MIRAVALLES,ZONA PROTECTORA,BIJAGUA,125346.28881221008,14,379654.86129227467,1192381.070868529,379407.2310587527,1191986.0787380266,-247.6302335219807,-394.99213050235994,466.19686368844657
L-0974711-1991,TORTUGUERO,PARQUE NACIONAL,COLORADO,826852.7987362929,72,545078.7366364835,1168668.9257575865,544853.5208910848,1169076.9296161723,-225.21574539865833,408.00385858584195,466.0357074263827
P-0898307-1990,INTERNACIONAL_LA_AMISTAD,PARQUE NACIONAL,POTRERO_GRANDE,457015.73814482614,20,605959.9723632939,1003883.6554040483,606252.2467614373,1004232.6088312368,292.27439814340323,348.9534271885641,455.1843781993546
L-0841272-1989,TORTUGUERO,PARQUE NACIONAL,COLORADO,2446375.589903049,42,549792.5281096523,1165872.0389985791,550162.5502941383,1165670.8515626036,370.02218448591884,-201.18743597553112,421.1802481196617
"A-0215939-1994
",VOLCAN_TENORIO,PARQUE NACIONAL,BUENA_VISTA/BIJUAGUA,2187283.2709354395,53,388971.48784593435,1181103.2537479703,388910.40484819276,1181514.2593257653,-61.08299774158513,411.00557779497467,415.51981612394786
L-0067543-1992,TORTUGUERO,PARQUE NACIONAL,COLORADO,641327.7920008756,52,552016.9574066451,1165357.2176003826,552416.731035335,1165261.3512827887,399.7736286899308,-95.86631759395823,411.10741302601235
"A-0436496-1981
",RINCON_DE_LA_VIEJA,PARQUE NACIONAL,AGUAS_CLARAS,285598.74987571687,14,362584.0612961927,1193932.8127850536,362924.75736953254,1194158.7772709832,340.6960733398446,225.9644859295804,408.8199643982768
L-0974708-1991,TORTUGUERO,PARQUE NACIONAL,COLORADO,95154.02665703418,18,544524.202176688,1168100.2088695818,544573.8381505484,1168496.6240888636,49.63597386039328,396.4152192818001,399.5106456395215
"A-0998587-1992
",VOLCAN_TENORIO,PARQUE NACIONAL,BIJUAGA,2594681.041918734,30,389383.91203071875,1181893.0253446677,389357.95967680897,1182284.6667235247,-25.952353909786325,391.64137885696255,392.5003112182736
A-0928207-1990,VOLCAN_ARENAL,PARQUE NACIONAL,PENAS_BLANCAS,840845.4846378677,20,422918.9146393291,1149482.1196895873,423255.61280129716,1149282.8330610024,336.69816196808824,-199.28662858484313,391.25543140690354
A-1332010-2009,RINCON_DE_LA_VIEJA,PARQUE NACIONAL,AGUAS_CLARAS,1815778.6909442772,98,354701.02389517863,1201749.895318372,354628.1703786399,1201365.765640769,-72.85351653874386,-384.12967760302126,390.9772935701792
P-0010697-1975,CABO_BLANCO,RESERVA NACIONAL,COBANO,770651.7159368247,33,378383.5207620662,1060273.363382612,378754.2385919388,1060368.1178496054,370.7178298726212,94.75446699350141,382.6357515976366
P-0902352-1990,INTERNACIONAL_LA_AMISTAD,PARQUE NACIONAL,POTRERO_GRANDE,231153.99028651428,34,609197.6890669569,998112.6156564164,609376.4787911539,998446.5858796512,178.78972419700585,333.97022323485,378.81641396061093
L-0490146-1983,NO_HAY_DATOS,NO HAY DATOS,COLORADO,995313.8766507804,17,567235.2335639821,1143602.0580104897,567106.1416725714,1143957.7684908137,-129.09189141064417,355.71048032399267,378.4107057686174
P-0422689-1981,INTERNACIONAL_LA_AMISTAD,PARQUE NACIONAL,POTRERO_GRANDE,307273.9049355164,8,608397.4527661775,1003181.6423757309,608600.0600983276,1003499.6273245707,202.6073321501026,317.98494883975945,377.04662673150443
A-0928208-1990,VOLCAN_ARENAL,PARQUE NACIONAL,PENAS_BLANCAS,957730.2137796283,28,423030.63016537175,1150622.6076162602,423297.14987073047,1150359.5940894848,266.51970535871806,-263.01352677540854,374.4447470740329
A-0191042-1994,FUESRA ASP,FUERA ASP,6,183702.60079028644,19,347404.7934334463,1207269.6515053455,347623.50978163304,1206981.31717266,218.71634818671737,-288.33433268545195,361.90265040380444
7-392310-1997,Cordillera Volcánica Central,Reserva Forestal,Guápiles,248626.87926455494,19,518916.23456206097,1118999.7018351483,519255.364696347,1119101.695565025,339.1301342860097,101.99372987682,354.13552337351405
"G-0166989-1994
",GUANACASTE,PARQUE NACIONAL,MAYORGA,1295459.935467424,62,341468.05974578887,1206261.2564400802,341812.2685596869,1206195.0269315687,344.20881389803253,-66.22950851148926,350.52254615468576
"G-0878230-1993
",VOLCAN_TENORIO,PARQUE NACIONAL,BIJAGUA/CAÑAS,717748.8545655231,37,386361.00066809787,1182981.1869310571,386633.1442961125,1182762.8088232863,272.14362801465904,-218.37810777081177,348.92857753778407
P-0913824-2004,PIEDRAS_BLANCAS,PARQUE NACIONAL,GOLFITO,1163950.6555854585,72,579744.9146553981,959425.8540643239,580090.1789894261,959386.0395657335,345.26433402800467,-39.81449859042186,347.5523768438482
SJ-27106-1976,BRAULIO_CARRILLO,PARQUE NACIONAL,DULCE_NOMBRE_DE_JESUS,1524472.4412402844,9,503385.2622971496,1121583.0978021808,503705.0501276614,1121713.4606695625,319.78783051180653,130.36286738165654,345.3385784059106
G-219104-1994,GUANACASTE,PARQUE NACIONAL,MAYORGA,992789.6843816247,32,343110.3848967923,1204539.8477081906,343123.622256464,1204884.3175697064,13.23735967167886,344.4698615157977,344.72411169483087
H-790-1976,BRAULIO_CARRILLO,PARQUE NACIONAL,LA_VIRGEN,2087587.4507288635,6,499701.3569226853,1148086.9240581708,499369.6859396557,1148027.1956075833,-331.67098302958766,-59.728450587484986,337.00612575054873
L-0070717-1992,TORTUGUERO,PARQUE NACIONAL,COLORADO,11832310.919377804,126,550941.3356479867,1167264.5008521809,551245.7095085008,1167119.8886644,304.3738605140243,-144.61218778090551,336.9809072024565
"A-0256262-1995
",MIRAVALLES,ZONA PROTECTORA,AGUAS_CLARAS,403263.09279680904,28,371388.5384369285,1189812.6431161587,371409.81398117275,1189487.9784595484,21.27554424427217,-324.6646566102281,325.3610118541054
SJ-0012368-1974,BRAULIO_CARRILLO,PARQUE NACIONAL,DULCE_NOMBRE_DE_JESUS,1155900.3433466852,23,503730.6353934432,1117464.7280819917,503717.41100179526,1117786.4316292186,-13.224391647963785,321.70354722696356,321.9752425775465
"A-0008776-1973
",VOLCAN_TENORIO,PARQUE NACIONAL,BIJAGUA,1703442.1866998821,18,390303.52611372946,1184509.6823069837,390501.6130854234,1184751.8209815503,198.08697169396328,242.13867456652224,312.8411515061872
G-45456-1956,GUANACASTE,PARQUE NACIONAL,CANAS_DULCES,1178657.7294375561,39,343444.1494394862,1203094.9384515272,343478.4286320701,1203403.7967214563,34.27919258386828,308.8582699291874,310.7547166944577
L-0066373-1992,TORTUGUERO,PARQUE NACIONAL,COLORADO,1563731.69604218,9,546634.7945537899,1167974.124078209,546572.0592301551,1167680.6601521978,-62.73532363481354,-293.4639260112308,300.09464623929887
602082891994,Internacional la Amistad,Paqrque Nacional,Potrero Grande,1399992.0647918507,24,610124.9694156937,1001592.8729431569,609921.444974427,1001374.0343403069,-203.52444126666524,-218.83860284998082,298.8520240691702
"A-0493678-1983
",RINCON_DE_LA_VIEJA,PARQUE NACIONAL,AGUAS_CLARAS,1298918.7693687594,34,354479.0231357846,1200074.9202024783,354654.43550613977,1199833.8475374402,175.4123703551595,-241.07266503805295,298.1367630839325
"A-0458626-1997
",VOLCAN_TENORIO,PARQUE NACIONAL,BIJAGUA,262323.66664437193,20,386347.0397257732,1183853.7586798377,386230.1019519337,1184120.5448921078,-116.93777383951237,266.7862122701481,291.28907636228564
"G-0536844-1984
",VOLCAN_TENORIO,PARQUE NACIONAL,CAÑAS,151698.66040334565,9,385518.66106678656,1178077.2666840781,385714.77038411656,1178260.393639838,196.10931733000325,183.1269557599444,268.31762198846457
"G-0521537-1983
",RINCON_CACAO,FUERA ASP,MAYORGA,376441.76635385957,33,345022.4272869314,1203505.9422331855,344788.93421741744,1203391.3873747464,-233.49306951393373,-114.5548584391363,260.08042814300586
A-0089096-1992,VOLCAN_ARENAL,PARQUE NACIONAL,PENAS_BLANCAS,934689.4177324498,14,423578.6241085564,1151716.6044521697,423686.3236642805,1151489.1182344723,107.69955572410254,-227.48621769738384,251.69261718499132
"G-0536845-1984
",VOLCAN_TENORIO,PARQUE NACIONAL,CAÑAS,145914.13960162294,13,385784.33929205703,1178197.3022648958,385962.07997490594,1178374.4192702316,177.74068284890382,177.11700533586554,250.9226652152803
"A-0177337-1994
",GUANACASTE,PARQUE NACIONAL,DOS_RIOS,806032.9502975496,94,344416.1257131187,1210182.9067061697,344643.36092461116,1210078.6470692605,227.2352114924579,-104.25963690923527,250.01182618121814
P-0902742-1990,INTERNACIONAL_LA_AMISTAD,PARQUE NACIONAL,POTRERO_GRANDE,677882.5647696257,66,610594.3729769895,998541.6222109062,610465.21978249,998328.9395027469,-129.1531944994349,-212.68270815932192,248.8262084254634
SJ-0198198-1994,BRAULIO_CARRILLO,PARQUE NACIONAL,CASCAJAL,1508367.1165653951,31,506889.1142754254,1111959.8833616066,507132.3752579464,1111921.5517497235,243.26098252099473,-38.33161188312806,246.2624983358986
G-22794-1974,GUANACASTE,PARQUE NACIONAL,MAYORGA,31268107.748324543,183,336020.2275263252,1206294.0333532605,335838.37368929596,1206453.4905681876,-181.85383702925174,159.45721492706798,241.86240186221337
604877971998,Pinunsula de Nicoya,Zona Protectora,Paquera,2665903.0687804767,228,395613.9622544994,1089230.4019159058,395519.67806249583,1089008.1031741179,-94.28419200354256,-222.29874178790487,241.46684961345414
L-0066367-1992,TORTUGUERO,PARQUE NACIONAL,COLORADO,624417.8124587871,18,545921.069399353,1167602.6300399152,545795.8262752852,1167400.9871437915,-125.24312406778336,-201.64289612369612,237.3724872082059
707627122002,Cahuita,Parque Nacional,Cahuita,53222.00381485,19,627571.1403708181,1076633.6623717458,627602.5369108779,1076400.3394616856,31.396540059824474,-233.32291006017476,235.4258335159431
A-0001682-1975,GUANACASTE,PARQUE NACIONAL,DOS_RIOS,568912.6843510717,11,343496.0923180355,1206058.0900845462,343302.4962185956,1206191.2768949554,-193.596099439892,133.18681040918455,234.9854807968199
P-1758835-2014,MANUEL_ANTONIO,PARQUE NACIONAL,QUEPOS,5643.0650004269555,14,482411.91743494227,1039373.5176348345,482571.55857492186,1039202.2589915603,159.64113997959066,-171.2586432741955,234.12564248732218
P-1180252-2007,PIEDRAS_BLANCAS,PARQUE NACIONAL,GOLFITO,447567.9711331874,18,575924.6548701477,960752.9275797502,576117.3764465826,960623.5945190798,192.72157643490937,-129.33306067041121,232.0962011880696
G-0570676-1999,DIRIA,PARQUE NACIONAL,SANTA_CRUZ,3934632.0199346635,201,330814.61663615715,1127149.0172072644,330991.0796142085,1127008.9659980943,176.46297805133509,-140.05120917013846,225.28542743098996
P-0093966-1993,INTERNACIONAL_LA_AMISTAD,PARQUE NACIONAL,POTRERO_GRANDE,324072.65895427077,36,608079.5478320222,999119.6167113525,607924.4461151279,999279.3231423616,-155.10171689430717,159.7064310091082,222.62678789675974
P-1288583-2008,NO_APLICA,FUERA ASP,PAQUERA,446221.34735213814,42,395112.1370295837,1080046.3366483357,395299.8680200415,1079933.9502863842,187.7309904578142,-112.3863619514741,218.8004093482452
P-0052908-1962,PIEDRAS_BLANCAS,PARQUE NACIONAL,GOLFITO,586705.4502990018,12,589263.2120015542,965508.6128210947,589154.0475658176,965692.0842400842,-109.16443573660217,183.47141898947302,213.49153523196537
P-0894536-2003,PIEDRAS_BLANCAS,PARQUE NACIONAL,GOLFITO,501091.1285738647,12,589861.650644571,965229.5486783744,589752.486208841,965413.0200973646,-109.16443573008291,183.47141899017151,213.49153522923217
L-0769704-1988,TORTUGUERO,PARQUE NACIONAL,COLORADO,918522.9550901428,34,550484.0261570185,1162498.8600845644,550654.7386814292,1162623.7798777563,170.71252441068646,124.91979319183156,211.5365706485741
SJ-0012564-1974,BRAULIO_CARRILLO,PARQUE NACIONAL,DULCE_NOMBRE_DE_JESUS,789336.7997959107,24,502706.1351435166,1117780.590636816,502597.1155786559,1117960.4161170877,-109.01956486067502,179.82548027159646,210.29139040227315
L-66369-1992,TORTUGUERO,PARQUE NACIONAL,COLORADO,399241.61688985676,12,550836.2870157962,1159916.8788608362,550855.1558683951,1159714.342676434,18.868852598941885,-202.5361844021827,203.4132237358121
L-631373-2000,NO_APLICA,FUERA ASP,CAIRO,3034.080768715823,7,553404.4907558146,1124847.6526186725,553409.2908616645,1124646.8073530188,4.80010584986303,-200.84526565368287,200.90261758291837
A-0825063-1989,VOLCAN_ARENAL,PARQUE NACIONAL,PENAS_BLANCAS,845991.8480148815,29,425286.9825161652,1151058.6168512567,425148.341418145,1150913.5317397907,-138.64109802019084,-145.08511146600358,200.67646506092052
L-67538-1922,TORTUGUERO,PARQUE NACIONAL,COLORADO,401728.45545808226,18,552291.4869549123,1164646.0491507722,552402.5152418993,1164808.5230566005,111.02828698698431,162.47390582831576,196.7868150724854
P-1143195-2007,PIEDRAS_BLANCAS,PARQUE NACIONAL,GOLFITO,1983091.3240619572,55,575198.4991180167,960239.7827738939,575368.8000796838,960143.7474694356,170.30096166708972,-96.03530445834622,195.51265239657207
"G-0536846-1984
",VOLCAN_TENORIO,PARQUE NACIONAL,CAÑAS,152779.3366329968,15,386133.74544725183,1178340.8405669588,386322.36545815045,1178387.78216125,188.62001089862315,46.941594291245565,194.37340812467278
"G-0017180-1973
",VOLCAN_TENORIO,PARQUE NACIONAL,CAÑAS,248406.2637763773,35,389263.5786495125,1177749.793201225,389113.0197103084,1177627.0510838917,-150.55893920408562,-122.74211733345874,194.25143896959966
A-0792724-1988,MAQUENQUE,REFUGIO NACIONAL DE VIDA SILVESTRE,PITAL,4210969.357135884,168,478929.0389002996,1171841.833584669,478776.53980871843,1171945.1765304136,-152.49909158115042,103.34294574451633,184.21655020173986
H-0619216-2000,NO_APLICA,FUERA ASP,LA_VIRGEN,1335005.2067062631,102,487075.6888141091,1166027.152199569,487047.1379065941,1166206.1980554333,-28.550907514989376,179.0458558644168,181.30795024529672
"A-0811550-2002
",NO_APLICA,FUERA ASP,UPALA,14265.64775371633,12,399498.1050622076,1198146.88036287,399626.12041541643,1198022.1590605872,128.0153532088152,-124.72130228276365,178.7269814557562
A-1674782-2013,MIRAVALLES,ZONA PROTECTORA,BIJAGUA,2778464.9228878617,57,380209.6196552888,1186135.1745681223,380373.25889523904,1186205.641173503,163.63923995022196,70.46660538064316,178.16661675341317
A-1671528-2013,MIRAVALLES,ZONA PROTECTORA,BIJAGUA,2559629.628484715,60,379379.3649915843,1187271.8526388886,379543.00423153216,1187342.3192442707,163.63923994783545,70.46660538204014,178.16661675177377
607719411988,Internacional la Amistad,Parque Nacional,Potrero Grande,1615179.6745491475,24,607049.0899247387,1002565.0930337685,607177.6117247655,1002679.5243337698,128.52180002676323,114.43130000133533,172.08246715489327
L-0066445-1992,TORTUGUERO,PARQUE NACIONAL,COLORADO,16606302.7573925,134,547037.9046282958,1169242.271757262,547057.942612788,1169071.6732573307,20.037984492257237,-170.59849993139505,171.77126942930283
SJ-0518278-1983,BRAULIO_CARRILLO,PARQUE NACIONAL,JESUS,20310344.54487077,56,506709.93922885024,1116213.2891844404,506876.5226777261,1116190.0364570094,166.5834488758701,-23.252727431012318,168.19849812754148
604226851981,Internacional la Amistad,Parque Nacional,Potrero Grande,2946143.5718958974,36,608821.3806540718,1002636.3870215869,608785.0989541017,1002477.1997215868,-36.28169997013174,-159.18730000010692,163.26958759685374
C-539104-1984,BRAULIO_CARRILLO,PARQUE NACIONAL,SANTA_ROSA,1817706.418762968,10,511204.6851387801,1113824.1774891121,511195.1084156527,1113984.7258908604,-9.576723127393052,160.54840174829587,160.83377421981666
SJ-0008326-1976,BRAULIO_CARRILLO,PARQUE NACIONAL,JESUS,232739.1908840984,9,503004.4779612702,1112769.6437031946,503099.82292213594,1112642.7857918472,95.34496086573927,-126.85791134741157,158.6933874927279
"L-0134947-1993
",CAHUITA,PARQUE NACIONAL,CAHUITA,10193.308816421777,12,627475.849974775,1076032.0051315068,627605.8587515749,1075942.361465567,130.00877679989208,-89.6436659398023,157.91855143754017
L-0362999-1996,CAHUITA,PARQUE NACIONAL,CAHUITA,115645.53175781481,34,631297.9074565216,1070531.1707450696,631428.3456346244,1070618.7478874628,130.43817810271867,87.57714239321649,157.11102499989704
L-0070719-1992,TORTUGUERO,PARQUE NACIONAL,COLORADO,8829893.195818052,100,552666.8952357591,1162311.6344872143,552810.3830695677,1162248.093073704,143.48783380864188,-63.54141351021826,156.92759375576043
P-0755398-1988,INTERNACIONAL_LA_AMISTAD,PARQUE NACIONAL,SAN_VITO/POTRERO_GRANDE,2652865.428891264,42,612688.1680737592,1001212.961505556,612591.8056997139,1001089.6600977902,-96.36237404530402,-123.30140776582994,156.48943826559847
L-0064143-1992,CAHUITA,PARQUE NACIONAL,CAHUITA,131449.07887960412,32,629685.835348481,1074250.876398687,629785.116211141,1074371.7768358376,99.28086266003083,120.9004371506162,156.440421227156
P-1746894-2014,MANUEL_ANTONIO,PARQUE NACIONAL,QUEPOS,2446.950561057776,9,481943.2702704472,1039148.0776633661,482061.33660627255,1039079.9669641496,118.06633582536597,-68.11069921648595,136.3038040664556
P-1734945-2014,MANUEL_ANTONIO,PARQUE NACIONAL,QUEPOS,2576.979594065342,11,482349.965059662,1039163.2657485907,482482.02178735205,1039139.2248454308,132.05672769004013,-24.040903159882873,134.22721167089884
500016601963,Guanacaste,Parque Nacional,Mayorga,537500.4670370966,23,339314.9002293563,1204485.3774245,339190.5187189712,1204528.5600311344,-124.38151038513752,43.182606634451076,131.66433701437077
P-0786190-1988,INTERNACIONAL_LA_AMISTAD,PARQUE NACIONAL,POTRERO_GRANDE,1220507.0749020875,12,606952.1315127861,1003507.8518956982,606881.852162731,1003397.3983243011,-70.27935005514883,-110.45357139711268,130.9166852565066
L-0908302-2004,NO_HAY_DATOS,NO HAY DATOS,MATINA,458435.9496652633,32,570395.4641399522,1105144.2659445843,570271.1565765251,1105165.3724340792,-124.30756342713721,21.1064894949086,126.08669328676373
SJ-1356717-2009,NO_HAY_DATOS,NO HAY DATOS,CHIRES,124971.36584617384,27,456256.63492948294,1074610.4558051815,456194.6385269586,1074501.05216506,-61.99640252435347,-109.40364012145437,125.74859998340483
"G-0617468-1986
",GUANACASTE,PARQUE NACIONAL,MAYORGA,233738.91280248333,27,339801.83105825365,1205392.08190838,339750.2643629813,1205504.6659928912,-51.56669527234044,112.58408451126888,123.83174127238522
L-0540798-1984,RIO_BANANO,ZONA PROTECTORA,LIMON,1874111.757489253,39,595582.4523995122,1089028.6489877454,595574.7018022102,1088912.6914812978,-7.750597301987,-115.95750644756481,116.21624266889118
P-487796-1998,NO_HAY_DATOS,NO HAY DATOS,PAQUERA,1174933.9241539855,128,395157.0130454677,1091916.1664024862,395249.02236626856,1091986.8077754152,92.00932080083294,70.64137292909436,115.99964949747897
P-0982644-1991,PIEDRAS_BLANCAS,PARQUE NACIONAL,GOLFITO,161444.50300631672,25,588414.5379035631,965393.0837360898,588382.4068513456,965500.0143418852,-32.13105221756268,106.93060579546727,111.65374589503641
G-0123990-1993,BARRA_HONDA,PARQUE NACIONAL,NICOYA,29869.948711030884,32,350135.06769649056,1123589.8634960847,350026.2188310548,1123606.0024918749,-108.84886543574976,16.138995790155604,110.03882356588795
H-1837757-2015,BRAULIO_CARRILLO,PARQUE NACIONAL,HORQUETAS,482583.47757788346,40,500764.4000047839,1147348.204176697,500691.6575419492,1147429.168893787,-72.74246283469256,80.96471709012985,108.84278254777114
P-0982645-1991,PIEDRAS_BLANCAS,PARQUE NACIONAL,GOLFITO,153191.8857567798,32,588260.1874199017,965653.6740024,588199.0593723294,965741.1704946668,-61.128047572332434,87.49649226677138,106.73459776002588
G-0184050-1994,BARRA_HONDA,PARQUE NACIONAL,NICOYA,36661.43756645918,35,350027.2670993661,1123807.697606813,349923.2638352656,1123826.1681962372,-104.00326410052367,18.470589424250647,105.63068501738742
500873311992,Barra Honda,Parque Nacional,Nicoya,16325.093178599,36,349857.2601784885,1123940.1096230128,349754.4042097887,1123960.7791512501,-102.85596869979054,20.66952823731117,104.9122475916196
501840491994,Barra honda,Parque Nacional,Nicoya,113489.98247057025,86,350238.05240674556,1123810.3944930625,350134.05721686274,1123824.201148426,-103.99518988281488,13.806655363412574,104.90768918952877
G-0087333-1992,BARRA_HONDA,PARQUE NACIONAL,NICOYA,146701.33570267993,51,349858.48529222875,1124138.702040729,349760.69494211953,1124159.729733123,-97.79035010922235,21.027692393865436,100.02557883809176
P-0379879-1980,INTERNACIONAL_LA_AMISTAD,PARQUE NACIONAL,POTRERO_GRANDE,1001477.7374485657,23,608685.8427773557,1004044.7869107303,608763.6681105217,1004106.5826856606,77.82533316605259,61.79577493027318,99.37555172999073
G-0087332-1992,BARRA_HONDA,PARQUE NACIONAL,NICOYA,17629.2360425116,23,350159.7737357881,1124094.2780956433,350062.1496598711,1124106.4054896676,-97.62407591700321,12.127394024282694,98.37445747992217
L-66446-1992,NO_HAY_DATOS,NO HAY DATOS,COLORADO,7264852.94802669,110,543343.2368383628,1174473.129827204,543385.4896100513,1174561.2638149282,42.2527716885088,88.13398772431538,97.73892012678995
P-0379880-1980,INTERNACIONAL_LA_AMISTAD,PARQUE NACIONAL,POTRERO_GRANDE,1542780.8526095971,28,608853.3286511553,1004817.296933584,608933.854526808,1004872.5347051042,80.52587565267459,55.237771520158276,97.65054046006719
"G-0408529-1980
",GUANACASTE,PARQUE NACIONAL,MAYORGA,865958.5848386136,35,339835.5502701254,1207235.2969661797,339745.47481487814,1207267.7618144425,-90.07545524724992,32.464848262723535,95.74734466668508
G-0087334-1992,BARRA_HONDA,PARQUE NACIONAL,NICOYA/SAN_ANTONIO,74451.92429238197,33,349886.91200170026,1124354.4103378893,349793.48625514813,1124374.6898737652,-93.42574655212229,20.27953587588854,95.60141052391874
"SJ-0895045-1990
",LA_CANGREJA,PARQUE NACIONAL,CHIRES,312369.1626155991,26,460565.0140303409,1076104.6927311928,460580.71450688655,1076010.5740401866,15.700476545665879,-94.1186910062097,95.41924837517524
G-0087335-1992,BARRA_HONDA,PARQUE NACIONAL,SAN_ANTONIO,43748.56574741937,23,349813.8936979739,1124502.6992704496,349723.6600514896,1124524.4395840764,-90.23364648432471,21.74031362682581,92.81568937658564
607894881988,Internacional la Amistad,Parque Nacional,Potrero Grande,1041397.7202328593,21,607491.7772834558,1005023.4004293395,607493.5313834859,1005114.5686293399,1.7541000300552696,91.16820000042208,91.18507311085735
1-660991-1986,CERROS_DE_ESCAZU,ZONA PROTECTORA,SAN_ANTONIO,205950.23059900198,39,483293.0325755029,1091578.8589767406,483263.92811588926,1091664.1380761934,-29.104459613619838,85.27909945277497,90.10879187336334
A-0516798-1983,RINCON_DE_LA_VIEJA,PARQUE NACIONAL,DOS_RIOS,248731.9971670285,14,349089.4597574746,1200308.768495303,349002.4780844087,1200285.4412164653,-86.98167306592222,-23.327278837794438,90.05539066220962
SJ-1029181-2005,LA_CANGREJA,PARQUE NACIONAL,MERCEDES_SUR_CHIRES,1131221.8835003744,64,458840.95315087354,1076226.1927271415,458756.7524733382,1076255.4679271753,-84.20067753532203,29.275200033793226,89.14477794254631
500889451992,Barra Honda,Parque Nacional,San Antonio,95269.55517640876,29,349879.45899700007,1124674.9802441592,349792.7576682181,1124695.0838210757,-86.70132878195727,20.10357691650279,89.00154053382894
P-0956293-1991,INTERNACIONAL_LA_AMISTAD,PARQUE NACIONAL,POTRERO_GRANDE,1171027.505826924,37,611813.207854151,998580.7185966175,611845.8171234379,998499.8895720725,32.609269286855124,-80.82902454491705,87.15902507661174
P-0765584-2002,NO_APLICA,FUERA ASP,BIOLLEY,12965.412801854312,17,610397.6730708039,997606.6558455018,610460.9382103278,997666.0130185307,63.265139523893595,59.35717302886769,86.751091456861
P-0982646-1991,PIEDRAS_BLANCAS,PARQUE NACIONAL,GOLFITO,164483.03174487967,46,587872.4212028522,965634.0482055686,587794.72381856,965669.9078400247,-77.6973842921434,35.859634456108324,85.57334228114924
G-0008618-1974,BARRA_HONDA,PARQUE NACIONAL,SAN_ANTONIO,185198.94289806113,29,349982.7767454718,1124857.5319205169,349899.7329254092,1124875.254931655,-83.04382006259402,17.72301113815047,84.91396336522928
G-0473510-1982,BARRA_HONDA,PARQUE NACIONAL,SAN_ANTONIO,209130.7855387181,36,349451.8461406911,1125137.9390114534,349374.88910836744,1125166.89453295,-76.9570323236403,28.955521496478468,82.224126928747907
403021131978,Braulio Carrillo,Parque Nacional,La Virgen,2426892.8405853175,99,491761.8505349235,1138420.026547019,491706.35572829377,1138479.4852684087,-55.49480662972201,59.458721389761195,81.33273087862895
707292942001,Cahuita,Parque Nacional,Cahuita,38843.15713488683,11,631577.8856226435,1071040.1965375368,631555.9156123573,1071116.9554553723,-21.970010286197066,76.75891783554107,79.84117245669023
704615361997,no aplica,Fuera ASP,Guacimo,409084.1422905866,54,540183.9588971129,1130280.9354962287,540149.3664754715,1130211.9376518896,-34.59242164134048,-68.99784433911555,77.1837946622029
700475791992,Cahuita,Parque Nacional,Cahuita,48509.265730820596,10,629803.6874018098,1074034.1622511563,629764.6852472507,1073968.6690785938,-39.00215455912985,-65.49317256244831,76.22679130429724
G-0003158-1972,BARRA_HONDA,PARQUE NACIONAL,SAN_ANTONIO,13946.592386521865,10,350195.4508095711,1125270.4095481737,350121.005428829,1125283.846103489,-74.44538074207958,13.436555315274745,75.6482368107389
"G-0536801-1984
",VOLCAN_TENORIO,PARQUE NACIONAL,CAÑAS,147081.12138964696,11,386059.08190880204,1177096.9038404096,386126.5448152687,1177127.5327774095,67.46290646668058,30.628936999943107,74.09032008756998
P-0982642-1991,PIEDRAS_BLANCAS,PARQUE NACIONAL,GOLFITO,131930.7054766193,27,588610.5502195766,965154.0934528956,588571.6879278834,965217.0601233005,-38.86229169322178,62.96667040488683,73.99377877583159
"H-556030-1984
",BRAULIO_CARRILLO,PARQUE NACIONAL,VARA_BLANCA,128419.72092706921,8,493820.2949141988,1114753.6649370918,493826.4014296815,1114826.9431222833,6.106515482708346,73.27818519156426,73.53218313303194
4-845612-1989,BRAULIO_CARRILLO,PARQUE NACIONAL,VARA_BLANCA,1422122.7925630286,20,495732.49069922534,1114648.2726765184,495738.3553521251,1114721.5291335331,5.86465289973421,73.25645701470785,73.49083376845101
4-823780-1989,BRAULIO_CARRILLO,PARQUE NACIONAL,VARA_BLANCA,1451180.270658955,31,494518.7964492513,1114573.3325095407,494524.66110215115,1114646.588966551,5.8646528998506255,73.25645701028407,73.49083376405062
G-0433620-1981,BARRA_HONDA,PARQUE NACIONAL,SAN_ANTONIO,398584.6843563169,24,350099.82115428493,1125479.7710299294,350029.9892717707,1125495.0731733087,-69.83188251423417,15.302143379347399,71.4887921809
"G-0536820-1984
",VOLCAN_TENORIO,PARQUE NACIONAL,CAÑAS,159817.52408865548,17,386119.06447799905,1177784.930454851,386066.2427690131,1177833.040038195,-52.82170898595359,48.10958334407769,71.4469380011315
A-0861280-1989,VOLCAN_ARENAL,PARQUE NACIONAL,PENAS_BLANCAS,641496.380203303,19,417766.0177586014,1150263.7360241273,417753.6532816438,1150193.3684670753,-12.36447695759125,-70.36755705205724,71.44559731648505
G-0233612-1995,NO_HAY_DATOS,NO HAY DATOS,TRONADORA,1980301.842423011,121,410129.1286488167,1151735.4063145465,410199.379994166,1151730.415973491,70.25134534930112,-4.990341055439785,70.42836805745523
L-0348640-1979,NO_APLICA,FUERA ASP,LIMON,340923.9792324755,58,603207.2088044138,1101212.5169420324,603255.8805908842,1101162.6655915023,48.67178647045512,-49.851350530050695,69.67137107805159
L-0021505-1975,CAHUITA,PARQUE NACIONAL,CAHUITA,581099.3664486255,10,631276.0711239728,1071754.811552999,631241.3786570907,1071813.640272725,-34.69246688205749,58.82871972583234,68.29630680310021
G-0189365-1994,BARRA_HONDA,PARQUE NACIONAL,SAN_ANTONIO,102912.06558554061,69,349780.8151347325,1125750.1555998963,349716.4525181798,1125772.0889397648,-64.36261655273847,21.93333986843936,67.9971897014819
A-0871829-1990,VOLCAN_ARENAL,PARQUE NACIONAL,PENAS_BLANCAS,966051.6309851184,35,424680.0991491511,1153198.1694739275,424620.80570577463,1153165.8275957243,-59.29344337648945,-32.34187820320949,67.54042873088828
P-0982637-1991,PIEDRAS_BLANCAS,PARQUE NACIONAL,GOLFITO,172882.97925697826,35,588035.2493842911,965173.8874521788,587988.7488985608,965222.0069537116,-46.50048573035747,48.119501532870345,66.91622823300108
L-0066450-1992,TORTUGUERO,PARQUE NACIONAL,COLORADO,9694884.448023446,115,545327.9880088064,1172346.9930138604,545394.5820638295,1172344.0475269442,66.59405502316076,-2.945486916229129,66.65916334309514
707320542001,Cahuita,Parque Nacional,Cahuita,21984.753146639094,10,631403.6107983083,1070874.122877401,631393.0703105353,1070939.5083845092,-10.540487773017958,65.38550710817799,66.2296491179497
501562651993,Corredor Fronterizo,Refugio Nacional de Vida Silvestre,La Cruz,1991933.4704560824,42,334851.9712429722,1233972.9082777558,334797.232033877,1234009.401083686,-54.739209095190745,36.49280593008734,65.78834164970289
P-0635167-1986,INTERNACIONAL_LA_AMISTAD,PARQUE NACIONAL,SAN_VITO,1867376.1646300815,45,613873.4271720928,999251.660077857,613852.606806736,999189.6357954537,-20.820365356863476,-62.02428240329027,65.42552423356182
G-1159576-2007,BARRA_HONDA,PARQUE NACIONAL,SAN_ANTONIO,934650.7500492707,103,350917.5862804207,1125778.7488345413,350853.89108905726,1125777.7065550676,-63.695191363454796,-1.0422794737387449,63.70371848902153
H-20533-1953,BRAULIO_CARRILLO,PARQUE NACIONAL,NA,422649.8023973126,84,496784.64813260245,1116238.0732853564,496772.707994361,1116299.7639995986,-11.940138241450768,61.69071424216963,62.83558804478547
G-0122328-1993,BARRA_HONDA,PARQUE NACIONAL,SAN_ANTONIO,5022.2407292667485,13,349868.86623963673,1126023.5069090624,349810.0628815466,1126043.5867024981,-58.80335809011012,20.079793435754254,62.13721129159466
L-0709391-2001,CAHUITA,PARQUE NACIONAL,CAHUITA,15904.61578220874,7,629658.0623888071,1074103.5896376758,629719.4844480233,1074108.7514759663,61.422059216187336,5.1618382905144244,61.638575039452725
H-0300134-1996,BRAULIO_CARRILLO,PARQUE NACIONAL,HORQUETAS,2031413.256354712,60,495937.61106597213,1143462.721929718,495991.21550588537,1143492.5021741157,53.604439913237,29.78024439769797,61.32127636308998
P-0642111-1986,INTERNACIONAL_LA_AMISTAD,PARQUE NACIONAL,POTRERO_GRANDE,1411783.8544328809,23,609179.5125756055,1002521.7843244139,609206.5427632887,1002467.3416019541,27.030187683179975,-54.442722459789366,60.7835592493693
"G-0536802-1984
",VOLCAN_TENORIO,PARQUE NACIONAL,CAÑAS,147224.0606408069,14,386323.88495927845,1177087.1056411113,386345.11564778275,1177142.1832962357,21.23068850429263,55.07765512447804,59.02787670564854
P-0925950-1990,INTERNACIONAL_LA_AMISTAD,PARQUE NACIONAL,POTRERO_GRANDE,1885308.5725870281,48,605225.9657255155,1007284.8744971001,605254.4180783748,1007336.5796397215,28.45235285931267,51.7051426214166,59.01659221551063
"A-1428729-2010
",NO_APLICA,FUERA ASP,CUTRIS,177674.6608353007,59,449449.45227232977,1182037.6594760541,449483.646079348,1181991.849830202,34.19380701822229,-45.80964585207403,57.16415040470619
A-0391061-1997,EL_CHOMPIPE,ZONA PROTECTORA,HACIENDA_VIEJA,886702.9177160779,97,447123.2169694745,1098290.3782109546,447175.9357395936,1098312.2511098825,52.71877011907054,21.872898927889764,57.076198457650335
P-0135140-1993,INTERNACIONAL_LA_AMISTAD,PARQUE NACIONAL,POTRERO_GRANDE,2200682.0137188137,25,601575.9614822324,1009787.5103079268,601521.4457540449,1009783.8070066243,-54.51572818751447,-3.7033013025065884,54.641367665461175
"A-0317178-1996
",VOLCAN_TENORIO,PARQUE NACIONAL,BIJAGUA,575531.2811480081,19,390223.05776164326,1183184.4846197877,390273.16847252345,1183163.3977107983,50.110710880195256,-21.086908989353105,54.366727652524574
A-1014950-2005,NO_APLICA,FUERA ASP,SANTA_RITA,3898.315066563897,10,479777.7235617003,1152739.2129135877,479791.29573602363,1152791.537796241,13.572174323315267,52.32488265330903,54.0564266349989
G-960900-1991,NO_HAY_DATOS,NO HAY DATOS,BEJUCO,1185742.7433475964,64,355321.417985587,1094258.0784826349,355359.30171624414,1094295.9340130356,37.88373065716587,37.85553040076047,53.555748808392075
G-0428296-1981,BARRA_HONDA,PARQUE NACIONAL,MANSION,2612839.816006284,27,351237.9219571199,1124780.4423908193,351192.0468588106,1124805.1417612077,-45.87509830930503,24.69937038840726,52.101665448161356
P-1223345-2007,NO_APLICA,FUERA ASP,PITTIER,516462.6008129703,55,604329.013122574,990862.0140681571,604368.1861044312,990895.5765137519,39.17298185720574,33.56244559481274,51.584496332616595
P-0063771-1986,INTERNACIONAL_LA_AMISTAD,PARQUE NACIONAL,SAN_VITO,705285.1887169778,45,613344.8233833335,1000171.663090076,613295.2108959473,1000172.8652195844,-49.612487386213616,1.2021295084850863,49.627049277610446
"A-0986163-2005
",NO_APLICA,FUERA ASP,POCOSOL,191860.39586656183,53,438708.0381663421,1179023.0254177174,438664.8763415182,1179046.7215906177,-43.16182482393924,23.696172900265083,49.23872187873762
G-0892615-1990,NO_HAY_DATOS,NO HAY DATOS,BEJUCO,62702.78645903954,16,354762.36709853454,1093935.3819019021,354792.38296464283,1093973.0419161895,30.015866108296905,37.6600142873358,48.158373045126254
G-0892629-1990,NO_HAY_DATOS,NO HAY DATOS,BEJUCO,58100.651141725044,12,354944.0378925546,1093776.5226083086,354974.05375866283,1093814.182622594,30.015866108238697,37.66001428547315,48.15837304363338
SJ-354741-1979,BRAULIO_CARRILLO,PARQUE NACIONAL,SAN_JERONIMO,135877.3693886859,17,498752.9466560488,1111633.9919599926,498788.2902248407,1111665.2486191872,35.343568791868165,31.25665919459425,47.18205801946891
P-1294613-2008,NO_APLICA,FUERA ASP,COBANO,479523.15964210033,74,373075.3582942662,1066493.7538845139,373120.996230935,1066486.3435873094,45.63793666876154,-7.410297204507515,46.23563309873697
L-0047577-1992,CAHUITA,PARQUE NACIONAL,CAHUITA,16467.215601034462,14,631439.165150316,1070195.958874057,631457.3353198905,1070238.1115948642,18.170169574557804,42.152720807120204,45.90214519835877
L-1920317-2016,NO_APLICA,FUERA ASP,ROXANA,21580.517729637213,16,545877.2468819515,1154371.4162282026,545843.203070232,1154342.025093304,-34.04381171951536,-29.39113489864394,44.97577044391899
P-1249834-2007,NO_APLICA,FUERA ASP,COBANO,1311506.2149482481,126,378450.38463989587,1075248.1440053983,378408.69568653917,1075233.3943850007,-41.68895335670095,-14.7496203975752,44.221263367861326
"G-0837353-2003
",NO_APLICA,FUERA ASP,QUEBRADA_HONDA,256468.83053308076,46,359785.62470152,1123035.3282169662,359775.30475128355,1123077.9660565276,-10.319950236473233,42.63783956132829,43.868972353371305
"A-0550480-1984
",FLORENCIA,FUERA ASP,FLORENCIA,378888.4401551045,63,450039.9338271867,1144721.433274962,450003.77772569854,1144696.6680496375,-36.15610148815904,-24.76522532454692,43.82442310170935
P-0234259-1995,NO_APLICA,FUERA ASP,COBANO,61325.21354585567,31,376549.3171728897,1072308.784032579,376508.3686383311,1072300.2649363773,-40.94853455858538,-8.519096201751381,41.82532106978207
"SJ-1134696-2007
",LA_CANGREJA,PARQUE NACIONAL,CHIRES,471445.5143105425,25,456695.3955242718,1073847.697109321,456688.44432431797,1073887.1733813216,-6.951199953851756,39.47627200069837,40.08360303006145
P-1312926-2008,CABO_BLANCO,RESERVA NACIONAL ABSOLUTA,COBANO,605520.0307148155,118,375181.2712768925,1060427.007494935,375184.9399338162,1060464.875570489,3.668656923691742,37.86807555402629,38.04537014919417
SJ-0010851-1974,BRAULIO_CARRILLO,PARQUE NACIONAL,DULCE_NOMBRE_DE_JESUS,1996456.50922513,50,500736.0872410943,1113361.405115515,500724.3990982159,1113396.4900719381,-11.688142878410872,35.08495642314665,36.98062805253916
"A-0461540-1997
",NO_APLICA,FUERA ASP,PITAL,698920.5427785013,41,464694.0115586364,1166772.0410026286,464730.10694079957,1166777.3531858015,36.095382163184695,5.31218317290768,36.48418703450682
A-0608976-1986,NO_APLICA,FUERA ASP,DOS_RIOS,810899.0501772193,60,357370.57242806815,1213239.4406699936,357401.5883647104,1213222.181274035,31.015936642244924,-17.259395958622918,35.49471896849277
L-0134945-1993,CAHUITA,PARQUE NACIONAL,CAHUITA,103886.38576629432,24,630947.8603554219,1071713.3648070677,630978.1866464613,1071695.907255995,30.326291039353237,-17.457551072584465,34.992142227298
705638221999,Cahuita,Parque Nacional,Cahuita,16743.521881759167,9,630560.8686665507,1072015.0344525739,630528.9088879048,1072003.9693529261,-31.959778645890765,-11.065099647734314,33.82105677397774
G-641270-2000,NO_APLICA,FUERA ASP,CARTAGENA,53879.173410855234,22,318171.48989974277,1149379.7738975282,318202.854217238,1149380.7702699683,31.364317495259456,0.9963724401313812,31.38013973810333
G-1193980-2008,LOMAS_DE_BARBUDAL,RESERVA BIOLOGICA,BAGACES,20319141.571524426,503,354662.21186542383,1155613.750844784,354676.4354631983,1155587.7006874073,14.22359777445672,-26.05015737679787,29.680320635152626
"G-0017175-1973
",VOLCAN_TENORIO,PARQUE NACIONAL,AGUA_CALIENTE,330460.8935860172,36,388462.7497576147,1175997.5128080808,388484.88898321235,1175979.5195766494,22.139225597667973,-17.99323143134825,28.528962256038955
"L-0728328-2001
",CAHUITA,PARQUE NACIONAL,CAHUITA,6081.597083618748,17,631386.8361261074,1070013.5858367155,631376.1603048372,1070040.026555707,-10.6758212702116,26.440718991449103,28.514641512357816
A-0327398-1978,DE_GRECIA,RESERVA FORESTAL,BOLIVAR,711033.9650166621,24,470823.4248033624,1124770.4567616777,470845.98877399566,1124753.2695682922,22.563970633258577,-17.187193385558203,28.364280128554846
"L-0728333-2001
",CAHUITA,PARQUE NACIONAL,CAHUITA,18901.479800498306,13,631760.6130113144,1070024.8890867238,631750.8664777594,1069998.47372172,-9.746533554978669,-26.415365003747866,28.156108122742257
G-960903-1991,NO_HAY_DATOS,NO HAY DATOS,BEJUCO,686695.0684074028,52,355178.7983968708,1091958.239522101,355183.0688947215,1091931.3777575586,4.270497850724496,-26.861764542292804,27.19910929090549
A-1336440-2009,VOLCAN_POAS,PARQUE NACIONAL,TORO_AMARILLO/BOLIVAR/SAN_ISIDRO/SAN_JUAN/SABANA_REDONDA/SARAPIQUI,24966645.007748127,63,473431.9260981457,1128675.3557276416,473454.933834931,1128689.2707050007,23.00773678527912,13.914977359119803,26.88833477338273
P-738435-2001,NO_APLICA,FUERA ASP,NARANJITO,26735.13796382025,21,493371.4018249423,1042158.7934940277,493347.07681144966,1042150.3490763428,-24.325013492663857,-8.444417684921063,25.74906739001796
L-0728329-2001,CAHUITA,PARQUE NACIONAL,CAHUITA,4881.056497044861,10,631402.7073278861,1069912.1411368262,631393.6561563582,1069936.1444327394,-9.051171527942643,24.00329591310583,25.653107428153078
105031481983,Braulio Carrillo,Parque Nacional,Dulce Nombre de Jesus,58897.32424383983,9,503208.00332702434,1113741.1673156,503216.51245721837,1113765.305708934,8.509130194026511,24.13839333411306,25.594283139233408
G-641268-2000,NO_APLICA,FUERA ASP,CARTAGENA,4826.515188922756,15,317851.8242775096,1149091.3591852742,317854.92599764577,1149066.051191114,3.1017201361828484,-25.30799416033551,25.497357436071262
A-1321222-2009,INDER,FUERA ASP,DOS_RIOS,572858.8864981085,106,355367.86780803767,1214115.1199523036,355377.49411740585,1214092.6819129337,9.626309368177317,-22.438039369881153,24.41580313682503
"A-0463400-1998
",NO_APLICA,FUERA ASP,PALMERA,112114.43110250868,19,459306.3798190063,1150962.033331401,459327.15047993686,1150950.5047771027,20.770660930546,-11.528554298216477,23.755587125950722
G-0008819-1992,VOLCAN_ARENAL,PARQUE NACIONAL,TRONADORA,839433.6447876664,79,410206.6099735941,1150188.4852464097,410188.32550656225,1150202.968212685,-18.28446703182999,14.48296627542004,23.32548063326953
G-1270485-2008,CIPANCI,REFUGIO NACIONAL DE VIDA SILVESTRE,FILADELFIA,59977.08684662395,14,341515.06335837586,1147129.4661682667,341493.0575773865,1147123.629371661,-22.005780989362393,-5.836796605726704,22.766699180346855
G-1257163-2008,NO_APLICA,FUERA ASP,SANTA_RITA,198943.29265118157,52,359008.19517293223,1109483.8800015359,359030.7871403575,1109481.2846269063,22.591967425250914,-2.5953746295999736,22.7405576363371
3-6080-1970,GUAYABO,MONUMENTO NACIONAL,SANTA_TERESITA,15827.532284883615,10,533462.6311423641,1103013.7046143352,533442.255989424,1103022.7470792697,-20.37515294016339,9.042464934522286,22.29154614258764
P-1134581-2007,NO_APLICA,FUERA ASP,PILAS,263311.98045318574,68,558380.5097754599,1009730.8766923671,558402.5690184514,1009729.6231888518,22.05924299149774,-1.2535035153850913,22.09482908784372
L-0631374-2000,NO_APLICA,FUERA ASP,CAIRO,19004.526210235897,9,553539.4930673513,1124725.7220484104,553543.8075958244,1124704.421872525,4.314528473070823,-21.300175885437056,21.732755202585178
"A-1597708-2012
",NO_APLICA,FUERA ASP,UPALA,46087.58493112184,127,398973.02873369114,1192580.1585029892,398951.3835355605,1192581.2697235944,-21.645198130630888,1.1112206052057445,21.673703267962786
A-0985840-2005,VOLCAN_POAS,PARQUE NACIONAL,BOLIVAR/TORO_AMARILLO,347260.49140625354,49,471998.5084600112,1125905.7212412413,472012.1457970405,1125921.1758680304,13.637337029271293,15.454626789083704,20.611221468894016
A-1270846-2008,VOLCAN_POAS,PARQUE NACIONAL,SARAPIQUI,2698292.9472229183,9,477992.65824028983,1128176.8779416843,477990.9899769798,1128196.0629697943,-1.6682633100426756,19.18502810993232,19.257424699334223
A-977445-2005,VOLCAN_POAS,PARQUE NACIONAL,SAN_ROQUE/BOLIVAR,20242.88327161572,62,472496.45971142006,1125417.8751329293,472512.82212598436,1125426.9175199245,16.36241456429707,9.042386995162815,18.69474185283687
H-19293-1975,BRAULIO_CARRILLO,PARQUE NACIONAL,LA_VIRGEN,995191.0223116279,8,495746.1091734522,1149079.7971089126,495764.4505137169,1149077.234155989,18.341340264712926,-2.5629529235884547,18.51954347154676
P-0448733-1997,MANUEL_ANTONIO,PARQUE NACIONAL,QUEPOS,1201113.8940222473,154,486396.7976798806,1037670.9612606389,486394.10602943157,1037653.8746634875,-2.691650449007284,-17.086597151355818,17.29730569633207
P-1124846-2007,NO_APLICA,FUERA ASP,BRUNKA,201102.81771741807,109,567734.2803655096,1010617.2564339899,567729.2856958086,1010601.0758381002,-4.994669700972736,-16.180595889687538,16.933942505134127
H-16294-1975,BRAULIO_CARRILLO,PARQUE NACIONAL,LA_VIRGEN,1224338.8080723286,7,495857.49963530985,1151018.0896322427,495869.07406812103,1151005.8305592735,11.574432811175939,-12.259072969201952,16.85978543649486
705963101999,Cahuita,Parque Nacional,Cahuita,12884.904444177635,11,630720.68845308,1071570.5081737444,630734.8711811997,1071579.3318824528,14.182728119660169,8.823708708398044,16.70352095478252
"L-0808462-1989
",CAHUITA,PARQUE NACIONAL,CAHUITA,81954.27817940686,15,630844.5694149329,1071585.411698675,630860.5257479309,1071589.9358260124,15.956332998001017,4.524127337383106,16.585303461436975
H-0003039-1991,MAQUENQUE,REFUGIO NACIONAL DE VIDA SILVESTRE,LA_VIRGEN,588058.8050515288,49,488763.90373104793,1176509.7868774976,488767.1632074319,1176494.052319497,3.2594763839733787,-15.73455800046213,16.068618539488295
3-6080-1970,GUAYABO,MONUMENTO NACIONAL,SANTA_TERESITA,67252.23828569811,10,533278.5143060965,1102804.965658835,533267.8237366378,1102816.781551394,-10.690569458645768,11.815892559010535,15.934352585411503
3-6081-1970,GUAYABO,MONUMENTO NACIONAL,SANTA_TERESITA,79592.13311949931,13,533505.670596591,1102716.281375947,533494.9800271317,1102728.0972685046,-10.690569459227845,11.815892557613552,15.934352584766112
"A-0811540-2002
",NO_APLICA,FUERA ASP,YOLILLAL/UPALA,12731.542395202418,22,399917.7942974154,1198680.8344793296,399911.69823223486,1198666.3617579965,-6.096065180550795,-14.47272133314982,15.704192862816406
"H-560826-1984
",BRAULIO_CARILLO,PARQUE NACIONAL,LA_VIRGEN,295616.49033224257,19,494844.4986014812,1148865.9991797234,494839.48112691136,1148852.0401432605,-5.017474569845945,-13.959036462940276,14.833399813688935
"H-591900-1985
",BRAULIO_CARRILLO,PARQUE NACIONAL,VARABLANCA,983742.127739042,6,500158.1123919027,1117878.4611438108,500143.2813804331,1117878.3910909153,-14.83101146959234,-0.07005289546214044,14.831176912819231
H-0650568-1987,BRAULIO_CARRILLO,PARQUE NACIONAL,VARA_BLANCA,175752.70916294307,65,486113.5433840395,1126794.563086874,486098.9498594655,1126793.5037060373,-14.593524574011099,-1.0593808367848396,14.631925616596497
"G-0571968-1999
",VOLCAN_TENORIO,PARQUE NACIONAL,PALMIRA,68754.63187973853,48,388884.27763003367,1176117.2451017695,388873.2501866038,1176126.7008697595,-11.027443429862615,9.455767990089953,14.526391736464701
"A-0811585-2002
",NO_APLICA,FUERA ASP,YOLILLAL,96760.0636998559,34,400194.7766227048,1198643.2885558035,400206.6729876724,1198651.4709266094,11.896364967571571,8.182370805880055,14.438652688065543
A-0972361-2005,VOLCAN_POAS,PARQUE NACIONAL,SAN_ROQUE,430553.97691434715,227,473049.8268018101,1124568.960200062,473062.5322268833,1124562.607487526,12.705425073159859,-6.352712535997853,14.205097073047527
"A-0710182-1987
",VOLCAN_POAS,PARQUE NACIONAL,SARAPIQUI,2827457.139365383,155,475470.24905466154,1131999.4241071802,475473.83245263423,1131985.69930303,3.5833979726885445,-13.72480415017344,14.184885970330761
P-0675251-2001,NO_APLICA,FUERA ASP,SAN_VITO,19137.507290068548,23,620612.2745787204,985858.8813541295,620599.881492059,985852.5143364394,-12.39308666146826,-6.367017690092325,13.932964912918251
"A-0986954-2005
",VOLCAN_POAS,PARQUE NACIONAL,BOLIVAR/TORO_AMARILLO,345179.5351940833,28,472590.9698234806,1125945.5037824893,472602.9735105463,1125938.602646876,12.003687065734994,-6.90113561344333,13.84608883140757
"A-0957960-2004
",VOLCAN_POAS,PARQUE NACIONAL,SAN_ROQUE,4979.811405513421,8,472938.29569764,1125333.656487546,472950.13514035975,1125328.0247543203,11.83944271976361,-5.631733225658536,13.110637781570729
P-0898309-1990,INTERNACIONAL_LA_AMISTAD,PARQUE NACIONAL,POTRERO_GRANDE,546423.7252316434,14,604796.882914201,1005372.0211419871,604803.0657329665,1005360.8867611473,6.182818765519187,-11.134380839765072,12.735842515208162
"A-0689083-2001
",NO_APLICA,FUERA ASP,SANTA_RITA,56102.96845617489,40,479100.7197612834,1151800.1616234654,479088.92886844894,1151803.401629378,-11.790892834484112,3.2400059127248824,12.227951265391148
G-1004366-2005,MONTE_ALTO,ZONA PROTECTORA,HOJANCHA,321150.54404552514,64,347654.9079321727,1107449.9307745083,347661.23859127075,1107439.5227357235,6.330659098050091,-10.408038784749806,12.182139219389205
"A-0811544-2002
",NO_APLICA,FUERA ASP,UPALA,19629.80897875972,15,399627.2898328993,1198345.4011940134,399635.59556775115,1198354.1632389573,8.305734851863235,8.762044943869114,12.073055248272405
"G-0543537-1999
",NO_APLICA,FUERA ASP,BOLSON,136985.41280699588,53,337326.336174888,1143635.4403855759,337328.302081648,1143647.2358273265,1.9659067600150593,11.795441750669852,11.95814515225996
"G-0543528-1999
",NO_APLICA,FUERA ASP,SAN_ANTONIO,125820.09909071714,38,337931.75330309325,1143321.3848393867,337933.71920985036,1143333.1802811378,1.9659067571046762,11.795441751135513,11.95814515224082
703818711997,Cahuita,Parque Nacional,Cahuita,31577.860004315153,13,629470.1025667031,1074429.6270464663,629463.640766773,1074420.6990064061,-6.461799930082634,-8.928040060214698,11.021105101268857
P-1334450-2009,NO_APLICA,FUERA ASP,QUEPOS,122536.33923420502,43,482084.8802472551,1039836.9745786083,482086.8783980513,1039826.4873948122,1.9981507962220348,-10.487183796125464,10.675843319296105
H-0011228-1976,BRAULIO_CARRILLO,PARQUE NACIONAL,HORQUETAS,1714088.647386372,11,499567.3870197508,1130110.7036604127,499577.90052110265,1130109.9790133599,10.513501351873856,-0.7246470528189093,10.538445047871747
"A-1227263-2008
",NO_APLICA,FUERA ASP,CONCEPCION,775687.1563427597,225,457736.64681850624,1100819.1785780007,457728.3375765176,1100812.904133706,-8.30924198863795,-6.2744442948605865,10.412115713679546
A-1335510-2009,VOLCAN_POAS,PARQUE NACIONAL,SARAPIQUI,7993621.030985283,190,474920.0856910228,1134630.3759088053,474917.967165452,1134620.7882633547,-2.118525570782367,-9.587645450606942,9.818915208952705
"L-0728336-2001
",CAHUITA,PARQUE NACIONAL,CAHUITA,167545.7647069549,13,629986.8582819602,1073845.4249807165,629993.7135158423,1073838.4918850537,6.855233882088214,-6.933095662854612,9.749976771686365
A-540990-1999,NO_APLICA,FUERA ASP,SANTA_ISABEL,287414.2167535485,52,479402.29945308465,1156993.987518994,479403.1287099144,1156984.363245911,0.8292568297474645,-9.624273082939908,9.659932673920894
"A-0811551-2002
",NO_APLICA,FUERA ASP,YOLILLAL,20034.39662021063,17,400733.3252191092,1199234.8947418577,400731.2694090436,1199225.5462919693,-2.0558100655907765,-9.348449888406321,9.571826907222492
A-0287982-1995,VOLCAN_POAS,PARQUE NACIONAL,SAN_ROQUE,43458.43413164653,29,472783.0714859243,1124924.754903029,472791.5506951118,1124920.5037443931,8.479209187498782,-4.251158635830507,9.48521682368727
"G-0536821-1984
",VOLCAN_TENORIO,PARQUE NACIONAL,CAÑAS,155513.21789479256,13,385851.86688221694,1177630.3280971951,385848.5753401694,1177621.6569783597,-3.2915420475183055,-8.671118835452944,9.274834279335012
"A-0610716-2000
",NO_APLICA,FUERA ASP,CUTRIS,13145.480664676055,16,456365.4358567944,1174055.2460189764,456367.1439240294,1174063.4164628328,1.7080672350130044,8.170443856390193,8.347074127486183
L-0806837-1989,CAHUITA,PARQUE NACIONAL,CAHUITA,311851.34374238364,29,628608.7789572217,1075591.6962362237,628615.5044727816,1075587.4799564402,6.725515559897758,-4.216279783518985,7.93785706342321
A-0974836-2005,DE_GRECIA,RESERVA FORESTAL,SAN_ROQUE/BOLIVAR,470555.46269511455,66,471861.9430498464,1125239.7204115011,471865.4607871504,1125232.6521709294,3.5177373040351085,-7.068240571767092,7.895220105897908
L-0630364-2000,CAHUITA,PARQUE NACIONAL,CAHUITA,10887.373350225389,9,631329.192217676,1070163.6516756755,631328.2936578965,1070171.4145133027,-0.8985597795108333,7.762837627204135,7.814669391835516
"H-570293-1985
",BRAULIO_CARRILLO,PARQUE NACIONAL,LA_VIRGEN,328752.0603071898,22,494259.1482531263,1145865.6183435074,494260.42007877043,1145858.2459799019,1.2718256441294216,-7.3723636055365205,7.481262299993542
A-0957959-2004,VOLCAN_POAS,PARQUE NACIONAL,SAN_ROQUE,5070.238258338533,6,472977.0332621705,1125360.3727708836,472984.2202075442,1125359.2863879371,7.1869453737162985,-1.0863829464651644,7.2685907651450865
"A-1793976-2015
",NO_APLICA,FUERA ASP,UPALA,16800.921507034916,46,390217.42552442587,1206390.183008407,390211.0655955628,1206386.8159811085,-6.359928863064852,-3.3670272985473275,7.196219005311629
301250911993,No aplica,Fuera ASP,Santa Cruz,5068.27019858174,8,532330.731361936,1102050.4097006924,532337.8807357262,1102050.4097006929,7.1493737902492285,4.656612873077393e-10,7.1493737902492285
"L-0158590-1994
",CAHUITA,PARQUE NACIONAL,CAHUITA,54112.04429537896,25,631445.5274443108,1070461.95929757,631440.5185062777,1070466.7853558601,-5.008938033133745,4.826058290200308,6.955594786945604
"A-1597699-2012
",NO_APLICA,FUERA ASP,UPALA,16256.135180948637,67,398309.795320218,1192718.16600615,398311.7840033547,1192724.7227110658,1.9886831367039122,6.55670491582714,6.851659650876005
L-0012053-1976,CAHUITA,PARQUE NACIONAL,CAHUITA,103098.44714625343,22,632027.5886397258,1070777.624678852,632025.0237456416,1070771.424502022,-2.5648940842365846,-6.2001768299378455,6.709759636965392
H-0664155-1987,BRAULIO_CARRILLO,PARQUE NACIONAL,VARA_BLANCA,563444.6395955146,21,487141.30482871056,1126060.3837225554,487137.918153464,1126055.1681056744,-3.3866752465837635,-5.215616880916059,6.218699918336609
"A-0727107-2001
",VOLCAN_POAS,PARQUE NACIONAL,SAN_ROQUE,10001.853393283349,10,472799.4245799862,1125241.673350018,472802.9786326407,1125246.6252666817,3.5540526544791646,4.951916663674638,6.095307122269472
L-0794131-1989,CAHUITA,PARQUE NACIONAL,CAHUITA,439125.6710013449,58,632236.770157095,1070174.4514967478,632241.0543061186,1070178.6507769455,4.2841490235878155,4.1992801977321506,5.998990501357191
701388541993,Cahuita,Parque Nacional,Cahuita,9217.388709789142,10,631671.190495669,1070119.15839857,631669.0240628293,1070124.6555230266,-2.1664328397018835,5.49712445656769,5.908621543129445
500451171955,Guanacaste,Parque Nacional,Cañas Dulces,1627286.8681504438,35,344767.50557469536,1204097.209891623,344762.2138972906,1204097.2098916285,-5.291677404777147,5.587935447692871e-9,5.291677404777147
A-0079164-1992,NO_APLICA,PATRIMONIO DEL ESTADO,QUESADA,2017.3508244609548,13,452773.3810193337,1143955.7121267081,452774.92874697695,1143951.5517906328,1.547727643221151,-4.160336075350642,4.43890269294731
SJ-1441282-2010,NO_HAY_DATOS,NO HAY DATOS,MERCEDES_SUR,192844.85455557145,20,461502.2369775174,1076327.2816448465,461501.133878938,1076323.0859550491,-1.1030985793913715,-4.195689797401428,4.338276080642367
"A-0629149-2000
",VOLCAN_POAS,PARQUE NACIONAL,SAN_ROQUE,10829.153107250888,14,472872.25817347347,1125119.6072600465,472876.5403458691,1125119.936657925,4.282172395614907,0.32939787837676704,4.294822858750455
L-0376513-1997,NO_APLICA,FUERA ASP,ROXANA,46010.534940867685,22,544328.645676449,1148898.0891259206,544325.6421014443,1148900.2865630873,-3.0035750047536567,2.1974371667020023,3.721584731103707
703764761997,No aplica,Fuera ASP,Roxana,85488.87279562093,39,543878.4854027341,1147911.6800591862,543881.9347892526,1147910.6273480372,3.4493865184485912,-1.0527111489791423,3.60644813034097
A-0496790-1998,DE_GRECIA,RESERVA FORESTAL,SAN_ROQUE,113042.31280275265,45,472334.0633960093,1124798.0045334268,472336.8898782146,1124799.8202387844,2.8264822053024545,1.8157053575851023,3.359432631033799
P-0120994-1993,NO_APLICA,FUERA ASP,QUEPOS,278861.5643397649,73,481821.30765958806,1042051.1912710639,481823.41365943424,1042048.6371244907,2.105999846186023,-2.554146573180333,3.3104229441907256
A-0957957-2004,VOLCAN_POAS,PARQUE NACIONAL,SAN_ROQUE,10678.18371081911,8,472883.2629194934,1125257.2344140126,472886.3329514218,1125258.0665081064,3.0700319283641875,0.8320940937846899,3.180798110865714
H-0612887-1985,BRAULIO_CARRILLO,PARQUE NACIONAL,LA_VIRGEN,238158.66649086587,19,494585.764276331,1145439.623222526,494583.01115345425,1145438.2292004197,-2.7531228767475113,-1.394022106193006,3.0859331177174396
L-0884275-1990,CAHUITA,PARQUE NACIONAL,CAHUITA,31827.74933640659,13,628546.0293955569,1075456.8606108055,628548.8466611815,1075457.77992054,2.8172656246460974,0.9193097345996648,2.963463512166511
A-0588319-1999,VOLCAN_POAS,PARQUE NACIONAL,SAN_ROQUE,7000.651647966355,7,472944.57139019796,1125065.2292987697,472941.73332477425,1125064.4566991949,-2.8380654237116687,-0.7725995748769492,2.941347557220625
L-0162443-1994,CAHUITA,PARQUE NACIONAL,CAHUITA,43214.37933006324,20,629234.8237019925,1074646.5459168353,629234.1189303674,1074643.7436894774,-0.7047716251108795,-2.802227357868105,2.8894949746877727
"L-0668907-2000
",NO_APLICA,FUERA ASP,LIMON,2500.1147640999407,6,608172.7128689298,1096833.87502236,608174.2485143798,1096831.97342994,1.5356454499997199,-1.9015924199484289,2.4442300791272014
"SJ-0511165-1983
",BRAULIO_CARRILLO,PARQUE NACIONAL,SAN_JERONIMO,294725.7972500405,31,498080.2696603729,1111615.0016093012,498080.2626889407,1111617.1822530704,-0.006971432245336473,2.1806437692139298,2.180654912882615
"A-0588315-1999
",VOLCAN_POAS,PARQUE NACIONAL,SAN_ROQUE,6998.002767310038,12,472946.1011174658,1125005.4440775919,472948.190602578,1125006.02344046,2.089485112170223,0.5793628680985421,2.168319479899671
H-0378201-1980,BRAULIO_CARRILLO,PARQUE NACIONAL,SAN_JOSE,131768.67144842446,13,497463.15662772214,1111685.7379180796,497464.0940520642,1111687.492016341,0.9374243420315906,1.7540982614737004,1.988875337455422
A-1452799-2010,GRECIA,RESERVA FORESTAL,SAN_ROQUE,99961.79086512467,73,472183.5081009068,1124857.7028860876,472182.23147340654,1124859.1922848374,-1.27662750025047,1.4893987497780472,1.9616539986032637
A-0894501-2003,VOLCAN_POAS,PARQUE NACIONAL,SAN_ROQUE,3998.880261884023,9,472754.17415114935,1125069.7280917116,472754.1741511494,1125071.5775732019,5.820766091346741e-11,1.849481490207836,1.849481490207836
"A-0963374-2004
",VOLCAN_POAS,PARQUE NACIONAL,SAN_ROQUE,11053.749726113747,27,472300.9669052728,1125264.886187847,472302.68127903674,1125264.2960841635,1.714373763941694,-0.590103683527559,1.8130912166254638
"L-0563821-1999
",CAHUITA,PARQUE NACIONAL,CAHUITA,21199.38141729214,8,630981.2248420485,1071266.5468902537,630982.3163185577,1071267.719981337,1.0914765092311427,1.1730910832993686,1.6023306961797514
A-0966064-2004,VOLCAN_POAS,PARQUE NACIONAL,SAN_ROQUE/TORO_AMARILLO,200300.51006382424,59,472760.4998183941,1125559.3755211656,472762.05387675215,1125559.7570004205,1.5540583580732346,0.3814792549237609,1.6001949263244353
H-0003044-1991,MAQUENQUE,REFUGIO NACIONAL DE VIDA SILVESTRE,LA_VIRGEN,10657.89836205542,8,490339.50550973526,1180002.0661219,490338.64376007544,1180000.8879433642,-0.8617496598162688,-1.1781785357743502,1.4596976188076922
"SJ-0511165-1983
",BRAULIO_CARRILLO,PARQUE NACIONAL,SAN_JERONIMO,50250.194649792276,38,497731.66516859276,1111852.248804539,497730.2989027308,1111852.580285039,-1.3662658619577996,0.331480500055477,1.405902460154444
A-0953053-2004,VOLCAN_POAS,PARQUE NACIONAL,SAN_ROQUE/TORO_AMARILLO,20453.112804174423,33,472596.0431095676,1125331.108838408,472596.3244281234,1125329.9979875681,0.28131855581887066,-1.1108508398756385,1.1459187223797447
"L-0137966-1993
",CAHUITA,PARQUE NACIONAL,CAHUITA,9851.233634995873,7,630863.9364940032,1071209.757719062,630865.0532541841,1071209.9865572236,1.1167601809138432,0.2288381615653634,1.13996500203442
"L-0049065-1992
",CAHUITA,PARQUE NACIONAL,CAHUITA,28780.83600443974,28,629379.4060286545,1074550.697318905,629379.634707808,1074551.5754309858,0.22867915348615497,0.8781120807398111,0.9074001220962805
A-0886744-2003,JUAN_CASTRO_BLANCO,PARQUE NACIONAL,QUESADA,12509.159195013126,12,459143.45975104126,1135807.5545834324,459143.1621096557,1135806.7251974926,-0.2976413855794817,-0.829385939752683,0.8811761636977676
A-0887947-2003,JUAN_CASTRO_BLANCO,PARQUE NACIONAL,QUESADA,22762.22301032384,18,459046.44242681237,1135808.691093617,459046.15050301724,1135808.274724026,-0.2919237951282412,-0.41636959090828896,0.50851070627393
A-1002625-2005,JUAN_CASTRO_BLANCO,PARQUE NACIONAL,QUESADA,1486429.5882361245,21,458919.4988269478,1142334.7390271598,458919.63279397937,1142335.0452267008,0.133967031550128,0.3061995410826057,0.3342234649176376
NO_SE_INDICA,ISLA_DEL_COCO,PARQUE NACIONAL,ISLA_DEL_COCO,23269452.516424086,1677,160661.5158116884,612186.4428368749,160661.51580004065,612186.4428373207,-1.1647760402411222e-5,4.4587068259716034e-7,1.1656291136445525e-5
700616091992,Cahuita,Parque Nacional,Cahuita,110030.6147371009,36,631131.5320455511,1070701.6566509325,631131.5320464595,1070701.656649912,9.083887562155724e-7,-1.0204967111349106e-6,1.3662297280677374e-6
"G-1446692-2010
",MARINO_LAS_BAULAS,PARQUE NACIONAL,CABO_VELAS,19984.99988236651,10,298289.8550846934,1142467.0200452828,298289.8550840757,1142467.020045307,-6.176996976137161e-7,2.421438694000244e-8,6.181741283545895e-7
"G-0919333-2004
",MARINO_LAS_BAULAS,PARQUE NACIONAL,CABO_VELAS,1018.1561659503966,6,297630.76204833534,1143276.590794609,297630.7620477197,1143276.5907946406,-6.156624294817448e-7,3.166496753692627e-8,6.164761935748037e-7
"G-0402369-1980
",MARINO_LAS_BAULAS,PARQUE NACIONAL,CABO_VELAS,882.0159957320429,6,297471.0467972315,1143439.7170026628,297471.0467966171,1143439.7170026964,-6.143818609416485e-7,3.3527612686157227e-8,6.152960034540742e-7
"G-0402367-1980
",MARINO_LAS_BAULAS,PARQUE NACIONAL,CABO_VELAS,880.9006502795964,6,297498.3633462291,1143411.3887463158,297498.36334561545,1143411.388746345,-6.136251613497734e-7,2.9103830456733704e-8,6.143149612281877e-7
"G-0402370-1980
",MARINO_LAS_BAULAS,PARQUE NACIONAL,VEINTISIETE_DE_ABRIL,872.6795334983617,6,297457.369335598,1143453.9447335787,297457.3693349851,1143453.9447336083,-6.129266694188118e-7,2.9569491744041443e-8,6.136395170837992e-7
"G-0402365-1980
",MARINO_LAS_BAULAS,PARQUE NACIONAL,CABO_VELAS,918.7736578597687,6,297526.75483051565,1143382.2258784114,297526.7548299029,1143382.2258784443,-6.127520464360714e-7,3.282912075519562e-8,6.136308512299171e-7
"G-0919337-2004
",MARINO_LAS_BAULAS,PARQUE NACIONAL,CABO_VELAS,2404.3514440414174,8,297672.03069272224,1143255.322969255,297672.0306921114,1143255.3229692855,-6.10831193625927e-7,3.050081431865692e-8,6.115922226292417e-7
"G-0919332-2004
",MARINO_LAS_BAULAS,PARQUE NACIONAL,CABO_VELAS,1239.5456591115944,9,297602.3904439846,1143307.652469653,297602.39044337394,1143307.6524696841,-6.106565706431866e-7,3.119930624961853e-8,6.114530595067413e-7
510587722006,Marino las Baulas,Parque Nacional,Cabo Velas,4955.87166816165,6,297731.3088584882,1143165.7949454407,297731.30885787815,1143165.794945471,-6.100744940340519e-7,3.026798367500305e-8,6.108248841580168e-7
"G-0919331-2004
",MARINO_LAS_BAULAS,PARQUE NACIONAL,CABO_VELAS,1002.1574014125672,6,297617.17254235054,1143291.6985233459,297617.1725417405,1143291.6985233757,-6.100162863731384e-7,2.9802322387695312e-08,6.107438481558164e-7
G-919335-2004,NO_HAY_DATOS,NO HAY DATOS,CABO_VELAS,1154.3522724532374,7,297677.43323254946,1143209.2405264124,297677.4332319395,1143209.2405264424,-6.09958078712225e-7,3.003515303134918e-8,6.106971165839293e-7
"G-1042300-2005
",MARINO_LAS_BAULAS,PARQUE NACIONAL,CABO_VELAS,9407.236369659047,9,298123.83722820296,1142535.3235178457,298123.8372275983,1142535.3235178753,-6.046611815690994e-7,2.9569491744041443e-8,6.053837620373876e-7
G-0344730-1996,MARINO_LAS_BAULAS,PARQUE NACIONAL,CABO_VELAS,400.5462251761928,6,297925.3161659161,1143848.7219144902,297925.31616531394,1143848.72191452,-6.021582521498203e-7,2.9802322387695312e-08,6.028952969229622e-7
"G-1006602-2005
",MARINO_LAS_BAULAS,PARQUE NACIONAL,CABO_VELAS,2860.2634756495936,6,298379.21209289425,1142059.7826962443,298379.2120922929,1142059.7826962764,-6.013433448970318e-7,3.213062882423401e-8,6.022011256719728e-7
"G-1003292-2005
",MARINO_LAS_BAULAS,PARQUE NACIONAL,CABO_VELAS,2878.8066400672415,6,298404.86807447,1141985.9612086364,298404.86807386874,1141985.9612086688,-6.012851372361183e-7,3.236345946788788e-8,6.021554697665605e-7
"G-1566211-2012
",MARINO_LAS_BAULAS,PARQUE NACIONAL,CABO_VELAS,7323.524928709017,10,298463.69109653577,1141849.023716563,298463.69109593483,1141849.0237165943,-6.009358912706375e-7,3.14321368932724e-8,6.01757363600075e-7
"G-1006735-2005
",MARINO_LAS_BAULAS,PARQUE NACIONAL,CABO_VELAS,3011.7898967495607,7,298419.1626256018,1141947.0905318551,298419.1626250021,1141947.0905318882,-5.997135303914547e-7,3.306195139884949e-8,6.006241846320227e-7
510452352006,Marino las Baulas,Parque Nacional,Cabo Velas,3954.3085994251305,11,298020.86200108315,1142707.6454259283,298020.86200048344,1142707.6454259593,-5.997135303914547e-7,3.096647560596466e-8,6.005124820901203e-7
"G-1006601-2005
",MARINO_LAS_BAULAS,PARQUE NACIONAL,CABO_VELAS,2718.8124510312323,7,298349.8721496641,1142133.2206893344,298349.87214906473,1142133.220689365,-5.993642844259739e-7,3.050081431865692e-8,6.001398546335354e-7
"G-1003293-2005
",MARINO_LAS_BAULAS,PARQUE NACIONAL,CABO_VELAS,2774.0568981262736,8,298404.50745574705,1141984.5383278504,298404.5074551481,1141984.5383278814,-5.989568307995796e-7,3.096647560596466e-8,5.997567905183992e-7
"G-1059140-2006
",MARINO_LAS_BAULAS,PARQUE NACIONAL,CABO_VELAS,16938.355932900682,11,298637.14538186125,1140573.7809137038,298637.1453812631,1140573.7809137322,-5.981419235467911e-7,2.8405338525772095e-8,5.988160184572712e-7
510032952005,Marino las Baulas,Parque Nacional,Cabo Velaz,2736.139494344825,12,298367.3303023362,1142097.4857246089,298367.3303017385,1142097.4857246396,-5.976762622594833e-7,3.073364496231079e-8,5.984659316963131e-7
G-0835927-2003,MARINO_LAS_BAULAS,PARQUE NACIONAL,CABO_VELAS,81584.76916694728,9,298574.6996804299,1142343.2489149852,298574.6996798336,1142343.2489150146,-5.962792783975601e-7,2.9336661100387573e-8,5.970005171947793e-7
612696402008,n/a,Fuera ASP,Veintisiete Abril,3912438.1314173276,286,305797.490539439,1124486.7224787031,305797.4905389376,1124486.7224787255,-5.014007911086082e-7,2.2351741790771484e-8,5.01898748439782e-7
G-1328660-2009,NO_APLICA,FUERA ASP,VEINTISIETE_DE_ABRIL,66285.44382266296,34,306861.0792496907,1122651.38537411,306861.07924920175,1122651.3853741344,-4.889443516731262e-7,2.444721758365631e-8,4.895551506016828e-7
G-739812-2001,NO_APLICA,FUERA ASP,SARNDINAL,923621.8014156679,96,318967.15366905363,1167069.9993019854,318967.1536687141,1167069.9993020028,-3.395252861082554e-7,1.7462298274040222e-8,3.399740457268823e-7
G-0065752-1992,DIRIA,PARQUE NACIONAL,VEINTISIETE_DE_ABRIL,781117.1087544905,54,320416.3398127817,1125293.7759311972,320416.3398124458,1125293.7759312107,-3.359164111316204e-7,1.3504177331924438e-8,3.361877423002806e-7
"G-0303621-1978
",SANTA_ROSA,PARQUE NACIONAL,NACASCOLO,1348229.9294998758,6,319329.9246869547,1192393.8395465591,319329.92468662426,1192393.8395465757,-3.3044489100575447e-7,1.6530975699424744e-8,3.3085812540933604e-7
G-0303623-1978,SANTA_ROSA,PARQUE NACIONAL,NACASCOLO,5241649.884438928,86,319713.0121436528,1190876.6412014232,319713.0121433227,1190876.6412014386,-3.3015385270118713e-7,1.5366822481155396e-8,3.3051127921238106e-7
G-0004161-1975,DIRIA,PARQUE NACIONAL,SANTA_CRUZ/VEINTISIETE_DE_ABRIL,1051340.0266440623,23,321499.6098038112,1125369.7481064678,321499.60980348376,1125369.7481064848,-3.2741809263825417e-7,1.6996636986732483e-8,3.27858952990049e-7
G-0449611-1997,DIRIA,PARQUE NACIONAL,SANTA_CRUZ,470581.072660964,91,321626.9990284369,1124276.6916234891,321626.99902811233,1124276.6916235047,-3.2456591725349426e-7,1.5599653124809265e-8,3.2494058506166395e-7
G-0847999-1989,DIRIA,PARQUE NACIONAL,SANTA_CRUZ,414280.2284034025,39,321787.9440427896,1122981.0771462556,321787.9440424659,1122981.077146269,-3.2369280233979225e-7,1.3271346688270569e-8,3.2396474951683877e-7
G-0041085-1992,DIRIA,PARQUE NACIONAL,SANTA_CRUZ,2401987.069985807,35,322495.0654133274,1121290.7613637396,322495.0654130107,1121290.7613637536,-3.1670788303017616e-7,1.3969838619232178e-8,3.170158348797472e-7
G-0165584-1994,DIRIA,PARQUE NACIONAL,SANTA_CRUZ/VEINTISIETE_DE_ABRIL,195440.3988136053,29,322507.6357624561,1125164.0301162386,322507.6357621407,1125164.030116252,-3.154273144900799e-7,1.3271346688270569e-8,3.1570638157842807e-7
G-0915793-1990,DIRIA,PARQUE NACIONAL,SANTA_CRUZ,853781.5146549039,23,322970.0977324472,1123137.8258683102,322970.0977321344,1123137.8258683227,-3.1280796974897385e-7,1.257285475730896e-8,3.130605414536034e-7
513844252009,Guanacaste,Parque Nacional,Santa Elena,302021.6820916962,9,321692.95485862414,1205564.123645452,321692.9548583124,1205564.123645469,-3.1176023185253143e-7,1.6996636986732483e-8,3.122232019463046e-7
G-0022165-1975,DIRIA,PARQUE NACIONAL,SANTA_CRUZ,1076185.0002035797,47,323068.14595757367,1124003.0745000357,323068.14595726464,1124003.0745000504,-3.0902447178959846e-7,1.4668330550193787e-8,3.0937240356238965e-7
G-0551705-1984,DIRIA,PARQUE NACIONAL,SANTA_CRUZ,997497.0617959984,59,323472.7433883342,1125417.212773299,323472.7433880283,1125417.2127733117,-3.058812581002712e-7,1.257285475730896e-8,3.061395445442374e-7
G-0000417-1975,GUANACASTE,PARQUE NACIONAL,LA_CRUZ,2969991.9421874695,40,321807.2102665836,1219309.402272763,321807.21026627853,1219309.402272781,-3.050663508474827e-7,1.792795956134796e-8,3.055926866818523e-7
G-0024237-1975,DIRIA,PARQUE NACIONAL,SANTA_CRUZ,806633.5067305602,32,323539.1983679584,1124485.58860162,323539.19836765376,1124485.588601633,-3.046588972210884e-7,1.30385160446167e-8,3.049377748928713e-7
G-0796196-1989,DIRIA,PARQUE NACIONAL,SANTA_CRUZ,1551029.991172516,94,323690.46745513624,1127049.054689171,323690.4674548325,1127049.0546891845,-3.0372757464647293e-7,1.3504177331924438e-8,3.0402763428024244e-7
G-0366121-1996,DIRIA,PARQUE NACIONAL,SANTA_CRUZ,347078.3205224187,107,324507.9175668404,1127315.7104692375,324507.9175665387,1127315.710469251,-3.0174851417541504e-7,1.3504177331924438e-8,3.0205053983147044e-7
G-0342741-1996,DIRIA,PARQUE NACIONAL,SANTA_CRUZ,354462.46425090544,73,324323.2818968246,1126447.002398749,324323.28189652343,1126447.0023987617,-3.0116643756628036e-07,1.257285475730896e-8,3.014287640440319e-7
G-0551705-1984,DIRIA,PARQUE NACIONAL,SANTA_CRUZ,89616.65094976453,18,324331.8255724393,1125031.659929313,324331.82557213865,1125031.6599293286,-3.0064256861805916e-7,1.5599653124809265e-8,3.0104701168235965e-7
G-0024237-1975,DIRIA,PARQUE NACIONAL,SANTA_CRUZ,137756.09542495012,12,324431.00608974404,1124057.6417585847,324431.00608944416,1124057.6417585989,-2.998858690261841e-7,1.4202669262886047e-8,3.002220016184366e-7
G-0000413-1975,GUANACASTE,PARQUE NACIONAL,LA_CRUZ,2563238.0288029914,42,322400.9512086357,1216333.1797286796,322400.95120833674,1216333.179728696,-2.989545464515686e-7,1.6298145055770874e-8,2.9939848091852776e-7
500497351963,Diria,Parque Nacional,Santa Cruz,1812956.6772961793,62,324352.63594717946,1122094.1930316829,324352.63594688044,1122094.1930316954,-2.9901275411248207e-7,1.257285475730896e-8,2.992769683732446e-7
G-0332183-1996,DIRIA,PARQUE NACIONAL,SANTA_CRUZ,114761.94832668267,57,324402.9682029232,1126224.5337697286,324402.9682026248,1126224.5337697426,-2.9837246984243393e-7,1.3969838619232178e-8,2.986993256619799e-7
G-0934518-2004,DIRIA,PARQUE NACIONAL,SANTA_CRUZ,489719.6941864835,90,324362.0157525744,1125669.4484277016,324362.01575227606,1125669.4484277149,-2.9837246984243393e-7,1.3271346688270569e-8,2.9866747295745883e-7
G-0006562-1976,DIRIA,PARQUE NACIONAL,SANTA_CRUZ,1239174.840961114,117,324739.3734841035,1125418.3940395522,324739.3734838064,1125418.3940395645,-2.9709190130233765e-7,1.234002411365509e-8,2.9734806879238935e-7
G-1327872-2009,DIRIA,PARQUE NACIONAL,SANTA_CRUZ,912399.6981882935,108,324973.0820891005,1120337.970610245,324973.0820888048,1120337.9706102598,-2.9569491744041443e-7,1.4901161193847656e-8,2.9607014169790667e-7
G-0144347-1993,DIRIA,PARQUE NACIONAL,SANTA_CRUZ,1042738.9786449801,114,325152.2239684627,1121376.7465856378,325152.2239681691,1121376.74658565,-2.935994416475296e-7,1.210719347000122e-8,2.938489684675806e-7
G-0006562-1976,DIRIA,PARQUE NACIONAL,SANTA_CRUZ,862025.1040847078,99,325764.2750117687,1125320.0465502762,325764.2750114791,1125320.0465502893,-2.8958311304450035e-7,1.30385160446167e-8,2.8987649484080216e-7
G-416-1975,GUANACASTE,PARQUE NACIONAL,LA_CRUZ,2577950.393345462,21,324031.16144607455,1217665.2336136734,324031.1614457855,1217665.2336136845,-2.8905924409627914e-7,1.1175870895385742e-8,2.8927520925199e-7
G-414-1975,GUANACASTE,PARQUE NACIONAL,LA_CRUZ,2568780.3326395154,28,323162.28765088524,1217122.7905759937,323162.287650597,1217122.7905760123,-2.882443368434906e-7,1.862645149230957e-8,2.8884553383692646e-7
G-0361321-1996,DIRIA,PARQUE NACIONAL,SANTA_CRUZ,882300.6938698739,101,325956.0298010381,1127075.1326189034,325956.02980075113,1127075.132618915,-2.869637683033943e-7,1.1641532182693481e-8,2.871998077827436e-7
G-9089-1976,NO_HAY_DATOS,NO HAY DATOS,BELEN,680.0194867943648,6,325857.9402611789,1150990.7663079381,325857.9402608931,1150990.7663079507,-2.8579961508512497e-7,1.257285475730896e-8,2.8607603300443394e-7
G-264669-1995,NO_HAY_DATOS,NO HAY DATOS,LA_CRUZ,1797282.824619539,38,324352.16521327174,1221215.5659600752,324352.16521298664,1221215.565960087,-2.8510112315416336e-7,1.1874362826347351e-8,2.853482975528278e-7
505383331984,No aplica,Fuera ASP,Santa Cruz,2314.4327073898166,6,326307.09457111557,1135855.5516786727,326307.09457083076,1135855.5516786822,-2.84810084849596e-7,9.546056389808655e-9,2.849700188171231e-7
506076771985,Guanacaste,Parque Nacional,Santa Elena,628113.7799276672,7,325274.60601581744,1206858.3893678861,325274.6060155359,1206858.3893678975,-2.8155045583844185e-7,1.1408701539039612e-8,2.8178150694046845e-7
G-0006562-1976,DIRIA,PARQUE NACIONAL,SANTA_CRUZ,3266894.9711638708,150,326676.61330240505,1125935.1918712219,326676.613302125,1125935.1918712317,-2.800370566546917e-7,9.778887033462524e-9,2.8020774388199234e-7
G-7541-1972,GUANACASTE,PARQUE NACIONAL,SANTA_ELENA,1178684.5284821596,32,326241.595192478,1209517.0341093391,326241.59519219986,1209517.0341093554,-2.7811620384454727e-7,1.6298145055770874e-8,2.785933458881614e-7
G-418-1975,GUANACASTE,PARQUE NACIONAL,LA_CRUZ,2660138.127959013,25,324870.16105787363,1217997.7789269104,324870.16105759743,1217997.7789269264,-2.7619535103440285e-7,1.6065314412117004e-8,2.7666218798415004e-7
500108921952,Guanacaste,Parque Nacional,Cañas Dulces,2920655.0194305284,56,325282.8582690691,1220736.4143932571,325282.8582687935,1220736.4143932655,-2.7561327442526817e-7,8.381903171539307e-9,2.757406994627294e-7
G-607677-1985,GUANACASTE,PARQUE NACIONAL,SANTA_ELENA,628133.3889678476,8,325816.8159599604,1208942.7593979915,325816.8159596864,1208942.7593980043,-2.739834599196911e-7,1.280568540096283e-8,2.742825584833155e-7
G-429753-1981,GUANACASTE,PARQUE NACIONAL,LA_CRUZ,2068808.0826157585,13,326204.11938334,1220145.7963196272,326204.1193830711,1220145.796319642,-2.689193934202194e-7,1.4901161193847656e-8,2.6933192302886003e-7
G-461703-1982,GUANACASTE,PARQUE NACIONAL,LA_CRUZ,490436.06094914395,15,326252.9881751015,1217674.3252392071,326252.9881748353,1217674.3252392178,-2.662418410181999e-7,1.0710209608078003e-8,2.6645717573112833e-7
G-607774-1985,GUANACASTE,PARQUE NACIONAL,SANTA_ELENA,8355952.646901429,28,326954.8525499088,1209101.1576675114,326954.8525496456,1209101.1576675272,-2.632150426506996e-7,1.5832483768463135e-8,2.6369077765422185e-7
G-20583-1975,NO_HAY_DATOS,NO HAY DATOS,LA_CRUZ,1347478.1706999205,44,327024.767074666,1221716.0759366273,327024.7670744038,1221716.0759366394,-2.621673047542572e-7,1.210719347000122e-8,2.6244671805117247e-7
"G-0682509-1987
",GUANACASTE,PARQUE NACIONAL,LA_CRUZ,667773.1495918521,16,327975.43195274135,1217704.8377150502,327975.4319524857,1217704.83771506,-2.5564804673194885e-7,9.778887033462524e-9,2.558350062627746e-7
G-23531-1975,GUANACASTE,PARQUE NACIONAL,SANTA_ELENA,7610889.863514036,21,328053.8060587956,1208165.5934206857,328053.80605854094,1208165.5934206957,-2.546585164964199e-7,1.0011717677116394e-8,2.5485524227491115e-7
G-506220-1983,GUANACASTE,PARQUE NACIONAL,SANTA_ELENA,6311481.9534308575,173,328351.64488375647,1204925.5382783632,328351.6448835023,1204925.5382783755,-2.5419285520911217e-7,1.234002411365509e-8,2.544922078070098e-7
G-142658-1993,GUANACASTE,PARQUE NACIONAL,LA_CRUZ,5889747.290081902,46,328255.3828067916,1216754.8313420045,328255.38280653825,1216754.8313420166,-2.5331974029541016e-7,1.210719347000122e-8,2.5360890157298125e-7
G-0009936-1974,NO_APLICA,FUERA ASP,NICOYA,42547.32323136134,19,330623.94556094287,1122959.5118798662,330623.94556069304,1122959.5118798765,-2.498272806406021e-7,1.0244548320770264e-8,2.500372390716526e-7
500362141997,Guanacaste,Parque Nacional,La Cruz,1785051.8958214559,45,328717.44403482,1219083.0604372344,328717.4440345723,1219083.060437245,-2.477318048477173e-7,1.0710209608078003e-8,2.479632144552019e-7
G-607678-1985,GUANACASTE,PARQUE NACIONAL,SANTA_ELENA,5429298.651232094,33,329315.82048678567,1212565.255948207,329315.8204865385,1212565.2559482197,-2.471497282385826e-7,1.257285475730896e-8,2.474693210180883e-7
G-40339-1977,GUANACASTE,PARQUE NACIONAL,LA_CRUZ,6786432.849347124,125,329837.0074567777,1218403.4932080167,329837.00745653274,1218403.4932080286,-2.4493783712387085e-7,1.1874362826347351e-8,2.452254973436727e-7
G-40340-1977,GUANACASTE,PARQUE NACIONAL,LA_CRUZ,5091259.118671041,145,329476.3042087987,1219925.2425652717,329476.3042085538,1219925.2425652822,-2.448796294629574e-7,1.0477378964424133e-8,2.4510366867078806e-7
G-796445-1989,GUANACASTE,PARQUE NACIONAL,SANTA_ELENA,9030848.124047898,173,329660.91210561706,1203427.7144721046,329660.91210537305,1203427.7144721192,-2.4400651454925537e-7,1.4668330550193787e-8,2.444470066570784e-7
"G-0539915-1999
",N/A,FUERA ASP,BELEN,53682.05528654532,21,332383.1332133506,1149695.6855941794,332383.1332131136,1149695.6855941878,-2.3702159523963928e-7,8.381903171539307e-9,2.3716975547215216e-7
G-8668-1969,GUANACASTE,PARQUE NACIONAL,CANAS_DULCES,6454161.373856536,98,331543.2531054024,1204725.0142843013,331543.2531051687,1204725.0142843127,-2.3370375856757164e-7,1.1408701539039612e-8,2.3398206178982333e-7
G-7931-1973,GUANACASTE,PARQUE NACIONAL,LA_GARITA,2191422.3495523515,17,332072.40190999204,1220041.2433333113,332072.40190976975,1220041.2433333197,-2.2229505702853203e-7,8.381903171539307e-9,2.2245302578318723e-7
"G-1215323-2008
",GUANACASTE,PARQUE NACIONAL,SANTA_ELENA/GARITA/MAYORGA,28108820.279933535,93,333366.46377300506,1211796.2029452766,333366.4637727831,1211796.2029452852,-2.2194581106305122e-7,8.614733815193176e-9,2.221129367847408e-7
500467511960,Guancaste,Parque Nacional,Santa Cecilia,1989654.021105677,11,332754.38110766135,1213103.6562171206,332754.38110743946,1213103.65621713,-2.2188760340213776e-7,9.313225746154785e-9,2.220829680937807e-7
G-7930-1973,GUANACASTE,PARQUE NACIONAL,LA_GARITA,2054326.0139153749,16,332753.25911471935,1218978.6279209496,332753.2591144995,1218978.6279209568,-2.198503352701664e-7,7.2177499532699585e-9,2.1996878376895322e-7
G-31704-1992,GUANACASTE,PARQUE NACIONAL,GARITA,2843826.783290106,37,333690.46743832383,1218774.4175146245,333690.46743810864,1218774.4175146352,-2.15193722397089e-7,1.0710209608078003e-8,2.1546008156724616e-7
"G-0856229-2003
",GUANACASTE,PARQUE NACIONAL,GARITA,350745.8346258383,34,334392.649849053,1217994.1443488735,334392.6498488435,1217994.1443488838,-2.094893716275692e-7,1.0244548320770264e-8,2.097397139199212e-7
500467491960,Guancaste,Parque Nacional,Cañas Dulces,33754766.410121575,172,335825.50102229364,1210072.3397319436,335825.5010220899,1210072.3397319533,-2.0372681319713593e-7,9.778887033462524e-9,2.0396137145811198e-7
G-64961-1992,GUANACASTE,PARQUE NACIONAL,LA_GARITA,1097728.5676095136,11,337065.67435226275,1216740.6277270922,337065.67435206776,1216740.6277271009,-1.9499566406011581e-7,8.614733815193176e-9,1.9518586690883173e-7
"G-0006552-1972
",GUANACASTE,PARQUE NACIONAL,LA_CRUZ/LA_GARITA/SANTA_ELENA/,10773021.360265702,8,337067.2857622513,1213017.8944707864,337067.2857620577,1213017.8944707976,-1.935986801981926e-7,1.1175870895385742e-8,1.9392098665372034e-7
G-78457-1992,GUANACASTE,PARQUE NACIONAL,MAYORGA,53198.651392536936,33,339344.36728981236,1205848.5533799634,339344.3672896223,1205848.5533799734,-1.9004801288247108e-7,1.0011717677116394e-8,1.9031153851362292e-7
"G-0406516-1980
",GUANACASTE,PARQUE NACIONAL,MAYORGA,1602689.2369320155,25,338105.9283865948,1205408.9723450083,338105.92838640686,1205408.9723450183,-1.8795253708958626e-7,1.0011717677116394e-8,1.882189966216444e-7
500495651963,Guanacaste,Parque Nacional,Cañas Dulces,423702.71676507965,23,339718.58754858805,1208269.44088642,339718.5875484072,1208269.4408864265,-1.8085120245814323e-7,6.51925802230835e-9,1.8096866622627727e-7
G-406513-1980,NO_HAY_DATOS,NO HAY DATOS,MAYORGA,1565620.9326434731,39,340084.98133442143,1207855.3598129095,340084.9813342413,1207855.3598129188,-1.8015271052718163e-7,9.313225746154785e-9,1.8039327948704003e-7
500097591949,Guanacaste,Parque Nacional,Cañas Dulces,475420.2626866698,17,339869.0997925374,1206132.3600678854,339869.0997923602,1206132.3600678954,-1.771841198205948e-7,1.0011717677116394e-8,1.7746674845571825e-7
A-18548-1972,GUANACASTE,PARQUE NACIONAL,DOS_RIOS,1000280.20640109,10,341190.3487063276,1207389.902010376,341190.3487061525,1207389.9020103868,-1.7508864402770996e-7,1.0710209608078003e-8,1.754159110722602e-7
G-832-1976,GUANACASTE,PARQUE NACIONAL,MAYORGA,664335.0736348857,16,339518.4797300446,1212990.266893514,339518.47972987016,1212990.2668935177,-1.7444835975766182e-7,3.725290298461914e-9,1.744881314300386e-7
A-18549-1972,GUANACASTE,PARQUE NACIONAL,DOS_RIOS,978576.6187840104,14,341183.9974109719,1206411.1981248006,341183.99741079955,1206411.198124808,-1.72352883964777e-7,7.450580596923828e-9,1.7251384803025854e-7
"G-0019048-1974
",GUANACASTE,PARQUE NACIONAL,SANTA_CECILIA,153232.9044193123,16,340627.0664381253,1215283.972626646,340627.06643795385,1215283.9726266547,-1.7142156139016151e-7,8.614733815193176e-9,1.716378901878823e-7
"G-0019050-1974
",GUANACASTE,PARQUE NACIONAL,SANTA_CECILIA,240652.7139817886,18,340864.4917929837,1215260.69729364,340864.49179281265,1215260.6972936455,-1.710723154246807e-7,5.3551048040390015e-9,1.7115611076506645e-7
G-9096-1976,GUANACASTE,PARQUE NACIONAL,SANTA_CECILIA,436404.82434387505,12,342495.0355984084,1218735.9873422836,342495.0355982384,1218735.9873422931,-1.6996636986732483e-7,9.546056389808655e-9,1.7023423298054263e-7
G-11882-1976,GUANACASTE,PARQUE NACIONAL,SANTA_CECILIA,447329.8636559382,29,341821.29045685893,1218770.068106378,341821.2904566918,1218770.0681063856,-1.6711419448256493e-7,7.683411240577698e-9,1.67290731380577e-7
A-37755-1992,NO_HAY_DATOS,NO HAY DATOS,DOS_RIOS,1953600.4249059474,60,342048.3595759087,1205008.8835325101,342048.3595757419,1205008.8835325176,-1.6676494851708412e-7,7.450580596923828e-9,1.669313008549834e-7
A-294238-1978,NO_HAY_DATOS,NO HAY DATOS,DOS_RIOS/QUEBRADA_GRANDE,1483285.9341967665,45,341643.8892658834,1209004.3711978644,341643.88926571707,1209004.3711978712,-1.6635749489068985e-7,6.752088665962219e-9,1.6649446479585715e-7
"G-0019047-1974
",GUANACASTE,PARQUE NACIONAL,SANTA_CECILIA,1971594.7775564343,26,341957.7721935976,1215538.3643711905,341957.77219343156,1215538.3643712022,-1.6600824892520905e-7,1.1641532182693481e-8,1.6641593668508692e-7
G-9097-1976,GUANACASTE,PARQUE NACIONAL,SANTA_CECILIA,484471.0026437612,20,342190.5070460184,1218613.4471963518,342190.50704585377,1218613.447196362,-1.6461126506328583e-7,1.0244548320770264e-8,1.6492974066562993e-7
500460021958,Guanacaste,Parque Nacional,Cañas Dulces,690810.0000468493,39,343288.0872735296,1204326.673434419,343288.08727336477,1204326.6734344186,-1.648440957069397e-7,-4.656612873077393e-10,1.6484475341931024e-7
509917871991,No aplica,Fuera ASP,Hojancha,901.554420704022,5,344852.67227948696,1112122.4556794455,344852.6722793234,1112122.4556794523,-1.6356352716684341e-7,6.752088665962219e-9,1.6370283479711565e-7
A-294240-1977,NO_HAY_DATOS,NO HAY DATOS,DOS_RIOS,2637331.90792042,55,343053.7920691336,1207934.4110123808,343053.792068972,1207934.4110123867,-1.6158446669578552e-7,5.820766091346741e-9,1.6168927359367904e-7
G-575901-1985,GUANACASTE,PARQUE NACIONAL,MAYORGA,308310.5851027956,38,344007.7520961859,1204446.703332646,344007.7520960282,1204446.7033326523,-1.5774276107549667e-7,6.28642737865448e-9,1.5786797598280763e-7
G-385568-1980,GUANACASTE,PARQUE NACIONAL,SANTA_CECILIA,2728380.0993753206,60,343639.9463611729,1214824.2306391436,343639.9463610166,1214824.2306391518,-1.5628756955266e-7,8.149072527885437e-9,1.5649987789050274e-7
G-1425715-2010,MATA_REDONDA,REFUGIO NACIONAL DE VIDA SILVESTRE,SAN_ANTONIO,5081258.178893392,76,344914.0586191038,1140838.648754338,344914.0586189488,1140838.6487543425,-1.550070010125637e-7,4.423782229423523e-9,1.5507011385861007e-7
G-11817-1974,GUANACASTE,PARQUE NACIONAL,SANTA_CECILIA,2232750.394027544,98,344279.1140828283,1213084.5229106958,344279.1140826737,1213084.5229107013,-1.5459954738616943e-7,5.587935447692871e-9,1.5470050120984105e-7
A-21795-1973,NO_HAY_DATOS,NO HAY DATOS,DOS_RIOS,2303155.544487357,7,344694.0993659968,1206541.008041007,344694.09936584334,1206541.0080410126,-1.5343539416790009e-7,5.587935447692871e-9,1.5353711344826844e-7
G-1370256-2009,NO_APLICA,FUERA ASP,SANTA_CECILIA,1056343.589845019,18,344558.7730162103,1216281.7202274282,344558.77301605756,1216281.7202274373,-1.5273690223693848e-7,9.080395102500916e-9,1.5300658443398317e-7
G-1380112-2009,NO_APLICA,FUERA ASP,MONTE_ROMO,911915.232554324,136,346863.54176228377,1102530.6980840594,346863.541762131,1102530.6980840648,-1.5279510989785194e-7,5.3551048040390015e-9,1.5288892293478587e-7
G-0773223-1998,NO_HAY_DATOS,PATRIMONIO DEL ESTADO,SANTA_CECILIA,499.10044426042623,6,345351.6356705854,1223651.21848858,345351.63567043334,1223651.218488587,-1.5203841030597687e-7,6.984919309616089e-9,1.5219877563939344e-7
G-1618505-2012,NO_APLICA,FUERA ASP,MONTE_ROMO,14111.07135280015,26,346685.5647366793,1101714.230002773,346685.56473652873,1101714.2300027735,-1.5058321878314018e-7,4.656612873077393e-10,1.505839387834093e-7
G-1004366-2005,MONTE_ALTO,ZONA PROTECTORA,HOJANCHA,13535.39355259831,20,347466.0618513702,1107248.6209107765,347466.0618512214,1107248.6209107833,-1.487787812948227e-7,6.752088665962219e-9,1.4893191889224317e-7
G-67309-1992,GUANACASTE,PARQUE NACIONAL,SANTA_CECILIA,479212.9653981824,62,346515.1641237002,1217188.444954225,346515.1641235537,1217188.4449542318,-1.46450474858284e-7,6.752088665962219e-9,1.4660604451239345e-7
G-806177-2002,NO_HAY_DATOS,NO HAY DATOS,SANTA_CECILIA,571233.6138073353,94,345328.3218062177,1219614.217223268,345328.32180607284,1219614.2172232782,-1.4487886801362038e-7,1.0244548320770264e-8,1.4524061817275715e-7
G-0808675-2002,NO_APLICA,FUERA ASP,SANTA_CECILIA,120689.83570561296,45,346967.3345497176,1220653.8869231017,346967.33454957453,1220653.886923108,-1.430744305253029e-7,6.28642737865448e-9,1.4321247096299547e-7
G-14179-1974,GUANACASTE,PARQUE NACIONAL,SANTA_CECILIA,1245762.3479470005,47,346643.6755277174,1218174.7717409488,346643.6755275746,1218174.771740954,-1.4278339222073555e-7,5.122274160385132e-9,1.428752420352615e-7
G-27955-1992,NO_HAY_DATOS,NO HAY DATOS,SANTA_CECILIA,841470.3249008041,34,347128.1706024187,1214197.3400433653,347128.1706022775,1214197.3400433643,-1.4121178537607193e-7,-9.313225746154785e-10,1.4121485648059764e-7
G-48405-1992,NO_HAY_DATOS,NO HAY DATOS,SANTA_CECILIA,548734.8479090482,31,347265.17755676626,1214435.6699296539,347265.17755662574,1214435.6699296557,-1.4051329344511032e-7,1.862645149230957e-9,1.405256385210316e-7
502863801977,Guancaste,Parque Nacional,Santa Cecilia,372419.25582249835,10,347493.3884155253,1218534.1296705212,347493.38841538527,1218534.1296705315,-1.4004763215780258e-7,1.0244548320770264e-8,1.404218289415993e-7
"G-0791701-2002
",GUANACASTE,PARQUE NACIONAL,SANTA_CECILIA,371115.54813326895,102,346345.5874304149,1216250.0794858155,346345.587430276,1216250.0794858176,-1.389416866004467e-7,2.0954757928848267e-9,1.3895748736277334e-7
513981252010,n/a,Fuera ASP,Bagaces,3027410.0934914174,217,348847.9374762362,1162169.019272042,348847.937476099,1162169.019272048,-1.3719545677304268e-7,6.05359673500061e-9,1.3732894593855235e-7
G-0008776-1974,BARRA_HONDA,PARQUE NACIONAL,SAN_ANTONIO,124174.34772806067,26,351067.5046920911,1127999.5274634738,351067.504691955,1127999.5274634794,-1.360895112156868e-7,5.587935447692871e-9,1.3620418527156986e-7
G-17997-1974,GUANACASTE,PARQUE NACIONAL,SANTA_CECILIA,900451.2767049,47,348300.4230962138,1215099.8726921238,348300.4230960794,1215099.8726921296,-1.3440148904919624e-7,5.820766091346741e-9,1.345274751734061e-7
G-1374030-2009,LOMAS_DE_BARBUDAL,RESERVA BIOLOGICA,BAGACES,818331.4093148112,87,350117.13576825964,1162711.970086916,350117.13576812565,1162711.9700869208,-1.3399403542280197e-7,4.889443516731262e-9,1.340832136652102e-7
G-1332881-2009,LOMAS_DE_BARBUDAL,RESERVA BIOLOGICA,BAGACES,6650360.43560525,207,350021.0479707187,1160112.6101971245,350021.0479705866,1160112.6101971285,-1.3213139027357101e-7,3.958120942115784e-9,1.321906616104903e-7
G-0539959-1999,NO_APLICA,FUERA ASP,SANTA_CECILIA,146436.63439008594,87,350963.52945411956,1217930.996122136,350963.52945398755,1217930.9961221311,-1.3201497495174408e-7,-4.889443516731262e-9,1.3210548917214955e-7
G-0356001-1996,NO_APLICA,FUERA ASP,BAGACES,12926.76390668608,8,351262.8470588307,1155219.2298588625,351262.8470587001,1155219.229858865,-1.3061799108982086e-7,2.561137080192566e-9,1.3064309786392874e-7
G-0008779-1974,BARRA_HONDA,PARQUE NACIONAL,SAN_ANTONIO,171557.36495938338,11,350751.6485588411,1126937.5794387525,350751.6485587108,1126937.5794387532,-1.3026874512434006e-7,6.984919309616089e-10,1.3027061774340326e-7
G-0008775-1974,BARRA_HONDA,PARQUE NACIONAL,SAN_ANTONIO,115078.49347943952,17,351196.0983707816,1128065.6180525946,351196.09837065183,1128065.6180526009,-1.2974487617611885e-7,6.28642737865448e-9,1.2989708258134017e-7
G-0122327-1993,BARRA_HONDA,PARQUE NACIONAL,MANSION,502887.4757229015,92,351574.1730636083,1123954.0758691947,351574.1730634793,1123954.075869199,-1.2898817658424377e-7,4.190951585769653e-9,1.2905624267629333e-7
G-0714022-2001,NO_APLICA,FUERA ASP,BAGACES,433867.044633382,109,353419.1645359788,1154762.277989451,353419.1645358502,1154762.2779894618,-1.285807229578495e-7,1.0710209608078003e-8,1.290260086424912e-7
G-0364958-1996,NO_APLICA,FUERA ASP,BAGACES,16649.570365467738,6,351116.30366239976,1155203.5717824057,351116.3036622715,1155203.5717824113,-1.2828968465328217e-7,5.587935447692871e-9,1.2841132430983712e-7
G-1332874-2009,LOMAS_DE_BARBUDAL,RESERVA BIOLOGICA,BAGACES,2856912.3535981057,77,351576.66763941135,1158581.941872693,351576.6676392838,1158581.9418727,-1.275329850614071e-7,6.984919309616089e-9,1.2772412214000508e-7
G-0738420-2001,PALO_VERDE,PARQUE NACIONAL,BAGACES,88492563.98362075,335,351652.56359292724,1147203.6487712888,351652.5635927997,1147203.648771295,-1.275329850614071e-7,6.28642737865448e-9,1.2768782811161047e-7
500891031992,Barra Honda,Parque Nacional,Masion,115860.55490822718,17,350724.6069146058,1123654.6393168746,350724.6069144784,1123654.639316881,-1.2741656973958015e-7,6.51925802230835e-9,1.2758323937478122e-7
G-0364931-1996,NO_APLICA,FUERA ASP,BAGACES,5353.315572754009,8,351353.07632310153,1155224.8194922952,351353.0763229745,1155224.8194923026,-1.2700911611318588e-7,7.450580596923828e-9,1.2722746058569272e-7
G-0539961-1999,NO_APLICA,FUERA ASP,SANTA_CECILIA,95785.80602097325,26,350586.2744143351,1218123.2768848215,350586.27441420796,1218123.2768848261,-1.2712553143501282e-7,4.6566128730773926e-9,1.2721078879593562e-7
G-0123989-1993,BARRA_HONDA,PARQUE NACIONAL,MANSION,182290.4659275366,51,351575.50533239846,1127454.0096689074,351575.50533227145,1127454.0096689118,-1.2700911611318588e-7,4.423782229423523e-9,1.2708613388197037e-7
G-0008793-1974,BARRA_HONDA,PARQUE NACIONAL,SAN_ANTONIO,474035.01799422875,35,351973.2640017654,1128156.940746398,351973.26400163874,1128156.9407464054,-1.2665987014770508e-7,7.450580596923828e-9,1.2687881563549044e-7
G-0539950-1999,NO_APLICA,FUERA ASP,SANTA_CECILIA,182062.05701218452,66,350951.24161112437,1218798.0794016966,350951.241610999,1218798.0794017005,-1.253793016076088e-7,3.958120942115784e-9,1.2544176335257787e-7
G-0122335-1993,BARRA_HONDA,PARQUE NACIONAL,MANSION,287963.4770405276,51,352492.7147855551,1124955.941845609,352492.7147854303,1124955.9418456117,-1.2479722499847412e-7,2.561137080192566e-9,1.2482350255646295e-7
G-1215316-2008,RINCON_DE_LA_VIEJA,PARQUE NACIONAL,LIBERIA/CANAS_DULCES/CURUBANDE,27451292.04327011,32,351981.5793526185,1193832.541786701,351981.5793524942,1193832.5417867054,-1.2427335605025291e-7,4.423782229423523e-9,1.2435206823051354e-7
G-0539953-1999,NO_APLICA,FUERA ASP,SANTA_CECILIA,26355.604872879456,18,350517.0809725754,1218364.860778531,350517.0809724521,1218364.860778535,-1.2328382581472397e-7,3.958120942115784e-9,1.2334734869022363e-7
G-0688633-1987,NO_HAY_DATOS,NO HAY DATOS,BAGACES,849003.288148047,10,352830.13496335235,1158259.4727353458,352830.1349632294,1158259.4727353526,-1.2293457984924316e-7,6.752088665962219e-9,1.231198668942708e-7
G-0556583-1999,NO_APLICA,FUERA ASP,SANTA_CECILIA,921915.1419685334,137,351661.2382801814,1219914.751075044,351661.2382800608,1219914.7510750492,-1.2060627341270447e-7,5.122274160385132e-9,1.207149985671796e-7
"G-0892636-1990
",NO_APLICA,FUERA ASP,BEJUCO,97362.300052499515,14,354889.4894747169,1092218.1132961889,354889.48947459774,1092218.1132961893,-1.1915108188986778e-7,4.656612873077393e-10,1.1915199182540121e-7
G-0122331-1993,BARRA_HONDA,PARQUE NACIONAL,QUEBRADA_HONDA,174242.87563522113,51,353889.6707161313,1128952.5040657425,353889.67071601225,1128952.5040657443,-1.1903466656804085e-7,1.862645149230957e-9,1.1904923893883831e-7
G-0528133-1984,RINCON_DE_LA_VIEJA,PARQUE NACIONAL,CURUBANDE,1675029.2453409832,27,352786.66754308395,1192849.6002098094,352786.66754296614,1192849.6002098138,-1.1781230568885803e-7,4.423782229423523e-9,1.1789533163335304e-7
G-0008787-1974,BARRA_HONDA,PARQUE NACIONAL,QUEBRADA_HONDA,1254583.853676848,22,353580.06322350353,1128193.90721185,353580.06322338607,1128193.907211852,-1.1746305972337723e-7,2.0954757928848267e-9,1.1748174929909859e-7
G-0181909-1994,BARRA_HONDA,PARQUE NACIONAL,BARRA_HONDA,780997.1554127289,78,354722.25695542485,1128158.4159888052,354722.25695530995,1128158.4159888104,-1.1490192264318466e-7,5.122274160385132e-9,1.1501604027123582e-7
A-0539955-1999,NO_APLICA,FUERA ASP,DOS_RIOS,27500.845941479158,16,352531.0403168716,1218704.3744591791,352531.04031675746,1218704.3744591821,-1.1414522305130959e-7,3.026798367500305e-9,1.1418534693116591e-7
G-0123986-1993,BARRA_HONDA,PARQUE NACIONAL,QUEBRADA_HONDA,107508.54442414577,25,355412.50424711284,1127561.8030584333,355412.5042469991,1127561.8030584364,-1.1373776942491531e-7,3.026798367500305e-9,1.1377803699358107e-7
G-0518343-1983,RINCON_DE_LA_VIEJA,PARQUE NACIONAL,LIBERIA,3170190.868691405,11,354133.0197713271,1191002.8808829412,354133.01977121417,1191002.880882945,-1.1292286217212677e-7,3.725290298461914e-9,1.1298429354982467e-7
G-0178585-1994,BARRA_HONDA,PARQUE NACIONAL,QUEBRADA_HONDA,80930.26259819377,26,355643.79528602934,1127326.443062365,355643.79528591735,1127326.4430623683,-1.1199153959751129e-7,3.259629011154175e-9,1.1203896698341741e-7
G-0178495-1994,BARRA_HONDA,PARQUE NACIONAL,QUEBRADA_HONDA,36521.5562183032,18,355969.8629073144,1127295.154570514,355969.8629072026,1127295.1545705213,-1.1175870895385742e-7,7.2177499532699585e-9,1.1199153959751129e-7
G-0178584-1994,BARRA_HONDA,PARQUE NACIONAL,QUEBRADA_HONDA,37659.55636065667,18,355793.3521689372,1127503.7345528638,355793.35216882546,1127503.7345528677,-1.1175870895385742e-7,3.958120942115784e-9,1.1182877871292982e-7
G-0995197-1991,BARRA_HONDA,PARQUE NACIONAL,MANSION/QUEBRADA_HONDA,1632431.7136970493,31,355256.64570541435,1127106.5979631513,355256.6457053033,1127106.5979631564,-1.1106021702289581e-7,5.122274160385132e-9,1.1117827799416065e-7
G-0012184-1991,BARRA_HONDA,PARQUE NACIONAL,QUEBRADA_HONDA,937190.8034094959,25,356546.3770553475,1126267.3322077908,356546.3770552393,1126267.3322077931,-1.0820804163813591e-7,2.3283064365386963e-9,1.0823308775981116e-7
G-0156440-1993,PALO_VERDE,PARQUE NACIONAL,BAGACES,98144.81856678054,8,356009.152928804,1149889.0673097703,356009.15292869596,1149889.0673097742,-1.0803341865539551e-7,3.958120942115784e-9,1.0810590301997563e-7
G-0156519-1993,PALO_VERDE,PARQUE NACIONAL,BAGACES,107828.21454948746,18,356833.64382425393,1149863.6212334128,356833.64382414613,1149863.6212334142,-1.0780058801174164e-7,1.3969838619232178e-9,1.0780963936303529e-7
G-0008751-1974,BARRA_HONDA,PARQUE NACIONAL,QUEBRADA_HONDA,434474.22986972786,15,356596.5873674039,1125452.554439311,356596.58736729645,1125452.554439315,-1.0745134204626083e-7,4.190951585769653e-9,1.0753304135351519e-7
G-0156416-1993,PALO_VERDE,PARQUE NACIONAL,BAGACES,94795.7856403016,6,356389.1987704726,1149947.1349529028,356389.19877036515,1149947.1349529056,-1.0745134204626083e-7,2.7939677238464355e-9,1.0748766051591428e-7
G-0123987-1993,BARRA_HONDA,PARQUE NACIONAL,QUEBRADA_HONDA,17366.160568636886,8,355525.80027743167,1127671.1941264886,355525.8002773243,1127671.1941264863,-1.0739313438534737e-7,-2.3283064365386963e-9,1.0741837051441298e-7
G-0157051-1993,PALO_VERDE,PARQUE NACIONAL,BAGACES,102368.82316137318,6,356256.4161662479,1149034.1718088721,356256.4161661406,1149034.1718088724,-1.073349267244339e-7,2.3283064365386963e-10,1.0733517925194991e-7
G-0156418-1993,PALO_VERDE,PARQUE NACIONAL,BAGACES,102524.64887006534,26,357264.62337455974,1150636.199497893,357264.6233744528,1150636.199497889,-1.0692747309803963e-7,-3.958120942115784e-9,1.0700070665432263e-7
G-0156415-1993,PALO_VERDE,PARQUE NACIONAL,BAGACES,113726.23013778031,11,356611.4168334177,1149576.2974157927,356611.41683331097,1149576.297415797,-1.0675285011529922e-7,4.190951585769653e-9,1.068350835771368e-7
G-0156444-1993,PALO_VERDE,PARQUE NACIONAL,BAGACES,100051.38661943749,15,357073.36654801766,1150380.5069147912,357073.3665479109,1150380.506914792,-1.0675285011529922e-7,6.984919309616089e-10,1.0675513523347324e-7
G-1240736-2007,PALO_VERDE,PARQUE NACIONAL,BAGACES,136433.9501068145,48,357303.9109784402,1148136.465000943,357303.9109783348,1148136.4650009426,-1.0541407391428947e-7,-4.656612873077393e-10,1.0541510242674804e-7
G-0157050-1993,PALO_VERDE,PARQUE NACIONAL,BAGACES,110718.46330153942,13,356491.77843282546,1149340.4779031859,356491.77843272034,1149340.4779031868,-1.0512303560972214e-7,9.313225746154785e-10,1.0512716098868502e-7
G-0156434-1993,PALO_VERDE,PARQUE NACIONAL,BAGACES,97156.13508691313,13,356902.41784021474,1150216.7804639633,356902.41784011014,1150216.780463965,-1.0459916666150093e-7,1.6298145055770874e-9,1.046118633884467e-7
G-0302988-1978,PALO_VERDE,PARQUE NACIONAL,BAGACES,19694399.51294246,140,359305.3696937182,1143674.1467899354,359305.3696936158,1143674.1467899412,-1.0238727554678917e-7,5.820766091346741e-9,1.0255259875685405e-7
G-1520559-2011,NO_APLICA,FUERA ASP,BAGACES,852378.0910363197,164,357110.04453605006,1149612.343478182,357110.0445359479,1149612.3434781902,-1.021544449031353e-7,8.149072527885437e-9,1.024789636780761e-7
G-0156554-1993,PALO_VERDE,PARQUE NACIONAL,BAGACES,85948.91207293453,6,356661.6828024242,1150114.174415557,356661.6828023228,1150114.1744155593,-1.0139774531126022e-7,2.3283064365386963e-9,1.0142447320577821e-7
G-1520562-2011,NO_APLICA,FUERA ASP,BAGACES,249750.08205782526,17,357627.4130369707,1148431.9646601318,357627.4130368703,1148431.964660134,-1.0040821507573128e-7,2.0954757928848267e-9,1.0043007852975559e-7
G-1462417-2010,RINCON_DE_LA_VIEJA,PARQUE NACIONAL,LIBERIA/MOGOTE,2870038.359418404,171,357920.951154603,1188962.27294869,357920.95115450275,1188962.2729486937,-1.0023359209299088e-7,3.725290298461914e-9,1.0030279543298829e-7
G-1462416-2010,RINCON_DE_LA_VIEJA,PARQUE NACIONAL,LIBERIA/AGUAS_CLARAS/MOGOTE,15303700.549519816,292,357760.59865835885,1190898.995985942,357760.59865825984,1190898.9959859464,-9.901123121380806e-8,4.423782229423523e-9,9.911000835277697e-8
G-0306817-1978,PALO_VERDE,PARQUE NACIONAL,BAGACES,15249791.251203157,22,359841.4705105335,1140556.2995837727,359841.4705104348,1140556.2995837785,-9.866198524832726e-8,5.820766091346741e-9,9.883354011180272e-8
G-1520561-2011,NO_HAY_DATOS,NO HAY DATOS,BAGACES,82329.66143569635,14,357574.84705433773,1147906.793213752,357574.8470542396,1147906.7932137586,-9.813811630010605e-8,6.51925802230835e-9,9.83544132009061e-8
G.1457744-2010,NO_APLICA,FUERA ASP,BAGACES,197419.85665874457,13,358881.6506832115,1147981.8978233354,358881.6506831145,1147981.8978233403,-9.703217074275017e-8,4.889443516731262e-9,9.715528198175088e-8
G-1457745-2010,NO_APLICA,FUERA ASP,BAGACES,167684.30799307796,11,359724.6995089363,1147838.0503769817,359724.69950883975,1147838.0503769878,-9.656650945544243e-8,6.05359673500061e-9,9.675606844967431e-8
G-0202621-1994,NO_APLICA,FUERA ASP,BAGACES,409799.2806183342,71,359297.88429640845,1151355.946446044,359297.88429631246,1151355.9464460476,-9.598443284630775e-8,3.725290298461914e-9,9.605669751055976e-8
G-1524491-2011,NO_APLICA,FUERA ASP,MANSION,229602.75982046593,53,360975.9761432221,1112830.9564042245,360975.97614313115,1112830.956404226,-9.097857400774956e-8,1.3969838619232178e-9,9.0989298779549e-8
G-1457748-2010,NO_APLICA,FUERA ASP,BAGACES,197536.26354520692,11,360644.79217277904,1147121.7936177712,360644.7921726895,1147121.793617773,-8.952338248491287e-8,1.862645149230957e-9,8.95427577110062e-8
G-1457742-2010,NO_APLICA,FUERA ASP,QUEBRADA_HONDA,207.63741918258438,7,362201.3465873256,1125013.7383793653,362201.3465872365,1125013.7383793679,-8.91159288585186e-8,2.561137080192566e-9,8.915272401592722e-8
G-1512007-2011,RINCON_DE_LA_VIEJA,PARQUE NACIONAL,LIBERIA/AGUAS_CLARAS/MOGOTE,8461323.957271963,169,360968.56507433456,1189910.2109717333,360968.5650742457,1189910.2109717352,-8.888309821486473e-8,1.862645149230957e-9,8.89026129831134e-8
G-1525036-2011,NO_APLICA,FUERA ASP,MANSION,21709.91319648549,45,361257.4952906742,1112662.601576539,361257.4952905857,1112662.6015765446,-8.853385224938393e-8,5.587935447692871e-9,8.871002207576845e-8
G-1804819-2015,NO_APLICA,FUERA ASP,BAGACES,694658.9595232606,57,362996.57210759376,1151126.8829606944,362996.5721075077,1151126.8829606993,-8.60891304910183e-8,4.889443516731262e-9,8.62278669955536e-8
G-508836-1983,NO_APLICA,FUERA ASP,BAGACES,1054.9240653982067,6,362601.9432545851,1163696.4274413341,362601.94325449923,1163696.427441337,-8.585629984736443e-8,2.7939677238464355e-9,8.590174898756395e-8
G-0618388-1986,PALO_VERDE,PARQUE NACIONAL,BAGACES,23774784.06335458,44,365134.9668446381,1140852.2304162248,365134.9668445576,1140852.230416231,-8.050119504332542e-8,6.28642737865448e-9,8.074627900151572e-8
"A-0413710-1980
",RINCON_DE_LA_VIEJA,PARQUE NACIONAL,AGUAS_CLARAS,381191.402433062,18,362768.34945142077,1192955.8020439206,362768.34945134044,1192955.8020439257,-8.032657206058502e-8,5.122274160385132e-9,8.04897252547088e-8
"L-0728334-2001
",CAHUITA,PARQUE NACIONAL,CAHUITA,70697.04820261589,11,632107.1477183505,1070586.3995941775,632107.1477184307,1070586.3995941777,8.021015673875809e-8,2.3283064365386963e-10,8.021049466350873e-8
A-0209193-1994,NO_HAY_DATOS,NO HAY DATOS,AGUAS_CLARAS,1807.46102458518,9,364819.8300879548,1196106.1701684913,364819.830087875,1196106.1701684943,-7.980270311236382e-8,3.026798367500305e-9,7.986008347352002e-8
G-0026625-1976,NO_HAY_DATOS,NO HAY DATOS,CANAS,54773.33274212573,27,364944.9581542157,1129372.491654993,364944.958154137,1129372.4916549935,-7.869675755500793e-8,4.656612873077393e-10,7.86981352390652e-8
G-0026625-1976,NO_HAY_DATOS,NO HAY DATOS,CANAS,6276.7974038191605,11,365198.0340046543,1129156.2471780942,365198.03400457726,1129156.247178095,-7.706694304943085e-8,6.984919309616089e-10,7.70701083557162e-8
615945512012,Las Tablas,Zona Protectora,Sabalito,50974447.008843675,49,630491.4749914317,992906.7237997039,630491.4749915065,992906.7237997038,7.485505193471909e-8,-1.1641532182693481e-10,7.485514245979796e-8
"L-0064145-1992
",CAHUITA,PARQUE NACIONAL,CAHUITA,17611.209152585547,8,631223.0157256561,1070449.9425648763,631223.0157257284,1070449.9425648781,7.229391485452652e-8,1.862645149230957e-9,7.231790630228093e-8
L-0724637-2001,CAHUITA,PARQUE NACIONAL,CAHUITA,45761.397748075426,10,630145.7066252548,1073143.663061841,630145.7066253269,1073143.6630618451,7.206108421087265e-8,4.190951585769653e-9,7.218285068380678e-8
L-0256926-1995,NO_HAY_DATOS,NO HAY DATOS,CAHUITA,22807.25088484492,16,631321.2573833327,1070325.5254496736,631321.2573834048,1070325.5254496767,7.206108421087265e-8,3.026798367500305e-9,7.212462385346618e-8
L-0064142-1992,CAHUITA,PARQUE NACIONAL,CAHUITA,44925.72564603202,17,631759.0634409911,1070503.100310375,631759.0634410628,1070503.100310378,7.171183824539185e-8,3.026798367500305e-9,7.177568705969137e-8
L-0064144-1992,CAHUITA,PARQUE NACIONAL,CAHUITA,7935.178870336385,9,631557.7217922366,1070383.3236107754,631557.7217923078,1070383.3236107803,7.12461769580841e-8,4.889443516731262e-9,7.141375490090084e-8
L-0557033-1999,NO_HAY_DATOS,NO HAY DATOS,CAHUITA,66729.51376240555,22,631214.0083802734,1070808.4367944058,631214.0083803439,1070808.4367944107,7.05476850271225e-8,4.889443516731262e-9,7.071691820624955e-8
"L-0134946-1993
",CAHUITA,PARQUE NACIONAL,CAHUITA,22001.698983488604,10,630877.6412997436,1071391.0741331775,630877.6412998141,1071391.074133181,7.05476850271225e-8,3.4924596548080444e-9,7.063407914828752e-8
"L-0728330-2001
",CAHUITA,PARQUE NACIONAL,CAHUITA,28854.132629644126,14,632283.9621180603,1070352.2986856713,632283.9621181306,1070352.2986856762,7.031485438346863e-8,4.889443516731262e-9,7.048464658967726e-8
L-0728331-2001,CAHUITA,PARQUE NACIONAL,CAHUITA,5991.08161931328,7,630833.1449938115,1071311.384359729,630833.1449938815,1071311.3843597313,6.996560841798782e-8,2.3283064365386963e-9,7.000433823815233e-8
"L-0221135-1994
",CAHUITA,PARQUE NACIONAL,CAHUITA,14539.353453148156,12,630361.5728788926,1072475.0481276358,630361.5728789626,1072475.0481276368,6.996560841798782e-8,9.313225746154785e-10,6.997180662979339e-8
700215061975,Cahuita,Parque Nacional,Cahuita,259348.61878430843,11,630329.1716713788,1073879.5676129647,630329.1716714487,1073879.567612965,6.996560841798782e-8,2.3283064365386963e-10,6.996599582231237e-8
707093892001,Cahuita,Parque Nacional,Cahuita,25175.275939490646,8,630159.2730400406,1072922.9456147174,630159.2730401106,1072922.9456147172,6.996560841798782e-8,-2.3283064365386963e-10,6.996599582231237e-8
700794771992,Cahuita,Parque Nacional,Cahuita,5870.697391274385,12,629317.475496761,1074517.431976028,629317.475496831,1074517.4319760283,6.996560841798782e-8,2.3283064365386963e-10,6.996599582231237e-8
700215061975,Cahuita,Parque Nacional,Cahuita,691597.223963026,17,629895.2479508367,1075862.1835110402,629895.2479509066,1075862.1835110402,6.996560841798782e-8,0,6.996560841798782e-8
708910371990,Cahuita,Parque Nacional,Cahuita,134046.98182880878,21,629481.9408414887,1074783.4164022296,629481.9408415582,1074783.416402229,6.949994713068008e-8,-4.656612873077393e-10,6.950150711748504e-8
G-0965066-2004,NO_APLICA,FUERA ASP,MOGOTE,3783.9365356936723,13,367682.52441546245,1181704.03520348,367682.52441539307,1181704.0352034804,-6.938353180885315e-8,4.656612873077393e-10,6.938509441302673e-8
L-0563823-1999,CAHUITA,PARQUE NACIONAL,CAHUITA,30428.145097218454,5,630682.6274132507,1072071.7807522684,630682.6274133197,1072071.7807522698,6.891787052154541e-8,1.3969838619232178e-9,6.89320276876792e-8
L-0729292-2001,CAHUITA,PARQUE NACIONAL,CAHUITA,45695.44769285433,8,630530.1960715826,1072663.2396717276,630530.1960716508,1072663.2396717283,6.82193785905838e-8,6.984919309616089e-10,6.822295439412618e-8
L-0656662-1986,CAHUITA,PARQUE NACIONAL,CAHUITA,333385.592715621,6,630138.049453834,1077577.4739105992,630138.0494539018,1077577.4739106034,6.7870132625103e-8,4.190951585769653e-9,6.799940424550303e-8
"L-0907365-1990
",CAHUITA,PARQUE NACIONAL,CAHUITA,271050.72337461263,37,627736.0631221827,1076049.7935526166,627736.0631222504,1076049.7935526175,6.763730198144913e-8,9.313225746154785e-10,6.764371353694096e-8
L-0709390-2001,CAHUITA,PARQUE NACIONAL,CAHUITA,30990.020681753755,5,630242.7291093156,1072777.7497573593,630242.7291093828,1072777.749757363,6.728805601596832e-8,3.725290298461914e-9,6.739109933971923e-8
G-0614888-1985,NO_HAY_DATOS,NO HAY DATOS,COLORADO,2709609.859108907,74,369391.6162679678,1129546.2918968848,369391.61626790185,1129546.2918968876,-6.594927981495857e-8,2.7939677238464355e-9,6.600843706492071e-8
L-0728332-2001,CAHUITA,PARQUE NACIONAL,CAHUITA,28203.848192419857,9,628974.5712802307,1075038.0992869688,628974.5712802956,1075038.0992869681,6.495974957942963e-8,-6.984919309616089e-10,6.496350480384987e-8
"L-0728335-2001
",CAHUITA,PARQUE NACIONAL,CAHUITA,89527.18111116067,25,627558.9968218353,1076304.4043903677,627558.9968218973,1076304.4043903719,6.204936653375626e-8,4.190951585769653e-9,6.21907385583633e-8
P-0081233-1992,NO_APLICA,FUERA ASP,CORREDORES,269366.86689359695,31,625555.3564639352,955894.9486033671,625555.3564639973,955894.9486033686,6.204936653375626e-8,1.5133991837501526e-9,6.206781987737129e-8
"L-0522635-1983
",CAHUITA,PARQUE NACIONAL,CAHUITA,214344.3694650354,21,630048.0145733262,1073442.3844283822,630048.0145733869,1073442.3844283824,6.065238267183304e-8,2.3283064365386963e-10,6.065282956201712e-8
G-0007618-1970,MIRAVALLES,ZONA PROTECTORA,FORTUNA,1328012.2493586307,11,371135.5356000682,1185793.3565389502,371135.5356000082,1185793.3565389502,-6.00120984017849e-8,0,6.00120984017849e-8
709201541990,Cauita,Parque Nacional,Cahuita,23684.429284490645,9,627394.2785107896,1076229.6099596194,627394.2785108495,1076229.6099596196,5.98374754190445e-8,2.3283064365386963e-10,5.98379283952359e-8
"A-0256263-1995
",MIRAVALLES,ZONA PROTECTORA,AGUAS_CLARAS,549409.4480760265,35,371881.89581528626,1189055.2020434272,371881.8958152265,1189055.2020434297,-5.977926775813103e-8,2.561137080192566e-9,5.983410630102084e-8
A-0103923-1993,NO_HAY_DATOS,NO HAY DATOS,AGUAS_CLARAS,299903.270302169,36,370485.43170910765,1190047.6404358274,370485.4317090484,1190047.640435831,-5.925539880990982e-8,3.4924596548080444e-9,5.9358230790362375e-8
P-0081234-1992,NO_APLICA,FUERA ASP,CORREDORES,189013.12165506184,74,625082.5403852463,955042.1999780354,625082.5403853052,955042.199978038,5.8906152844429016e-8,2.561137080192566e-9,5.8961803449985905e-8
202635651995,Miravalles,Zona Protectora,La Fortuna,984455.970227696,32,372121.8472286403,1187073.7398235574,372121.84722858254,1187073.739823564,-5.774199962615967e-8,6.51925802230835e-9,5.810885686355269e-8
G-0179012-1994,MIRAVALLES,ZONA PROTECTORA,FORTUNA,2346182.6580560952,10,373576.65117265657,1187185.7174656466,373576.65117260034,1187185.7174656475,-5.6228600442409515e-8,9.313225746154785e-10,5.623631272985564e-8
G-238541-1995,MIRAVALLES,ZONA PROTECTORA,FORTUNA,1417572.7774772495,116,372914.54868529754,1185981.6427749987,372914.5486852416,1185981.642775,-5.593756213784218e-8,1.3969838619232178e-9,5.595500354602284e-8
G-239830-1995,NO_HAY_DATOS,NO HAY DATOS,FORTUNA,484628.3018584505,103,372951.2351509104,1185255.4307742098,372951.23515085474,1185255.4307742096,-5.564652383327484e-8,-2.3283064365386963e-10,5.5647010924539776e-8
G-466934-1998,NO_HAY_DATOS,NO HAY DATOS,CANAS,978322.0956990697,28,375248.5355416039,1143853.230510679,375248.53554154903,1143853.2305106835,-5.4889824241399765e-8,4.423782229423523e-9,5.5067800523219745e-8
G-0295273-1978,MIRAVALLES,ZONA PROTECTORA,FORTUNA,179333.48731329097,19,373633.9446369151,1183120.254777868,373633.94463686115,1183120.2547778746,-5.3958501666784286e-08,6.51925802230835e-9,5.435090272742298e-8
215442272011,Miravalles,Zona Protectora,Aguas Claras,10160919.516550995,46,374302.34498995816,1189337.337974978,374302.34498990426,1189337.3379749819,-5.390029400587082e-8,3.958120942115784e-9,5.4045429180567426e-8
G-0155426-1993,MIRAVALLES,ZONA PROTECTORA,FORTUNA,385957.510081023,60,373472.585229048,1184774.9392545952,373472.5852289945,1184774.939254596,-5.349284037947655e-8,6.984919309616089e-10,5.3497400524154206e-8
"G-0039372-1992
",MIRAVALLES,ZONA PROTECTORA,FORTUNA,435397.869684265,24,374967.948609408,1183796.5690559095,374967.948609358,1183796.569055914,-5.00003807246685e-8,4.423782229423523e-9,5.0195696248036695e-8
P-1273236-2008,NO_APLICA,FUERA ASP,LEPANTO,47867.27332437664,20,376907.59358418453,1100804.5292582277,376907.5935841345,1100804.5292582274,-5.005858838558197e-8,-2.3283064365386963e-10,5.005912984926672e-8
G-1533912-2011,NO_HAY_DATOS,NO HAY DATOS,SAN_MIGUEL/POROZAL,7023346.990896561,70,374603.000101399,1141870.8593569396,374603.00010134897,1141870.8593569396,-5.005858838558197e-8,0,5.005858838558197e-8
600130811955,CAbo Blanco,Reserva Biologica,Paquera,1810946.2140718699,18,377725.0107722034,1059200.8997470958,377725.0107721533,1059200.8997470958,-5.005858838558197e-8,0,5.005858838558197e-8
P-0675279-2001,NO_APLICA,FUERA ASP,SAN_VITO,28070.150248161517,18,620897.2257430298,985698.4537438167,620897.2257430798,985698.4537438164,4.9942173063755035e-8,-3.4924596548080444e-10,4.994339418856575e-8
"G-0147667-1993
",MIRAVALLES,ZONA PROTECTORA,FORTUNA,2137817.1438159007,135,376829.0579567723,1183822.6688571894,376829.0579567225,1183822.6688571894,-4.976755008101463e-8,0,4.976755008101463e-8
G-0191130-1994,MIRAVALLES,ZONA PROTECTORA,BIJAGUA/FORTUNA,2976146.697139905,175,376187.7472948717,1185645.5631885726,376187.7472948225,1185645.5631885745,-4.9243681132793427e-8,1.862645149230957e-9,4.9278895872981865e-8
G-0982715-1992,MIRAVALLES,ZONA PROTECTORA,FORTUNA,809399.5816831365,113,375760.00998793513,1183891.7076094158,375760.00998788606,1183891.707609419,-4.9069058150053024e-8,3.259629011154175e-9,4.917720660045305e-8
605810031999,No aplica,Fuera AP,Lepanto,830.3901743022725,6,377764.9741431825,1101626.6731119412,377764.9741431336,1101626.6731119428,-4.889443516731262e-8,1.6298145055770874e-9,4.892159120115705e-8
P-0349454-1979,CABO_BLANCO,RESERVA NACIONAL ABSOLUTA,COBANO,15658.201090733404,23,379133.812532955,1059828.7862679532,379133.8125329105,1059828.7862679646,-4.4528860598802567e-8,1.1408701539039612e-8,4.596713931750024e-8
G-0683270-2001,NO_APLICA,FUERA ASP,JUNTAS,165791.0145267318,21,381012.7291506905,1137372.3600441779,381012.7291506451,1137372.3600441783,-4.540197551250458e-8,4.656612873077393e-10,4.5404363456308495e-8
500005491965,Miravalles,Zona Protectora,Bagaces,706525.4585266262,11,378935.0862293721,1183798.8117205587,378935.08622933,1183798.8117205629,-4.2084138840436935e-8,4.190951585769653e-9,4.229230210257462e-8
"G-0653804-2000
",NO_APLICA,FUERA ASP,PALMIRA,30369.146056101657,20,384199.35878886876,1176788.789949662,384199.3587888285,1176788.7899496618,-4.0279701352119446e-8,-2.3283064365386963e-10,4.028037426743398e-8
A-1350885-2009,MIRAVALLES,ZONA PROTECTORA,BIJAGUA,71788.88110414427,20,381021.9214554628,1187330.1024317886,381021.9214554228,1187330.1024317888,-3.998866304755211e-8,2.3283064365386963e-10,3.99893408602753e-8
P-0842338-1989,INTERNACIONAL_LA_AMISTAD,PARQUE NACIONAL,PITTIER,675463.4207568318,13,616866.6793332896,999423.2091502043,616866.6793333294,999423.2091502047,3.9814040064811707e-8,3.4924596548080444e-10,3.9815571815896806e-8
P-0557640-1999,NO_APLICA,FUERA ASP,SAN_VITO,2083.7028947403305,9,614600.4726529,977280.0790578831,614600.4726529393,977280.0790578842,3.923196345567703e-8,1.0477378964424133e-9,3.924595152735145e-8
L-0875187-1991,INTERNACIONAL_LA_AMISTAD,PARQUE NACIONAL,BRATSI,2994353.9622996105,20,614417.6607140573,1006629.1389265746,614417.6607140959,1006629.1389265782,3.864988684654236e-8,3.6088749766349792e-9,3.881800782945346e-8
G-7242-1972,GUANACASTE,PARQUE NACIONAL,CANAS,510271.27219107747,36,383467.34324415075,1168585.4084309633,383467.34324411326,1168585.4084309659,-3.748573362827301e-8,2.561137080192566e-9,3.757312402227655e-8
P-0557643-1999,NO_APLICA,FUERA ASP,SAN_VITO,53937.85915395316,38,615141.8106129586,977440.5987269125,615141.810612996,977440.5987269128,3.7369318306446075e-8,2.3283064365386963e-10,3.737004362851494e-8
L-0875186-1991,INTERNACIONAL_LA_AMISTAD,PARQUE NACIONAL,BRATSI,2273613.751861037,16,613190.0934363245,1006649.4735745472,613190.0934363608,1006649.4735745469,3.632158041000366e-8,-3.4924596548080444e-10,3.632325943833739e-8
G-1321226-2009,NO_APLICA,FUERA ASP,JUNTAS,37099.22224019462,16,385926.1929396498,1137358.4814110901,385926.1929396146,1137358.4814110976,-3.521563485264778e-8,7.450580596923828e-9,3.599516758269475e-8
P-0765581-2002,NO_APLICA,FUERA ASP,BIOLLEY,402661.4850818356,58,611329.9041088688,996876.2155142527,611329.9041089034,996876.2155142557,3.457535058259964e-8,3.026798367500305e-9,3.470758384369583e-8
L-0040299-1992,INTERNACIONAL_LA_AMISTAD,PARQUE NACIONAL,BRATSI,2805287.5411152295,6,613296.3807201176,1009971.9439896127,613296.380720152,1009971.9439896167,3.4458935260772705e-8,3.958120942115784e-9,3.468551485416556e-8
L-0040298-1992,INTERNACIONAL_LA_AMISTAD,PARQUE NACIONAL,BRATSI,2994723.091647319,13,613251.2872681634,1008324.1102166116,613251.2872681968,1008324.1102166137,3.341119736433029e-8,2.0954757928848267e-9,3.3476844655922964e-8
P-0633463-1986,INTERNACIONAL_LA_AMISTAD,PARQUE NACIONAL,POTRERO_GRANDE,851828.0890352791,56,611987.7848898458,999273.4939330664,611987.7848898789,999273.4939330674,3.317836672067642e-8,1.0477378964424133e-9,3.319490582832448e-8
514137422010,n/a,Fuera ASP,Las Juntas,265084.8108254485,52,385437.4987580397,1137457.2463788649,385437.49875800684,1137457.2463788653,-3.2887328416109085e-8,4.656612873077393e-10,3.28906249679679e-8
P-0765583-2002,NO_APLICA,FUERA ASP,BIOLLEY,83263.70274615288,45,610717.2484200777,997557.6361568321,610717.2484201087,997557.6361568369,3.096647560596466e-8,4.773028194904327e-9,3.133216254273165e-8
P-0210790-1994,INTERNACIONAL_LA_AMISTAD,PARQUE NACIONAL,POTRERO_GRANDE,694358.7839519181,11,609163.2569710974,999888.6611715733,609163.2569711285,999888.6611715761,3.1082890927791595e-8,2.7939677238464355e-9,3.120820988251144e-8
P-0557642-1999,NO_APLICA,FUERA ASP,SAN_VITO,21079.61982920992,18,614862.2485658242,977715.4445896044,614862.2485658553,977715.4445896033,3.1082890927791595e-8,-1.0477378964424133e-9,3.1100544418524745e-8
P-0635422-1986,INTERNACIONAL_LA_AMISTAD,PARQUE NACIONAL,POTRERO_GRANDE,1674690.4584775888,22,609427.7459208476,1006655.5968730985,609427.7459208784,1006655.5968731015,3.073364496231079e-8,3.026798367500305e-9,3.088233218244493e-8
P-0765582-2002,NO_APLICA,FUERA ASP,BIOLLEY,218786.0745730549,29,610241.2691918198,996922.387842583,610241.2691918502,996922.3878425825,3.0384398996829987e-8,-4.656612873077393e-10,3.038796707305476e-8
607894871989,Internacional la Amistad,Parque Nacional,POTRERO_GRANDE,1281069.9323377572,19,609028.8104279538,1005688.2322510158,609028.810427984,1005688.2322510163,3.015156835317612e-8,4.656612873077393e-10,3.0155163978840317e-8
"G-0536803-1984
",VOLCAN_TENORIO,PARQUE NACIONAL,CAÑAS,161920.71164040267,8,387070.644520896,1176392.0348257618,387070.644520866,1176392.034825762,-3.003515303134918e-8,2.3283064365386963e-10,3.003605546214729e-8
"G-0536804-1984
",TENORIO,ZONA PROTECTORA,CAÑAS,153967.58897133823,15,386636.06815740553,1176674.222292146,386636.0681573756,1176674.2222921462,-2.991873770952225e-8,2.3283064365386963e-10,2.9919643651618126e-8
"A-0398736-1980
",VOLCAN_TENORIO,PARQUE NACIONAL,BIJAGUA,1382131.69435779,25,388916.85730308446,1183446.5284449493,388916.8573030553,1183446.5284449507,-2.916203811764717e-8,1.3969838619232178e-9,2.9195479634449927e-8
"G-0016204-1973
",VOLCAN_TENORIO,PARQUE NACIONAL,AGUA_CALIENTE,231294.8672356587,30,389610.6790356439,1176745.6956746497,389610.6790356149,1176745.6956746522,-2.898741513490677e-8,2.561137080192566e-9,2.9100337787506166e-8
A-0095432-1993,VOLCAN_TENORIO,PARQUE NACIONAL,COTE,519050.3778383471,55,390703.16256962175,1176829.0157594404,390703.1625695934,1176829.0157594427,-2.8347130864858627e-8,2.3283064365386963e-9,2.8442588474536705e-8
G-0826195-2002,NO_APLICA,FUERA ASP,LIBANO,60399.7101248214,46,392708.60621815297,1146740.4120351193,392708.6062181281,1146740.4120351055,-2.4854671210050583e-8,-1.3737007975578308e-8,2.839824059833319e-8
G-0278769-1977,VOLCAN_TENORIO,PARQUE NACIONAL,TIERRAS_MORENAS,698651.4702050928,34,389660.5178323357,1174742.5462365423,389660.5178323078,1174742.5462365407,-2.7939677238464355e-8,-1.6298145055770874e-9,2.798717312470398e-8
A-0890784-1990,VOLCAN_TENORIO,PARQUE NACIONAL,BIJAGUA,764120.6229610406,61,388871.4243110044,1184811.9934710467,388871.42431097664,1184811.9934710467,-2.7765054255723953e-8,0,2.7765054255723953e-8
G-0608714-1985,NO_HAY_DATOS,NO HAY DATOS,CANAS/TIERRAS_MORENAS/COTE,1232817.6786162592,160,389800.2883638586,1176778.3950853941,389800.2883638309,1176778.3950853946,-2.7706846594810486e-8,4.656612873077393e-10,2.7710759438580142e-8
A-0723308-1988,NO_HAY_DATOS,NO HAY DATOS,COTE,576654.119215766,34,391790.3647397935,1175791.297570802,391790.36473976617,1175791.2975708023,-2.735760062932968e-8,2.3283064365386963e-10,2.735859138008615e-8
A-0104611-1993,NO_HAY_DATOS,NO HAY DATOS,COTE/SAN_RAFAEL,2419512.5326854885,55,392561.7946368623,1178924.631099859,392561.794636835,1178924.6310998604,-2.7299392968416214e-8,1.3969838619232178e-9,2.7335113322510418e-8
G-365437-1996,NO_HAY_DATOS,NO HAY DATOS,ARENAL,392620.54634924245,59,396205.0523570156,1170808.2175551238,396205.0523569885,1170808.2175551238,-2.7124769985675812e-8,0,2.7124769985675812e-8
G-0292247-1977,VOLCAN_TENORIO,PARQUE NACIONAL,TIERRAS_MORENAS,1772748.3667925652,59,390290.1844670852,1173709.7704910217,390290.1844670588,1173709.7704910228,-2.6368070393800735e-8,1.1641532182693481e-9,2.639375662932501e-8
G-392686-1980,VOLCAN_TENORIO,PARQUE NACIONAL,TIERRAS_MORENAS,731165.4935859144,54,392589.16924815654,1169936.001489027,392589.16924813023,1169936.0014890279,-2.6309862732887268e-8,9.313225746154785e-10,2.632634115788517e-8
G0845468-1990,VOLCAN_TENORIO,PARQUE NACIONAL,TIERRAS_MORENAS,781476.365352124,61,391060.66195095604,1173967.6039557583,391060.6619509302,1173967.6039557592,-2.584420144557953e-8,9.313225746154785e-10,2.5860976588243598e-8
A-0001287-1974,NO_HAY_DATOS,NO HAY DATOS,COTE,659793.3201617836,27,394975.001116054,1177216.8250569692,394975.0011160283,1177216.8250569706,-2.5727786123752594e-8,1.3969838619232178e-9,2.576568537299232e-8
G-0008871-1974,VOLCAN_TENORIO,PARQUE NACIONAL,COTE/TIERRAS_MORENAS,2811112.5123240966,82,393345.81677544164,1173252.0074232905,393345.8167754159,1173252.0074232908,-2.5727786123752594e-8,2.3283064365386963e-10,2.5728839634507047e-8
G-0003727-1971,VOLCAN_TENORIO,PARQUE NACIONAL,TIERRAS_MORENAS,1229330.5494457684,60,391884.9844489693,1170706.2966681274,391884.9844489438,1170706.2966681272,-2.5494955480098724e-8,-2.3283064365386963e-10,2.5496018611556595e-8
200016361966,Miravalles,Zona Protectora,Cote,2517840.104969479,24,395133.0929924942,1178324.8072510588,395133.09299246926,1178324.8072510622,-2.491287887096405e-8,3.4924596548080444e-9,2.515648640171733e-8
A-0021583-1975,VOLCAN_TENORIO,PARQUE NACIONAL,COTE,1398692.5314281061,102,392221.34549982834,1176973.6184758341,392221.34549980325,1176973.6184758341,-2.5087501853704453e-8,0,2.5087501853704453e-8
G-0783038-2002,NO_APLICA,FUERA ASP,LIBANO,26591.826101278886,24,393657.3393606683,1147786.3135030156,393657.3393606433,1147786.3135030165,-2.5029294192790985e-8,9.313225746154785e-10,2.5046615131136363e-8
A-0009362-1973,VOLCAN_TENORIO,PARQUE NACIONAL,BIJAGUA,935214.2178525067,43,391402.7078742202,1183322.167529324,391402.70787419524,1183322.167529326,-2.4971086531877518e-8,1.862645149230957e-9,2.5040459451345303e-8
P-0961074-1991,INTERNACIONAL_LA_AMISTAD,PARQUE NACIONAL,POTRERO_GRANDE,2973981.3274194673,25,606517.4142068472,1005321.1153285886,606517.4142068721,1005321.1153285876,2.491287887096405e-8,-1.0477378964424133e-9,2.4934901009207327e-8
G-0926201-2002,NO_APLICA,FUERA ASP,LIBANO,12756.031758918747,25,393441.7870071563,1146999.6045114119,393441.7870071316,1146999.6045114086,-2.468004822731018e-8,-3.259629011154175e-9,2.4894376107721887e-8
P-1629526-2013,NO_APLICA,FUERA ASP,PITTIER,490453.1477917917,64,603876.5658467544,990717.8308360783,603876.5658467792,990717.8308360772,2.4796463549137115e-8,-1.0477378964424133e-9,2.481858898574468e-8
P-0120035-1993,INTERNACIONAL_LA_AMISTAD,PARQUE NACIONAL,POTRERO_GRANDE,1636958.4547731802,57,606498.2819676572,1005656.6927764845,606498.281967682,1005656.6927764838,2.4796463549137115e-8,-6.984919309616089e-10,2.4806299512851652e-8
A-440976-1997,NO_HAY_DATOS,NO HAY DATOS,BIJAGUA,400284.06318958476,9,391691.05721361685,1184800.8365533869,391691.0572135921,1184800.836553387,-2.4738255888223648e-8,2.3283064365386963e-10,2.4739351537577864e-8
A-0362840-1979,VOLCAN_TENORIO,PARQUE NACIONAL,COTE,2205660.570520673,34,393549.65271782875,1174770.8725656513,393549.6527178043,1174770.8725656525,-2.444721758365631e-8,1.1641532182693481e-9,2.447491982210036e-8
507175692001,No aplica,Fuera,01,5035242.749129398,307,391539.9525361059,1137711.228356062,391539.95253608143,1137711.2283560613,-2.444721758365631e-8,-6.984919309616089e-10,2.4457194004224048e-8
G-495205-1983,VOLCAN_TENORIO,PARQUE NACIONAL,TIERRAS_MORENAS,444978.9481905438,44,393876.63184566284,1171369.55233923,393876.6318456386,1171369.5523392297,-2.421438694000244e-8,-2.3283064365386963e-10,2.421550629222493e-8
514088742010,No aplica,Fuera ASP,Libano,172170.88844195474,50,393100.3184906488,1146540.9809974693,393100.3184906247,1146540.9809974674,-2.4097971618175507e-8,-1.862645149230957e-9,2.4169850704179904e-8
A-21870-1974,VOLCAN_TENORIO,PARQUE NACIONAL,COTE,281739.77351406566,31,393735.6573412779,1175661.6236053137,393735.6573412542,1175661.6236053156,-2.3748725652694702e-8,1.862645149230957e-9,2.382165857111786e-8
A-0016404-1973,VOLCAN_TENORIO,PARQUE NACIONAL,COTE,2604614.7004490923,57,392514.6184998218,1174616.2083748898,392514.61849979806,1174616.2083748907,-2.3748725652694702e-8,9.313225746154785e-10,2.376697986419284e-8
G-479579-1982,VOLCAN_TENORIO,PARQUE NACIONAL,TIERRAS_MORENAS,1186384.7020524063,52,394411.1991038309,1171256.5578486347,394411.1991038073,1171256.5578486368,-2.3632310330867767e-8,2.0954757928848267e-9,2.3725031303941533e-8
"G-0616808-1986
",VOLCAN_TENORIO,PARQUE NACIONAL,TIERRAS_MORENAS,65988.27903042897,16,395399.9418152861,1170034.27752755,395399.9418152625,1170034.2775275512,-2.3632310330867767e-8,1.1641532182693481e-9,2.366096668122514e-8
"G-0547881-1984
",VOLCAN_TENORIO,PARQUE NACIONAL,TIERRA_MORENA,161710.90648769774,32,394526.2114599623,1169984.534535674,394526.2114599389,1169984.5345356746,-2.3399479687213898e-8,6.984919309616089e-10,2.340990261854915e-8
G-164522-1994,NO_HAY_DATOS,NO HAY DATOS,TIERRAS_MORENAS,749492.330047518,65,393388.1695265912,1171604.5167915204,393388.16952656803,1171604.5167915213,-2.3166649043560028e-8,9.313225746154785e-10,2.3185361537950388e-8
"A-0011657-1973
",VOLCAN_TENORIO,PARQUE NACIONAL,COTE,1433627.9747320898,52,394829.6062753385,1176464.2185940817,394829.60627531534,1176464.218594082,-2.3166649043560028e-8,2.3283064365386963e-10,2.316781901725117e-8
"A-0104610-1993
",VOLCAN_TENORIO,PARQUE NACIONAL,COTE/SAN_RAFAEL,2573861.120005967,48,391373.2132981368,1179287.8379863487,391373.21329811367,1179287.8379863496,-2.310844138264656e-8,9.313225746154785e-10,2.312720097359818e-8
A-21870-1974,VOLCAN_TENORIO,PARQUE NACIONAL,COTE,1273328.0199878681,56,394491.4138011759,1175465.2081820117,394491.4138011529,1175465.2081820124,-2.2992026060819626e-8,6.984919309616089e-10,2.3002633617893134e-8
G-1438071-2010,NO_APLICA,FUERA ASP,LIBANO,8697.97835552413,27,393465.5905263862,1147094.7603276172,393465.5905263638,1147094.760327619,-2.2409949451684952e-8,1.862645149230957e-9,2.2487224848322843e-8
"A-0010050-1975
",VOLCAN_TENORIO,PARQUE NACIONAL,COTE,1542495.2984554917,42,393712.4017780495,1177047.2721782504,393712.40177802707,1177047.2721782506,-2.2409949451684952e-8,2.3283064365386963e-10,2.2411158928884043e-8
G-0783041-2002,NO_APLICA,FUERA ASP,LIBANO,28945.647035051137,13,393640.81101665174,1147448.3520836022,393640.8110166296,1147448.352083602,-2.2118911147117615e-8,-2.3283064365386963e-10,2.2120136537614504e-8
G-735312-1988,VOLCAN_TENORIO,PARQUE NACIONAL,TIERRAS_MORENAS,459818.66750672273,35,395949.12894407107,1169850.4701033165,395949.12894404907,1169850.470103318,-2.200249582529068e-8,1.6298145055770874e-9,2.2062776748735034e-8
A-0011299-1973,NO_HAY_DATOS,NO HAY DATOS,SAN_RAFAEL,1752075.3446454406,51,395476.6894623964,1181459.5220014148,395476.6894623746,1181459.5220014162,-2.176966518163681e-8,1.3969838619232178e-9,2.181444214347559e-8
"A-0011658-1973
",VOLCAN_TENORIO,PARQUE NACIONAL,COTE,1629362.9101776523,53,395106.39084215387,1175678.5798696082,395106.3908421321,1175678.5798696084,-2.176966518163681e-8,2.3283064365386963e-10,2.1770910229689396e-8
A-167470-1994,NO_HAY_DATOS,NO HAY DATOS,COTE,1033053.650546871,44,392246.83243260486,1175839.3784516354,392246.8324325832,1175839.378451635,-2.1653249859809875e-8,-4.656612873077393e-10,2.1658256391636274e-8
A-0011298-1973,VOLCAN_TENORIO,PARQUE NACIONAL,SAN_RAFAEL,1875711.0875954765,47,394532.4351507275,1180990.9724823264,394532.4351507062,1180990.972482326,-2.130400389432907e-8,-4.656612873077393e-10,2.1309092481006445e-8
619223032016,No aplica,Fuera ASP,Potrero Grande,65621.63167413477,38,602527.9990174297,1009180.7388228952,602527.9990174508,1009180.7388228967,2.1187588572502136e-8,1.5133991837501526e-9,2.124156977737283e-8
G-616807-1986,VOLCAN_TENORIO,PARQUE NACIONAL,TIERRAS_MORENAS,244125.35693973722,31,395653.02927150315,1169408.0408031505,395653.02927148197,1169408.0408031514,-2.1187588572502136e-8,9.313225746154785e-10,2.1208047323023673e-8
G-0922206-1990,NO_APLICA,FUERA ASP,TILARAN,26823.82205953046,17,397181.1179814335,1155648.4790744013,397181.11798141256,1155648.4790744018,-2.0954757928848267e-8,4.656612873077393e-10,2.095993130454216e-8
A-0007445-1974,NO_HAY_DATOS,NO HAY DATOS,SAN_RAFAEL,2492403.0887780115,52,395603.5300478866,1179700.8311201336,395603.53004786593,1179700.8311201355,-2.066371962428093e-8,1.862645149230957e-9,2.0747499985850015e-8
A-0008859-1974,VOLCAN_TENORIO,PARQUE NACIONAL,SAN_RAFAEL/COTE,1581338.3399449587,29,396108.4615351097,1177980.7495451728,396108.4615350892,1177980.7495451733,-2.0489096641540527e-8,4.656612873077393e-10,2.0494387563937704e-8
G-1240245-2007,NO_APLICA,FUERA ASP,QUEBRADA_GRANDE,8047.792683993466,28,397624.82651634404,1152936.1264230048,397624.8265163237,1152936.126423004,-2.0314473658800125e-8,-6.984919309616089e-10,2.032647856889389e-8
600280141976,Internacional la Amistad,Parque Nacional,Potrero Grande,1644999.9745796132,99,600447.7956175221,1004493.3773289172,600447.7956175423,1004493.3773289177,2.0256265997886658e-8,5.820766091346741e-10,2.0264627441826828e-8
"A-0522704-1983
",VOLCAN_TENORIO,PARQUE NACIONAL,COTE,665093.8527734056,31,398779.80522296974,1176797.303241473,398779.8052229499,1176797.3032414769,-1.9848812371492386e-8,3.958120942115784e-9,2.0239616447727578e-8
A-0008861-1974,VOLCAN_TENORIO,PARQUE NACIONAL,COTE,499683.65861871844,27,396140.05152817036,1176611.3436595001,396140.05152815016,1176611.3436595006,-2.019805833697319e-8,4.656612873077393e-10,2.0203425477336e-8
"A-0917735-2004
",NO_APLICA,FUERA ASP,COTE,362583.8587169852,62,402895.5404595618,1177970.412504874,402895.54045954166,1177970.4125048737,-2.0139850676059723e-8,-2.3283064365386963e-10,2.014119647296574e-8
A-0877373-1990,VOLCAN_TENORIO,PARQUE NACIONAL,COTE,258140.3086093398,46,400128.5520254055,1175783.1320612524,400128.5520253854,1175783.1320612521,-2.0139850676059723e-8,-2.3283064365386963e-10,2.014119647296574e-8
G-523142-1983,VOLCAN_TENORIO,PARQUE NACIONAL,TIERRAS_MORENAS,11328.034726687916,12,395541.3295467933,1170170.010670985,395541.3295467733,1170170.0106709853,-2.0023435354232788e-8,2.3283064365386963e-10,2.0024788975012043e-8
A-013234-1973,NO_HAY_DATOS,NO HAY DATOS,COTE,1797557.4916336443,13,397506.61839489767,1178117.144592919,397506.6183948777,1178117.1445929192,-1.996522769331932e-8,2.3283064365386963e-10,1.9966585260246905e-8
P-0573834-1999,INTERNACIONAL_LA_AMISTAD,PARQUE NACIONAL,POTRERO_GRANDE,1049110.4786747359,74,601366.5245516892,1009106.7905961713,601366.5245517091,1009106.790596172,1.9907020032405853e-8,6.984919309616089e-10,1.99192705074314e-8
"G-0341793-1979
",VOLCAN_TENORIO,PARQUE NACIONAL,TIERRAS_MORENAS,173831.2550811777,24,394638.0166256704,1170197.2987013073,394638.0166256506,1170197.298701309,-1.9848812371492386e-8,1.6298145055770874e-9,1.9915613168599622e-8
A-0013235-1973,VOLCAN_TENORIO,PARQUE NACIONAL,COTE,1233154.4885922028,21,397705.4936342919,1176731.7072384858,397705.4936342721,1176731.7072384863,-1.9848812371492386e-8,4.656612873077393e-10,1.985427392258922e-8
G-1513329-2011,NO_APLICA,FUERA ASP,QUEBRADA_GRANDE,32474.035577038303,32,397867.8280509908,1153321.9075006219,397867.828050971,1153321.907500622,-1.9848812371492386e-8,2.3283064365386963e-10,1.98501779001432e-8
P-1124915-2007,NO_APLICA,FUERA ASP,BIOLLEY,123542.77142908439,41,600051.4810073315,993544.8641804198,600051.4810073512,993544.8641804206,1.9674189388751984e-8,8.149072527885437e-10,1.9691058933818884e-8
P-0015639-2022,LA AMISTAD,PARQUE NACIONAL,POTRERO GRANDE,2019632.4454999156,82,603113.5115224178,1010431.2664810037,603113.5115224374,1010431.266481004,1.9674189388751984e-8,2.3283064365386963e-10,1.9675567036634686e-8
P-08456144-1989,INTERNACIONAL_LA_AMISTAD,PARQUE NACIONAL,POTRERO_GRANDE,1006951.01923424,29,600933.5215130168,1008706.8496168152,600933.5215130363,1008706.8496168155,1.955777406692505e-8,2.3283064365386963e-10,1.9559159914513463e-8
A-295585-1996,VOLCAN_TENORIO,PARQUE NACIONAL,COTE,313378.3193528317,63,398215.5790518476,1177203.2289297988,398215.5790518282,1177203.2289298002,-1.9441358745098114e-8,1.3969838619232178e-9,1.9491485160604794e-8
P-0013701-1975,INTERNACIONAL_LA_AMISTAD,PARQUE NACIONAL,POTRERO_GRANDE,2713381.4959665835,29,600820.5009777002,1006350.1781077912,600820.5009777196,1006350.1781077917,1.932494342327118e-8,4.656612873077393e-10,1.9330552986066618e-08
G-1512509-2011,NO_APLICA,FUERA ASP,QUEBRADA_GRANDE,4524.405307347246,14,397726.8478322989,1153494.1324486593,397726.8478322797,1153494.1324486595,-1.9208528101444244e-8,2.3283064365386963e-10,1.920993914442723e-8
G-1240247-2007,NO_APLICA,FUERA ASP,QUEBRADA_GRANDE,5729.061776774004,14,397898.60792392667,1153112.5696467226,397898.6079239075,1153112.5696467222,-1.9150320440530777e-8,-4.656612873077393e-10,1.9155981139307588e-8
P-0357829-1996,INTERNACIONAL_LA_AMISTAD,PARQUE NACIONAL,POTRERO_GRANDE,714016.2733961856,78,600324.3836061768,1009821.0178324163,600324.3836061958,1009821.0178324176,1.8975697457790375e-8,1.280568540096283e-9,1.9018857741606787e-8
"A-0532866-1998
",NO_APLICA,FUERA ASP,BUENAVISTA,22084.79112449813,8,403526.6159869825,1184660.4130013196,403526.6159869641,1184660.4130013213,-1.83936208486557e-8,1.6298145055770874e-9,1.8465686644332812e-8
P-0845613-1989,INTERNACIONAL_LA_AMISTAD,PARQUE NACIONAL,POTRERO_GRANDE,1088743.5869949907,31,600639.0106752047,1007615.7135621753,600639.0106752231,1007615.7135621769,1.83936208486557e-8,1.6298145055770874e-9,1.8465686644332812e-8
A-0332985-1979,NO_HAY_DATOS,NO HAY DATOS,SAN_RAFAEL,230010.37655945416,17,397224.5765114805,1181301.222461747,397224.5765114621,1181301.2224617463,-1.83936208486557e-8,-6.984919309616089e-10,1.8406878575731416e-8
A-456556-1981,VOLCAN_TENORIO,PARQUE NACIONAL,SAN_RAFAEL,848262.2728060068,45,398457.48070646607,1179670.4713246506,398457.4807064478,1179670.4713246499,-1.8277205526828766e-8,-6.984919309616089e-10,1.829054763662254e-8
"A-0983387-1991
",VOLCAN_TENORIO,PARQUE NACIONAL,COTE,156988.4017567709,26,399444.53706355696,1177023.6492568576,399444.5370635388,1177023.6492568578,-1.816079020500183e-8,2.3283064365386963e-10,1.816228264780379e-8
"A-1596917-2012
",NO_APLICA,FUERA ASP,UPALA,38651.22215458898,37,398641.58453560347,1192751.3986793954,398641.5845355854,1192751.3986793966,-1.8044374883174896e-8,1.1641532182693481e-9,1.8081889216565837e-8
"A-0135805-1993
",VOLCAN_TENORIO,PARQUE NACIONAL,COTE,262711.5796692632,45,399072.9281851006,1176396.7983405541,399072.9281850826,1176396.7983405539,-1.798616722226143e-8,-2.3283064365386963e-10,1.7987674153591277e-8
A-0877371-1990,NO_HAY_DATOS,NO HAY DATOS,COTE,491188.28274958767,73,400461.8465544655,1176824.3556317796,400461.8465544479,1176824.3556317766,-1.7578713595867157e-8,-3.026798367500305e-9,1.7837395551005404e-8
P-0366524-1979,INTERNACIONAL_LA_AMISTAD,PARQUE NACIONAL,POTRERO_GRANDE,1187544.234707214,35,598586.548725575,1007247.3260180259,598586.5487255921,1007247.3260180275,1.7113052308559418e-8,1.6298145055770874e-9,1.719048732986009e-8
"A-0917736-2004
",NO_APLICA,FUERA ASP,COTE,45393.18325470909,26,403178.13794577593,1176942.495078474,403178.1379457589,1176942.4950784722,-1.705484464764595e-8,-1.862645149230957e-9,1.7156257543744536e-8
P-0678129-1987,INTERNACIONAL_LA_AMISTAD,PARQUE NACIONAL,POTRERO_GRANDE,113234.5735903671,34,598762.2042431947,1005996.7840300278,598762.2042432118,1005996.7840300279,1.7113052308559418e-8,1.1641532182693481e-10,1.7113448274460846e-8
G-0922207-1990,NO_APLICA,FUERA ASP,TILARAN,101602.94064780223,30,397473.2760527259,1155490.4739940343,397473.27605270915,1155490.4739940336,-1.6763806343078613e-8,-6.984919309616089e-10,1.677835194784819e-8
A-0877376-1990,VOLCAN_TENORIO,PARQUE NACIONAL,COTE,49406.60294030722,20,400751.3830448241,1175399.1167721527,400751.38304480887,1175399.1167721516,-1.525040715932846e-8,-1.1641532182693481e-9,1.5294775946083802e-8
"A-0644250-2000
",NO_APLICA,FUERA ASP,SAN_RAFAEL,14436.126779420301,30,407080.9955763913,1180737.4931676448,407080.99557637767,1180737.4931676458,-1.3620592653751373e-8,9.313225746154785e-10,1.365239561313011e-8
A-470166-1982,VOLCAN_TENORIO,PARQUE NACIONAL,COTE,796759.9004631825,31,400184.5500830273,1177572.0305178422,400184.55008301383,1177572.0305178415,-1.3445969671010971e-8,-6.984919309616089e-10,1.3464100095118327e-8
500499211963,Arenal,Parque Nacional,Tronadora,207228.62096497975,17,415639.2215178109,1149345.2484819458,415639.22151779936,1149345.2484819524,-1.1525116860866547e-8,6.51925802230835e-9,1.3241187402120029e-8
P-0053545-1992,PIEDRAS_BLANCAS,PARQUE NACIONAL,GOLFITO,378559.5605468154,5,588706.723021224,966406.7414445253,588706.7230212368,966406.7414445285,1.280568540096283e-8,3.14321368932724e-9,1.3185801867357431e-8
G-0575807-1985,VOLCAN_ARENAL,PARQUE NACIONAL,TRONADORA,98175.34243088216,13,410959.55458021205,1148690.0505384537,410959.55458019994,1148690.0505384535,-1.210719347000122e-8,-2.3283064365386963e-10,1.2109432019242871e-8
P-0451522-1981,PIEDRAS_BLANCAS,PARQUE NACIONAL,SIERPE,823675.5262786895,22,584233.1390395853,961070.3109716634,584233.139039597,961070.3109716652,1.1757947504520416e-8,1.7462298274040222e-9,1.1886910789989692e-8
"A-0439414-1997
",NO_APLICA,FUERA ASP,SAN_RAFAEL,45884.77094817032,10,406617.2980501898,1180764.9080051105,406617.2980501781,1180764.9080051112,-1.1699739843606949e-8,6.984919309616089e-10,1.1720571802847437e-8
G-0956585-1993,PARQUE_NACIONAL,PARQUE NACIONAL,TRONADORA,147160.37164780032,37,409690.7819869897,1150524.430387368,409690.78198697825,1150524.430387368,-1.146690919995308e-8,0,1.146690919995308e-8
P-0282890-1977,PIEDRAS_BLANCAS,PARQUE NACIONAL,SIERPE,601482.1875711851,33,585512.5677708157,961083.7778144428,585512.567770827,961083.7778144414,1.1292286217212677e-8,-1.3969838619232178e-9,1.1378369475541093e-8
"A-0804889-1992
",VOLCAN_TENORIO,PARQUE NACIONAL,COTE,472102.9692311371,26,399602.3723737111,1175585.3748629005,399602.3723736999,1175585.3748629012,-1.1175870895385742e-8,6.984919309616089e-10,1.1197677493478217e-8
"A-0533004-1998
",NO_APLICA,FUERA ASP,BUENAVISTA,597633.1057701408,41,405349.37960086553,1182829.2003839887,405349.3796008546,1182829.2003839873,-1.0943040251731873e-8,-1.3969838619232178e-9,1.1031849068107208e-8
G-0949322-1992,VOLCAN_ARENAL,PARQUE NACIONAL,TRONADORA,231620.5875018768,69,409599.8630256623,1149889.683654408,409599.86302565184,1149889.6836544094,-1.0477378964424133e-8,1.3969838619232178e-9,1.057010093966142e-8
P-0211653-1994,PIEDRAS_BLANCAS,PARQUE NACIONAL,GOLFITO,778797.1791910594,43,586099.4221152645,956976.7723262588,586099.4221152749,956976.7723262602,1.0477378964424133e-8,1.3969838619232178e-9,1.057010093966142e-8
P-0023195-1991,PIEDRAS_BLANCAS,PARQUE NACIONAL,GOLFITO,507401.448226884,54,583511.3359839277,961187.3294866902,583511.3359839381,961187.3294866921,1.0360963642597198e-8,1.862645149230957e-9,1.052706105972482e-8
G-0956583-1993,VOLCAN_ARENAL,PARQUE NACIONAL,TRONADORA,133853.93936488032,24,408947.5426925306,1151550.0660207747,408947.54269252013,1151550.0660207742,-1.0477378964424133e-8,-4.656612873077393e-10,1.0487721887934216e-8
G-0954937-1992,VOLCAN_ARENAL,PARQUE NACIONAL,TRONADORA,316659.91126972437,26,409017.4708093391,1149629.2538254652,409017.4708093287,1149629.2538254655,-1.0360963642597198e-8,2.3283064365386963e-10,1.0363579387057606e-8
P-0335129-1996,PIEDRAS_BLANCAS,PARQUE NACIONAL,GOLFITO,178461.8185340762,29,586754.3737831811,959167.6648561343,586754.3737831914,959167.6648561342,1.0360963642597198e-8,-1.1641532182693481e-10,1.0361617640618528e-8
"A-1327427-2009
",CAÑO_NEGRO,REFUGIO NACIONAL DE VIDA SILVESTRE,CAÑO_NEGRO,340822.9401577916,77,410002.4146037503,1205532.3344009568,410002.41460374,1205532.3344009563,-1.0302755981683731e-8,-4.656612873077393e-10,1.0313274031684458e-8
P-0009501-1991,PIEDRAS_BLANCAS,PARQUE NACIONAL,GOLFITO,623647.8640228175,40,586017.6193181643,963921.3870956365,586017.6193181745,963921.3870956366,1.0244548320770264e-8,1.1641532182693481e-10,1.024520975011019e-8
606458491986,Golfito,Refugio de Vida Silvestre,Golfito,2428356.76979037,73,588742.0914304464,955734.7158200615,588742.0914304565,955734.7158200612,1.0128132998943329e-8,-3.4924596548080444e-10,1.0134152692193335e-8
P-0204637-1994,GOLFO_DULCE,RESERVA FORESTAL,PUERTO_JIMENEZ,706276.6530245916,56,570230.1311758946,939911.3161354308,570230.1311759048,939911.3161354306,1.0128132998943329e-8,-2.3283064365386963e-10,1.0130808859755921e-8
P-0039743-1992,PIEDRAS_BLANCAS,PARQUE NACIONAL,GOLFITO,50057.68690701248,8,584435.1787805478,959447.03776384,584435.1787805579,959447.0377638399,1.0128132998943329e-8,-1.1641532182693481e-10,1.0128802030420028e-8
P-1771992-2014,NO_APLICA,FUERA ASP,PUNTARENAS,594.5525999993552,5,410840.50773332076,1103733.0292864619,410840.50773331063,1103733.0292864619,-1.0128132998943329e-8,0,1.0128132998943329e-8
P-0089590-1992,PIEDRAS_BLANCAS,PARQUE NACIONAL,GOLFITO,289404.3602002831,8,584690.7980921391,963940.3023021967,584690.7980921492,963940.3023021967,1.0128132998943329e-8,0,1.0128132998943329e-8
P-0129901-1993,GOLFO_DULCE,RESERVA FORESTAL,PUERTO_JIMENEZ,6485.24851023918,5,570248.4519848891,937374.7042214145,570248.4519848992,937374.7042214145,1.0128132998943329e-8,0,1.0128132998943329e-8
P-0023548-1992,PIEDRAS_BLANCAS,PARQUE NACIONAL,GOLFITO,78591.13757680543,14,584827.501076883,966299.2421850954,584827.5010768932,966299.2421850954,1.0128132998943329e-8,0,1.0128132998943329e-8
P-0358162-1979,NO_HAY_DATOS,NO HAY DATOS,SIERPE,180678.29402402043,12,585484.0553557404,965633.1454295594,585484.0553557505,965633.1454295594,1.0128132998943329e-8,0,1.0128132998943329e-8
603019321978,Piedras Blancas,Parque Nacional,Golfito,1716455.789954584,38,583870.2152392442,964715.8566596074,583870.2152392543,964715.8566596074,1.0128132998943329e-8,0,1.0128132998943329e-8
P-0578002-1985,PIEDRAS_BLANCAS,PARQUE NACIONAL,GOLFITO,1591631.8128307352,105,586813.7574380717,959944.1984994843,586813.7574380817,959944.1984994832,1.0011717677116394e-8,-1.1641532182693481e-9,1.0079173753929027e-8
P-0198090-1994,PIEDRAS_BLANCAS,PARQUE NACIONAL,PALMAR,452365.42589699756,65,586671.8662589435,962186.0934260283,586671.8662589535,962186.0934260275,1.0011717677116394e-8,-8.149072527885437e-10,1.0044827757454693e-8
P-0030587-1992,GOLFO_DULCE,RESERVA FORESTAL,PUERTO_JIMENEZ,1343629.790687954,96,568851.4977111119,938668.4332748709,568851.4977111219,938668.4332748714,1.0011717677116394e-8,5.820766091346741e-10,1.0028624233920952e-8
P-0040165-1992,PIEDRAS_BLANCAS,PARQUE NACIONAL,GOLFITO,558821.3887753002,58,584485.5135186778,959671.6910700056,584485.5135186878,959671.691070006,1.0011717677116394e-8,3.4924596548080444e-10,1.0017807324494193e-8
P-0508025-1983,PIEDRAS_BLANCAS,PARQUE NACIONAL,GOLFITO,1571267.9205953244,173,580242.5453021238,961233.299850178,580242.5453021338,961233.2998501783,1.0011717677116394e-8,3.4924596548080444e-10,1.0017807324494193e-8
611864992007,No aplica,Fuera ASP,Guaycara,167196.73184819147,43,594081.3005382968,964395.3106828629,594081.3005383068,964395.3106828632,1.0011717677116394e-8,3.4924596548080444e-10,1.0017807324494193e-8
P-0885825-1990,PIEDRAS_BLANCAS,PARQUE NACIONAL,GOLFITO,2356270.07784748,38,581772.4866615979,962298.4331743881,581772.4866616079,962298.4331743879,1.0011717677116394e-8,-2.3283064365386963e-10,1.0014424644227404e-8
P-0033875-1992,PIEDRAS_BLANCAS,PARQUE NACIONAL,GOLFITO,191964.87332877517,13,585372.2034484159,962470.3066445169,585372.2034484259,962470.3066445166,1.0011717677116394e-8,-2.3283064365386963e-10,1.0014424644227404e-8
603252031978,Piedras Blancas,Parque Nacional,Golfito,812366.7506326688,45,581872.2437449272,969075.2834259308,581872.2437449372,969075.283425931,1.0011717677116394e-8,2.3283064365386963e-10,1.0014424644227404e-8
A-995387-1991,CAÑO NEGRO,REFUGIO MIXTO,Buenavista,2976128.3381671915,34,412549.94772110647,1198675.2100019902,412549.94772109645,1198675.2100019904,-1.0011717677116394e-8,2.3283064365386963e-10,1.0014424644227404e-8
P-0662809-1986,PIEDRAS_BLANCAS,PARQUE NACIONAL,GOLFITO,1771384.6130036898,65,585706.8047657111,964875.7967442687,585706.8047657211,964875.7967442689,1.0011717677116394e-8,1.1641532182693481e-10,1.0012394487506021e-8
P-0051957-1961,PIEDRAS_BLANCAS,PARQUE NACIONAL,PALMAR,1146222.1425444612,15,583206.990228143,969431.4854342719,583206.9902281531,969431.4854342717,1.0011717677116394e-8,-1.1641532182693481e-10,1.0012394487506021e-8
P-0124263-1993,GOLFO_DULCE,RESERVA FORESTAL,PUERTO_JIMENEZ,402095.60879034735,21,571738.5015670235,939648.5937013889,571738.5015670335,939648.593701389,1.0011717677116394e-8,1.1641532182693481e-10,1.0012394487506021e-8
P-0054427-1992,PIEDRAS_BLANCAS,PARQUE NACIONAL,GOLFITO,230278.28653294913,23,590858.8389131353,964867.0604077687,590858.8389131454,964867.0604077686,1.0011717677116394e-8,-1.1641532182693481e-10,1.0012394487506021e-8
P-0045177-1992,PIEDRAS_BLANCAS,PARQUE NACIONAL,GOLFITO,370272.0819553747,27,584631.9579055038,961991.244269093,584631.9579055138,961991.2442690931,1.0011717677116394e-8,1.1641532182693481e-10,1.0012394487506021e-8
P-0129901-1993,GOLFO_DULCE,RESERVA FORESTAL,PUERTO_JIMENEZ,789043.5399531499,35,569931.687121989,937911.2755614029,569931.687121999,937911.2755614029,1.0011717677116394e-8,0,1.0011717677116394e-8
P-0025843-1992,PIEDRAS_BLANCAS,PARQUE NACIONAL,GOLFITO,484167.3923239261,15,586202.4351325575,966520.6704155811,586202.4351325675,966520.6704155811,1.0011717677116394e-8,0,1.0011717677116394e-8
P-0345298-1979,PIEDRAS_BLANCAS,PARQUE NACIONAL,SIERPE,774832.693856562,45,584061.5312067913,969837.4245399367,584061.5312068013,969837.4245399367,1.0011717677116394e-8,0,1.0011717677116394e-8
P-2087346-2018,FUERA ASP,NO APLICA,POTRERO,1448.8639456313103,5,590396.4585400667,996551.3628016999,590396.4585400767,996551.3628016999,1.0011717677116394e-8,0,1.0011717677116394e-8
P-0141934-1993,PIEDRAS_BLANCAS,PARQUE NACIONAL,GOLFITO,217326.7652691938,28,590338.5535980103,964644.4756119853,590338.5535980202,964644.4756119867,9.89530235528946e-9,1.3969838619232178e-9,9.993426470088776e-9
A-0956567-1993,VOLCAN_ARENAL,PARQUE NACIONAL,TRONADERA,373895.2922031898,46,411168.8789930071,1150316.1642666126,411168.87899299717,1150316.164266613,-9.953510016202927e-9,4.656612873077393e-10,9.964396724195053e-9
A-0461282-1982,VOLCAN_TENORIO,PARQUE NACIONAL,COTE,628209.2384762096,22,401400.3093881377,1177306.7711596782,401400.30938812776,1177306.7711596785,-9.953510016202927e-9,2.3283064365386963e-10,9.95623280921435e-9
P-0451521-1981,PIEDRAS_BLANCAS,PARQUE NACIONAL,GOLFITO,498579.61359778047,11,584057.3282501474,960550.5775747813,584057.3282501572,960550.5775747829,9.778887033462524e-9,1.6298145055770874e-9,9.913774605860826e-9
P-0009058-1969,PIEDRAS_BLANCAS,PARQUE NACIONAL,SIERPE,152112.2306250626,27,591341.7627207839,964652.9359315553,591341.7627207938,964652.9359315559,9.89530235528946e-9,5.820766091346741e-10,9.91240747152269e-9
611635142007,PIEDRAS_BLANCAS,PARQUE NACIONAL,01,1272293.5402868316,80,579329.7176255989,961889.1977343656,579329.7176256088,961889.197734365,9.89530235528946e-9,-5.820766091346741e-10,9.91240747152269e-9
"A-1327425-2009
",CAÑO_NEGRO,REFUGIO NACIONAL DE VIDA SILVESTRE,CAÑO_NEGRO,980391.9854611994,128,409508.59997929144,1205007.9958776415,409508.59997928154,1205007.9958776413,-9.89530235528946e-9,-2.3283064365386963e-10,9.898041160311539e-9
P-0017454-1973,PIEDRAS_BLANCAS,PARQUE NACIONAL,SIERPE,732433.6087902673,35,588726.7899888016,966087.7969569906,588726.7899888115,966087.7969569908,9.89530235528946e-9,2.3283064365386963e-10,9.898041160311539e-9
"A-0461281-1982
",VOLCAN_TENORIO,PARQUE NACIONAL,COTE,16046.69629745878,7,400605.02328286786,1175693.278784028,400605.02328285796,1175693.2787840278,-9.89530235528946e-9,-2.3283064365386963e-10,9.898041160311539e-9
P-0325260-1978,GOLFO_DULCE,RESERVA FORESTAL,SIERPE,2197133.7144189794,51,570128.3714426544,972587.7779685052,570128.3714426643,972587.7779685053,9.89530235528946e-9,1.1641532182693481e-10,9.895987127606482e-9
G-0008817-1992,VOLCAN_ARENAL,PARQUE NACIONAL,TRONADORA,358367.3700940423,47,410757.7434164708,1149853.8142631853,410757.74341646093,1149853.8142631853,-9.89530235528946e-9,0,9.89530235528946e-9
P-0129900-1993,GOLFO_DULCE,RESERVA FORESTAL,PUERTO_JIMENEZ,896352.4702598955,87,570476.2623609555,939239.3695286224,570476.2623609654,939239.3695286224,9.89530235528946e-9,0,9.89530235528946e-9
P-0980328-1991,NO_APLICA,FUERA ASP,GAYCARA,721.3119683578698,6,589676.0292945241,962994.2501017335,589676.029294534,962994.2501017335,9.89530235528946e-9,0,9.89530235528946e-9
P-0021980-1991,PIEDRAS_BLANCAS,PARQUE NACIONAL,GOLFITO,169536.61155442946,15,588320.8584938605,966658.2256392849,588320.8584938702,966658.2256392837,9.778887033462524e-9,-1.280568540096283e-9,9.862377370548433e-9
A-0861742-1991,VOLCAN_ARENAL,PARQUE NACIONAL,PENAS_BLANCAS,391228.46400153264,17,414941.1022437567,1147995.2591755283,414941.10224374686,1147995.259175528,-9.837094694375992e-9,-2.3283064365386963e-10,9.83984970082087e-9
P-0913044-1990,PIEDRAS_BLANCAS,PARQUE NACIONAL,GOLFITO,802497.6818552911,30,586024.4597645925,961595.4781561807,586024.4597646022,961595.4781561812,9.778887033462524e-9,4.656612873077393e-10,9.789967928840145e-9
P-0056961-1992,PIEDRAS_BLANCAS,PARQUE NACIONAL,GOLFITO,1167654.6493386715,68,587133.8114226551,961758.1118335344,587133.8114226649,961758.1118335341,9.778887033462524e-9,-3.4924596548080444e-10,9.785121581136644e-9
P-0154561-1993,GOLFO_DULCE,RESERVA FORESTAL,PUERTO_JIMENEZ,246048.82340736873,33,570956.4889521789,940141.4397524444,570956.4889521886,940141.4397524447,9.778887033462524e-9,3.4924596548080444e-10,9.785121581136644e-9
P-0043341-1992,PIEDRAS_BLANCAS,PARQUE NACIONAL,GOLFITO,153593.1305294803,25,574290.0414721111,962957.1761218247,574290.0414721209,962957.176121825,9.778887033462524e-9,3.4924596548080444e-10,9.785121581136644e-9
604221941997,Piedras Blancas,Parque Nacional,Golfito,2023097.5127299624,62,583963.0045160843,958640.0543919577,583963.0045160941,958640.054391958,9.778887033462524e-9,3.4924596548080444e-10,9.785121581136644e-9
P-0037835-1992,PIEDRAS_BLANCAS,PARQUE NACIONAL,GOLFITO,145815.18885719404,20,583967.1449252558,960196.3207818166,583967.1449252656,960196.3207818164,9.778887033462524e-9,-2.3283064365386963e-10,9.781658434122803e-9
P-0015098-1991,PIEDRAS_BLANCAS,PARQUE NACIONAL,GOLFITO,46946.452584944665,10,586430.2538784943,964234.7128825998,586430.253878504,964234.7128825997,9.778887033462524e-9,-1.1641532182693481e-10,9.779579957256731e-9
P-0553236-1999,GOLFO_DULCE,RESERVA FORESTAL,SIERPE,210116.3063987852,62,569577.6758563153,970615.020368212,569577.6758563251,970615.0203682121,9.778887033462524e-9,1.1641532182693481e-10,9.779579957256731e-9
P-0396549-1980,NO_HAY_DATOS,NO HAY DATOS,GOLFITO,1313121.7674220856,60,585956.9166084897,958417.4767069004,585956.9166084995,958417.4767069004,9.778887033462524e-9,0,9.778887033462524e-9
"A-0461281-1982
",VOLCAN_TENORIO,PARQUE NACIONAL,COTE,361990.121556127,16,400208.68544369563,1175393.0724606481,400208.6854436859,1175393.0724606484,-9.720679372549057e-9,2.3283064365386963e-10,9.72346736367871e-9
G-0233612-1995,NO_HAY_DATOS,NO HAY DATOS,TRONADORA,2150952.0693400623,121,410116.2051302688,1150490.3427317003,410116.20513025933,1150490.342731701,-9.487848728895187e-9,6.984919309616089e-10,9.51352534447754e-9
P-0133450-1993,GOLFO_DULCE,RESERVA FORESTAL,PUERTO_JIMENEZ,208921.5690526403,40,569019.3407724792,939972.4519825091,569019.3407724886,939972.4519825096,9.42964106798172e-9,4.656612873077393e-10,9.441131876288167e-9
P-0922564-2004,PIEDRAS_BLANCAS,PARQUE NACIONAL,GOLFITO,1486753.3654220868,109,584877.2096943782,965467.3975521089,584877.2096943876,965467.3975521087,9.42964106798172e-9,-1.1641532182693481e-10,9.430359653699508e-9
NO_HAY_DATOS,NO_HAY_DATOS,NO HAY DATOS,PIEDADES_NORTE,3190.5127404667437,9,438754.7377300859,1125142.850698089,438754.7377300782,1125142.8506980836,-7.683411240577698e-9,-5.3551048040390015e-9,9.365466125830433e-9
P-0133451-1993,GOLFO_DULCE,RESERVA FORESTAL,PUERTO_JIMENEZ,201697.75037762127,44,568740.8321149006,940555.6702043416,568740.8321149099,940555.6702043411,9.313225746154785e-9,-5.820766091346741e-10,9.331397911231848e-9
P-0152128-1993,GOLFITO,REFUGIO NACIONAL DE VIDA SILVESTRE,GOLFITO,783548.4409767091,33,587091.5221837297,958534.0156462988,587091.522183739,958534.0156462986,9.313225746154785e-9,-1.1641532182693481e-10,9.313953313496714e-9
"A-0633462-2000
",NO_APLICA,FUERA ASP,_,163572.30252786353,35,418063.6050831769,1188654.1773440475,418063.60508316767,1188654.1773440475,-9.255018085241318e-9,0,9.255018085241318e-9
G-0092678-1993,VOLCAN_ARENAL,PARQUE NACIONAL,TRONADORA,429423.21697443724,58,413164.88591461995,1149812.1652701474,413164.8859146108,1149812.1652701483,-9.138602763414383e-9,9.313225746154785e-10,9.18593610937249e-9
P-0133449-1993,GOLFO_DULCE,RESERVA FORESTAL,PUERTO_JIMENEZ,48342.89116998948,13,568005.0882313282,940459.1920138842,568005.0882313373,940459.1920138836,9.080395102500916e-9,-5.820766091346741e-10,9.0990322780186e-9
P-0030587-1992,GOLFO_DULCE,RESERVA FORESTAL,PUERTO_JIMENEZ,177459.19100255473,36,569212.4072581242,939716.2529537579,569212.4072581332,939716.2529537571,8.96397978067398e-9,-8.149072527885437e-10,9.000944802573746e-9
A-0200893-1994,VOLCAN_ARENAL,PARQUE NACIONAL,PENAS_BLANCAS,211213.2884156853,27,418279.73779547896,1147047.7431958125,418279.73779547005,1147047.7431958118,-8.905772119760513e-9,-6.984919309616089e-10,8.933121964169198e-9
P-0746864-1988,PIEDRAS_BLANCAS,PARQUE NACIONAL,GOLFITO,1488407.8355962858,59,585254.5530732842,968509.1848535027,585254.5530732931,968509.1848535017,8.847564458847046e-9,-9.313225746154785e-10,8.896446402437426e-9
P-0020184-1991,PIEDRAS_BLANCAS,PARQUE NACIONAL,GOLFITO,172939.6330344081,30,585201.2699336237,959235.8406079673,585201.2699336326,959235.8406079675,8.847564458847046e-9,1.1641532182693481e-10,8.848330315975409e-9
P-0474569-1982,PIEDRAS_BLANCAS,PARQUE NACIONAL,PALMAR,363137.1679668566,46,586514.3930437058,964128.7329704441,586514.3930437145,964128.7329704422,8.614733815193176e-9,-1.979060471057892e-9,8.839135650884461e-9
A-0995386-1991,NO_HAY_DATOS,NO HAY DATOS,BUENAVISTA,2828614.17762514,43,413377.63937556307,1197952.404988145,413377.63937555434,1197952.4049881462,-8.731149137020111e-9,1.1641532182693481e-9,8.80841744971785e-9
500499221963,Arenal,Parque Nacional,Tronadora,831228.2251149304,34,415543.13587996236,1148747.4650132945,415543.13587995357,1148747.4650132945,-8.789356797933578e-9,0,8.789356797933578e-9
P-0866037-2003,PIEDRAS_BLANCAS,PARQUE NACIONAL,GOLFITO,230759.62057821127,26,590054.7000556744,964944.2829221635,590054.7000556831,964944.282922164,8.731149137020111e-9,4.656612873077393e-10,8.743557953566964e-9
P-0282888-1977,PIEDRAS_BLANCAS,PARQUE NACIONAL,SIERPE,949788.1302858307,65,585842.174732629,958981.6796002741,585842.1747326377,958981.6796002737,8.731149137020111e-9,-3.4924596548080444e-10,8.738131264594945e-9
P-0133448-1993,GOLFO_DULCE,RESERVA FORESTAL,PUERTO_JIMENEZ,158348.5636770702,38,568482.279452525,940398.5430694193,568482.2794525336,940398.5430694199,8.614733815193176e-9,5.820766091346741e-10,8.634376172343576e-9
P-0025836-1992,PIEDRAS_BLANCAS,PARQUE NACIONAL,GOLFITO,2299776.3913910845,100,584764.1444109663,967027.1102290426,584764.1444109748,967027.1102290435,8.498318493366241e-9,9.313225746154785e-10,8.549197561916503e-9
A-0863689-2012,VOLCAN_ARENAL,PARQUE NACIONAL,PENAS_BLANCAS,1367185.0092167072,59,420144.7666623734,1145224.6696106398,420144.76666236506,1145224.669610641,-8.32369551062584e-9,1.1641532182693481e-9,8.404710564274038e-9
P-0282889-1977,NO_HAY_DATOS,NO HAY DATOS,SIERPE,445273.2525115246,54,585406.0012766562,958275.3701200807,585406.0012766646,958275.3701200812,8.381903171539307e-9,5.820766091346741e-10,8.402089856456094e-9
G-0064905-1992,VOLCAN_ARENAL,PARQUE NACIONAL,TRONADORA,899542.8341848999,67,413415.1588767616,1150743.5317331697,413415.1588767533,1150743.5317331702,-8.32369551062584e-9,4.656612873077393e-10,8.336710825506056e-9
P-0578001-1985,PIEDRAS_BLANCAS,PARQUE NACIONAL,GOLFITO,476735.38807538897,46,586571.3177040439,961551.2192301655,586571.3177040521,961551.2192301638,8.149072527885437e-9,-1.6298145055770874e-9,8.310455967474146e-9
P-0892243-2003,NO_HAY_DATOS,NO HAY DATOS,GOLFITO,1158200.4000650346,82,579912.3102881772,960097.9106459962,579912.3102881854,960097.910645997,8.149072527885437e-9,8.149072527885437e-10,8.189716533274184e-9
G-0511812-1983,VOLCAN_ARENAL,PARQUE NACIONAL,TRONADORA,1041854.7674343511,23,412412.7813730581,1150127.5413360163,412412.78137304995,1150127.541336017,-8.149072527885437e-9,6.984919309616089e-10,8.178953114082244e-9
P-0766057-2002,PIEDRAS_BLANCAS,PARQUE NACIONAL,GOLFITO,885227.0868075211,59,576560.9418598718,962019.4906723339,576560.9418598763,962019.490672327,4.423782229423523e-9,-6.868503987789154e-9,8.16983452975878e-9
G-1881500-2016,NO_HAY_DATOS,NO HAY DATOS,TRONADORA,1624997.0952920113,71,413588.8942582221,1144127.0089243732,413588.894258214,1144127.0089243737,-8.09086486697197e-9,4.656612873077393e-10,8.104254113124689e-9
A-0010612-1976,VOLCAN_ARENAL,PARQUE NACIONAL,PENAS_BLANCAS,1896446.2785128888,23,416299.27401039563,1150528.80861629,416299.2740103877,1150528.8086162913,-7.916241884231567e-9,1.1641532182693481e-9,8.001383523195787e-9
"A-1211683-2008
",NO_APLICA,FUERA ASP,SAN_RAFAEL,40121.04057914304,21,421039.0441627635,1185291.3707478594,421039.0441627556,1185291.370747859,-7.916241884231567e-9,-4.656612873077393e-10,7.929925977218152e-9
A-0878680-1992,VOLCAN_ARENAL,PARQUE NACIONAL,PENAS_BLANCAS-FORTUNA,1113135.1731248964,26,421282.77774440823,1148201.5653295363,421282.77774440043,1148201.5653295377,-7.799826562404633e-9,1.3969838619232178e-9,7.923942094315605e-9
P-0460938-1982,PIEDRAS_BLANCAS,PARQUE NACIONAL,SIERPE,1326134.17758676,53,583902.196572433,967716.1870679908,583902.1965724409,967716.1870679905,7.916241884231567e-9,-2.3283064365386963e-10,7.91966512412529e-9
A-0861281-1990,VOLCAN_ARENAL,PARQUE NACIONAL,PENAS_BLANCAS,1092596.0396805517,23,418246.397751694,1149018.2251684158,418246.39775168645,1149018.2251684181,-7.566995918750763e-9,2.3283064365386963e-9,7.917097832969997e-9
P-0981347-2005,GOLFO_DULCE,RESERVA FORESTAL,PUERTO_JIMENEZ,988508.4888375846,76,567713.2658387334,940018.0301728627,567713.2658387412,940018.0301728622,7.799826562404633e-9,-4.656612873077393e-10,7.813714535231625e-9
P-0094716-1993,PIEDRAS_BLANCAS,PARQUE NACIONAL,GOLFITO,441038.253551468,29,583392.3551726133,965127.6908606824,583392.3551726211,965127.6908606827,7.799826562404633e-9,3.4924596548080444e-10,7.807641586804397e-9
P-0025842-1992,PIEDRAS_BLANCAS,PARQUE NACIONAL,GOLFITO,397423.68597843614,35,586929.9426214445,965882.934368609,586929.9426214523,965882.9343686086,7.799826562404633e-9,-3.4924596548080444e-10,7.807641586804397e-9
P-0294099-1995,GOLFO_DULCE,RESERVA FORESTAL,SIERPE,690088.4383203653,114,567104.246537035,969904.3654959224,567104.2465370428,969904.3654959222,7.799826562404633e-9,-2.3283064365386963e-10,7.803300872849716e-9
A-0859034-1989,VOLCAN_ARENAL,PARQUE NACIONAL,FORTUNA,1317412.89357003,28,419669.0007796346,1149866.5071416646,419669.0007796268,1149866.5071416646,-7.799826562404633e-9,0,7.799826562404633e-9
P-0104490-1993,PIEDRAS_BLANCAS,PARQUE NACIONAL,GOLFITO,234378.31889222655,57,586885.6271380961,960775.0923192367,586885.6271381038,960775.0923192373,7.683411240577698e-9,5.820766091346741e-10,7.705428052401595e-9
P-0887393-2003,PIEDRAS_BLANCAS,PARQUE NACIONAL,GOLFITO,445136.9477269647,32,582623.3043681206,969469.9110867847,582623.3043681283,969469.9110867843,7.683411240577698e-9,-3.4924596548080444e-10,7.691344553213068e-9
A-0095783-1993,VOLCAN_ARENAL,PARQUE NACIONAL,PENAS_BLANCAS,143424.48246312328,15,415687.5543795637,1149364.8773881204,415687.55437956064,1149364.8773881134,-3.0850060284137726e-9,-6.984919309616089e-9,7.635860132113279e-9
P-0894526-1990,PIEDRAS_BLANCAS,PARQUE NACIONAL,GOLFITO,932465.3878716547,36,582468.3481329131,959041.9579584735,582468.3481329156,959041.9579584663,2.444721758365631e-9,-7.2177499532699585e-9,7.620536651952723e-9
P-0023196-1991,PIEDRAS_BLANCAS,PARQUE NACIONAL,GOLFITO,1358855.8940338679,83,585668.2211482527,960164.4448552922,585668.2211482603,960164.4448552929,7.566995918750763e-9,6.984919309616089e-10,7.5991656260414e-9
P-0137751-1993,GOLFO_DULCE,RESERVA FORESTAL,PUERTO_JIMENEZ,455584.2941571083,25,565679.2935576547,939603.2617119288,565679.2935576623,939603.2617119289,7.566995918750763e-9,1.1641532182693481e-10,7.567891368244312e-9
G-0207901-1994,VOLCAN_ARENAL,PARQUE NACIONAL,TRONADORA,662457.9710157064,36,414722.348980491,1149608.6753634342,414722.34898048354,1149608.6753634342,-7.450580596923828e-9,0,7.450580596923828e-9
A-0859035-1989,VOLCAN_ARENAL,PARQUE NACIONAL,FORTUNA,858629.4103382453,31,418429.276182557,1150516.1043564987,418429.27618254966,1150516.104356498,-7.334165275096893e-9,-6.984919309616089e-10,7.367351712797182e-9
A-0859962-1991,VOLCAN_ARENAL,PARQUE NACIONAL,PENAS_BLANCAS,1763806.6269443778,37,419238.22882560006,1148911.226169224,419238.2288255927,1148911.2261692237,-7.334165275096893e-9,-2.3283064365386963e-10,7.337860068920732e-9
P-0041119-1992,PIEDRAS_BLANCAS,PARQUE NACIONAL,GOLFITO,405489.6991611505,18,583574.6048443852,959369.811918368,583574.6048443925,959369.8119183677,7.334165275096893e-9,-2.3283064365386963e-10,7.337860068920732e-9
P-0019929-1991,PIEDRAS_BLANCAS,PARQUE NACIONAL,GOLFITO,1037093.9651172012,21,576896.8531891489,964368.3567927714,576896.853189156,964368.3567927731,7.101334631443024e-9,1.7462298274040222e-9,7.312883983617374e-9
P-0515543-1983,PIEDRAS_BLANCAS,PARQUE NACIONAL,GOLFITO,824219.0519637559,119,585841.6338016626,957957.3519679179,585841.6338016698,957957.351967917,7.2177499532699585e-9,-8.149072527885437e-10,7.2636071079440865e-9
607014391987,Piedras Blancas,Parque Nacional,Golfito,831385.0466253832,52,577328.1399320684,959815.7404758447,577328.1399320756,959815.7404758441,7.2177499532699585e-9,-5.820766091346741e-10,7.241182746404776e-9
P-0357793-1979,PIEDRAS_BLANCAS,PARQUE NACIONAL,SIERPE,711462.6085629109,45,584353.3721447635,960136.3358815332,584353.3721447706,960136.3358815329,7.101334631443024e-9,-3.4924596548080444e-10,7.1099174602900025e-9
P-1053430-2006,GOLFO_DULCE,RESERVA FORESTAL,SIERPE,836011.4991643131,41,566422.1674905308,970677.0782468556,566422.1674905379,970677.0782468559,7.101334631443024e-9,2.3283064365386963e-10,7.105150502020087e-9
C-0492564-1983,TAPANTI_MACIZO_DE_LA_MUERTE,PARQUE NACIONAL,PEJIBAYE,7365.302887334663,27,524779.5627710012,1081071.9501653474,524779.5627709961,1081071.9501653523,-5.122274160385132e-9,4.889443516731262e-9,7.081267575614876e-9
A-0859036-1989,VOLCAN_ARENAL,PARQUE NACIONAL,FORTUNA,681343.143953301,23,418900.5499330591,1151137.9602739024,418900.54993305204,1151137.960273903,-7.043126970529556e-9,6.984919309616089e-10,7.0776781857201815e-9
604376981981,No aplica,Fuera ASP,Puerto Jimenez,2477.3659014152363,5,576824.4373695661,943990.2291090861,576824.437369573,943990.2291090864,6.984919309616089e-9,3.4924596548080444e-10,6.993645008595469e-9
P-0639797-1986,PIEDRAS_BLANCAS,PARQUE NACIONAL,GOLFITO,2994477.733319536,29,579599.9298362235,964799.5304681076,579599.9298362305,964799.5304681078,6.984919309616089e-9,2.3283064365386963e-10,6.9887987430224355e-9
P-0033878-1992,PIEDRAS_BLANCAS,PARQUE NACIONAL,GOLFITO,220886.7670580931,23,585392.6158497959,961934.7312667898,585392.6158498029,961934.7312667896,6.984919309616089e-9,-2.3283064365386963e-10,6.9887987430224355e-9
A-0860685-1990,VOLCAN_ARENAL,PARQUE NACIONAL,FORTUNA,2180212.052832037,27,421213.18233949837,1151990.4021576054,421213.18233949173,1151990.4021576059,-6.6356733441352844e-9,4.656612873077393e-10,6.6519922703326e-9
"A-0633463-2000
",NO_APLICA,FUERA ASP,SAN_RAFAEL,477240.42816888355,23,417833.892757035,1188145.9444467674,417833.89275702846,1188145.9444467667,-6.51925802230835e-9,-6.984919309616089e-10,6.556570455585012e-9
P-0420478-1997,PIEDRAS_BLANCAS,PARQUE NACIONAL,SIERPE,577251.9835302155,42,576100.4127306343,961903.8726336701,576100.4127306408,961903.8726336707,6.51925802230835e-9,5.820766091346741e-10,6.54519200179288e-9
"A-1328806-2009
",CAÑO_NEGRO,REFUGIO NACIONAL DE VIDA SILVESTRE,CAÑO_NEGRO,132429.8625713512,29,410027.8730661478,1206676.7460774044,410027.87306614144,1206676.7460774055,-6.344635039567947e-9,1.1641532182693481e-9,6.4505539685301645e-9
A-0872826-1992,VOLCAN_ARENAL,PARQUE NACIONAL,PENAS_BLANCAS,940637.4694658562,92,417901.47469467745,1146623.3085566594,417901.4746946711,1146623.30855666,-6.344635039567947e-9,6.984919309616089e-10,6.382968334790001e-9
A-0095782-1993,VOLCAN_ARENAL,PARQUE NACIONAL,PENAS_BLANCAS,180120.0540997237,55,415607.09836752055,1148062.3676816933,415607.0983675144,1148062.3676816947,-6.170012056827545e-9,1.3969838619232178e-9,6.326184686829115e-9
A-0147098-1993,VOLCAN_ARENAL,PARQUE NACIONAL,PENAS_BLANCAS,306000.70013034996,43,418741.68926366034,1146699.4774958426,418741.6892636542,1146699.477495844,-6.170012056827545e-9,1.3969838619232178e-9,6.326184686829115e-9
"A-0929138-1990
",CAÑO_NEGRO,REFUGIO NACIONAL DE VIDA SILVESTRE,CAÑO_NEGRO,22466.296475867275,18,413434.80310634803,1203769.4946147173,413434.80310634174,1203769.4946147176,-6.28642737865448e-9,2.3283064365386963e-10,6.290737579626169e-9
P-01470933-2011,TIVIVES,ZONA PROTECTORA,SAN_JUAN_GRANDE,3776049.699441139,176,422353.7316527456,1094774.5010200709,422353.7316527396,1094774.5010200723,-6.05359673500061e-9,1.3969838619232178e-9,6.212696462928473e-9
P-0424768-1981,PIEDRAS_BLANCAS,PARQUE NACIONAL,SIERPE,881434.7945159771,71,584343.1774998085,968902.2581658558,584343.1774998144,968902.2581658548,5.9371814131736755e-9,-9.313225746154785e-10,6.009782431246856e-9
P-0050440-1992,PIEDRAS_BLANCAS,PARQUE NACIONAL,GOLFITO,807280.5728550814,34,583893.3293974841,962204.2714359749,583893.3293974898,962204.2714359767,5.704350769519806e-9,1.862645149230957e-9,6.0007553402613256e-9
P-1473781-2011,TIVIVES,ZONA PROTECTORA,SAN_JUAN_GRANDE,725566.4333748613,131,422945.6126670572,1093638.3809016063,422945.6126670513,1093638.380901606,-5.878973752260208e-9,-2.3283064365386963e-10,5.883582453606709e-9
A-0958566-1992,VOLCAN_ARENAL,PARQUE NACIONAL,FORTUNA,559141.619036973,11,420135.5806356822,1151952.8491835254,420135.5806356764,1151952.8491835257,-5.820766091346741e-9,2.3283064365386963e-10,5.825420843063297e-9
P-0540483-1984,NO_HAY_DATOS,NO HAY DATOS,GOLFITO,858162.3081449843,47,583691.3691198528,966226.8282031651,583691.369119857,966226.8282031689,4.190951585769653e-9,3.841705620288849e-9,5.685312415973646e-9
A-0158433-1993,VOLCAN_ARENAL,PARQUE NACIONAL,FORTUNA,765347.4324420635,100,423603.4540756549,1154872.7401107468,423603.4540756494,1154872.7401107473,-5.529727786779404e-9,4.656612873077393e-10,5.549299940567039e-9
P-0040164-1992,PIEDRAS_BLANCAS,PARQUE NACIONAL,GOLFITO,426138.6856139577,55,583643.2447081612,959590.7553455113,583643.2447081667,959590.7553455121,5.471520125865936e-9,8.149072527885437e-10,5.531871863881462e-9
A-0633380-1986,VOLCAN_ARENAL,PARQUE NACIONAL,FORTUNA,1457924.3502452262,70,425821.10290373396,1153565.1286201593,425821.10290372855,1153565.1286201596,-5.413312464952469e-9,2.3283064365386963e-10,5.418317262013553e-9
P-0020861-1991,PIEDRAS_BLANCAS,PARQUE NACIONAL,GOLFITO,759207.9250828698,32,577125.000451955,962169.0256898217,577125.0004519604,962169.025689822,5.3551048040390015e-9,3.4924596548080444e-10,5.366481175467423e-9
"C-0793937-2002
",NO_APLICA,FUERA ASP,LA_SUIZA,3607.2281384579837,29,543881.4904286427,1088142.2249073845,543881.490428646,1088142.2249073803,3.259629011154175e-9,-4.190951585769653e-9,5.309355562083134e-9
P-0023546-1992,PIEDRAS_BLANCAS,PARQUE NACIONAL,GOLFITO,2066162.6357772895,50,583607.4324147837,966071.2821381647,583607.4324147888,966071.2821381638,5.005858838558197e-9,-9.313225746154785e-10,5.091756519076656e-9
A-0151953-1993,NO_APLICA,FUERA ASP,ANGELES,40996.08510270732,12,439179.158958154,1141840.2634977389,439179.1589581494,1141840.2634977372,-4.598405212163925e-9,-1.6298145055770874e-9,4.8786909942981466e-9
A-2050534-2018,NO_HAY_DATOS,NO HAY DATOS,FORTUNA,645854.51823416,53,421744.5376554976,1154944.6042645818,421744.5376554933,1154944.604264584,-4.307366907596588e-9,2.0954757928848267e-9,4.790034287479004e-9
P-0870838-1990,PIEDRAS_BLANCAS,PARQUE NACIONAL,GOLFITO,2961103.3389189886,42,581413.5316307361,964989.7432819963,581413.5316307409,964989.7432819967,4.773028194904327e-9,3.4924596548080444e-10,4.785788429690168e-9
A-0533084-1984,VOLCAN_ARENAL,PARQUE NACIONAL,FORTUNA,1848289.8666302655,73,419847.64382970106,1150111.125161099,419847.64382969635,1150111.125161099,-4.71482053399086e-9,0,4.71482053399086e-9
P-0870839-1989,PIEDRAS_BLANCAS,PARQUE NACIONAL,GOLFITO,2995886.5512945205,53,580237.5673188629,962864.2503506619,580237.5673188675,962864.2503506626,4.6566128730773926e-9,6.984919309616089e-10,4.708708360827687e-9
1-0023645-1974,VOLCAN_ARENAL,PARQUE NACIONAL,SAN_ISIDRO,3297356.5808934495,77,423760.23725227045,1150570.4649958627,423760.23725226586,1150570.4649958636,-4.598405212163925e-9,9.313225746154785e-10,4.69176856134707e-9
A-0023646-1974,VOLCAN_ARENAL,PARQUE NACIONAL,FORTUNA,2853761.0945711243,70,423759.16984926764,1149429.6318789772,423759.169849263,1149429.6318789774,-4.6566128730773926e-9,2.3283064365386963e-10,4.662430005730313e-9
SJ-1325384-2009,NO_APLICA,FUERA ASP,PEJIBAYE,29333.3261574457,22,549257.5124405812,1012042.2474480276,549257.5124405856,1012042.247448029,4.423782229423523e-9,1.3969838619232178e-9,4.639117709633726e-9
A-0994910-1992,VOLCAN_ARENAL,PARQUE NACIONAL,FORTUNA,906814.6803676039,48,420683.00766912854,1150596.5181311793,420683.00766912405,1150596.5181311804,-4.48198989033699e-9,1.1641532182693481e-9,4.630711186490674e-9
"A-1220455-2008
",NO_APLICA,FUERA ASP,SAN_RAFAEL,137480.62617233547,37,419723.1445307948,1185646.011755767,419723.14453079057,1185646.0117557654,-4.249159246683121e-9,-1.6298145055770874e-9,4.551005342368008e-9
P-1150098-2007,PIEDRAS_BLANCAS,PARQUE NACIONAL,GOLFITO,312710.3177654841,57,583255.3864111262,967753.1673865733,583255.3864111307,967753.1673865741,4.423782229423523e-9,8.149072527885437e-10,4.498213316863788e-9
A-0872827-1992,VOLCAN_ARENAL,PARQUE NACIONAL,PENAS_BLANCAS,2721428.385662916,87,420488.1103090119,1147489.5777022091,420488.1103090075,1147489.577702209,-4.3655745685100555e-9,-2.3283064365386963e-10,4.371778976783482e-9
P-1067008-2006,NO_APLICA,FUERA ASP,BUENOS_AIRES,785403.1431514509,79,571483.0758081357,1006006.1987724995,571483.0758081399,1006006.1987724991,4.190951585769653e-9,-3.4924596548080444e-10,4.205478324598736e-9
A-0037779-1992,VOLCAN_ARENAL,PARQUE NACIONAL,PENAS_BLANCAS,2199293.788364418,65,419377.5954262492,1147524.0167192093,419377.595426245,1147524.0167192093,-4.190951585769653e-9,0,4.190951585769653e-9
P-0047895-1992,PIEDRAS_BLANCAS,PARQUE NACIONAL,GOLFITO,1319989.4921759218,128,579233.9808690514,962789.4011535853,579233.9808690556,962789.4011535853,4.190951585769653e-9,0,4.190951585769653e-9
P-0870837-1989,PIEDRAS_BLANCAS,PARQUE NACIONAL,GOLFITO,1012360.8545372933,5,580890.6509372629,963871.9659513998,580890.650937267,963871.9659513991,4.0745362639427185e-9,-6.984919309616089e-10,4.13397348126506e-9
A-0874459-1990,NO_APLICA,FUERA ASP,PIEDADES_NORTE,2196130.336942165,83,438337.20703987306,1125712.9645475023,438337.207039869,1125712.9645475028,-4.0745362639427185e-9,4.656612873077393e-10,4.101059155959761e-9
A-0580560-1985,VOLCAN_ARENAL,PARQUE NACIONAL,PENAS_BLANCAS,784079.7148939837,36,425578.66827446304,1152544.6900753824,425578.668274459,1152544.6900753821,-4.016328603029251e-9,-2.3283064365386963e-10,4.0230716568481815e-9
"A-1868370-2015
",CAÑO_NEGRO,REFUGIO NACIONAL DE VIDA SILVESTRE,BUENA_VISTA,2429918.7809315324,16,414583.32760395244,1193913.9830605818,414583.32760394877,1193913.9830605802,-3.6670826375484467e-9,-1.6298145055770874e-9,4.0129528271833395e-9
P-0133952-1993,GOLFO_DULCE,RESERVA FORESTAL,PUERTO_JIMENEZ,343553.94558318274,44,564271.5728206661,937912.1155210761,564271.5728206699,937912.1155210759,3.725290298461914e-9,-2.3283064365386963e-10,3.732559164492739e-9
H-1078357-2006,NO_APLICA,FUERA ASP,HORQUETAS,66933.50390777737,23,509175.67334513844,1145805.365674351,509175.67334514146,1145805.3656743532,3.026798367500305e-9,2.0954757928848267e-9,3.6813757151462828e-9
A-0860684-1991,VOLCAN_ARENAL,PARQUE NACIONAL,SAN_ISIDRO,2791619.400455147,21,422269.5132781011,1151715.764034838,422269.51327809755,1151715.7640348373,-3.550667315721512e-9,-6.984919309616089e-10,3.6187192989442386e-9
C-0007198-1974,TAPANTI_MACIZO_DE_LA_MUERTE,PARQUE NACIONAL,PEJIBAYE,909814.0313980728,5,530353.6575741902,1079648.0892715664,530353.6575741867,1079648.0892715654,-3.4924596548080444e-9,-9.313225746154785e-10,3.6145035867253375e-9
A-0144400-1993,VOLCAN_ARENAL,PARQUE NACIONAL,FORTUNA,1332896.478397455,44,420628.1910412141,1154866.1556789477,420628.19104121055,1154866.155678948,-3.550667315721512e-9,2.3283064365386963e-10,3.5582929187402886e-9
A-0580561-1985,VOLCAN_ARENAL,PARQUE NACIONAL,PENAS_BLANCAS,483182.43554880656,30,425396.18101768004,1151619.120193452,425396.181017677,1151619.1201934502,-3.026798367500305e-9,-1.862645149230957e-9,3.5540055303074762e-9
P-1470932-2011,TIVIVES,ZONA PROTECTORA,SAN_JUAN_GRANDE,1123930.7790775672,139,425766.8780299468,1096919.644487557,425766.87802994344,1096919.644487556,-3.3760443329811096e-9,-9.313225746154785e-10,3.502147494929685e-9
206417892000,n/a,Fuera ASP,El Amparo,390161.2925677337,40,439250.2515590109,1194554.321777504,439250.25155900745,1194554.3217775042,-3.434251993894577e-9,2.3283064365386963e-10,3.4421355095627994e-9
"P-0231006-1995
",CARARA,PARQUE NACIONAL,TARCOLES,546458.7361808792,60,433397.4496259834,1080930.2393919337,433397.44962598017,1080930.2393919341,-3.259629011154175e-9,4.656612873077393e-10,3.2927225399135964e-9
P-0532335-1984,PIEDRAS_BLANCAS,PARQUE NACIONAL,GOLFITO,354786.7538789333,50,585046.8849343059,965053.8384015574,585046.8849343092,965053.8384015575,3.259629011154175e-9,1.1641532182693481e-10,3.261707193712215e-9
206184801986,Arenal,Parque Nacional,Peñas Blancas,385824.49716230854,33,424623.7475238073,1152637.8602864477,424623.7475238041,1152637.8602864472,-3.2014213502407074e-9,-4.656612873077393e-10,3.2351103684842244e-9
H-28984-1976,BRAULIO_CARRILLO,PARQUE NACIONAL,LA_VIRGEN,999892.3413274288,5,497073.79070491286,1146306.6899126254,497073.79070491606,1146306.6899126256,3.2014213502407074e-9,2.3283064365386963e-10,3.2098767531482125e-9
200014891976,ALberto Manuel Brenes,Reserva Biologica,San Lorenzo,2564833.0648670117,69,430094.3569332892,1132820.6872148549,430094.35693328705,1132820.6872148572,-2.153683453798294e-9,2.3283064365386963e-9,3.171649930492341e-9
SJ-1310000-2008,CARARA,PARQUE NACIONAL,TARCOLES,49803737.36178577,668,438115.84415672056,1081678.0730533348,438115.84415671823,1081678.0730533327,-2.3283064365386963e-9,-2.0954757928848267e-9,3.1324159463573503e-9
H-0394396-1980,NO_HAY_DATOS,NO HAY DATOS,PUERTO_VIEJO,170223.297319239,19,497711.95724417135,1164671.9602733618,497711.9572441701,1164671.9602733646,-1.280568540096283e-9,2.7939677238464355e-9,3.0734526883913403e-9
P-0894717-2003,PIEDRAS_BLANCAS,PARQUE NACIONAL,GOLFITO,1168399.3645462068,53,577151.8014528307,960880.2100391277,577151.8014528336,960880.2100391269,2.9103830456733704e-9,-8.149072527885437e-10,3.022317538444691e-9
205841961999,No aplica,Fuera ASP,Pital,6327.45042780973,9,466238.3412429622,1162415.3813743414,466238.34124295955,1162415.3813743428,-2.6775524020195007e-9,1.3969838619232178e-9,3.0200746308716122e-9
H-0420651-1997,NO_HAY_DATOS,NO HAY DATOS,HORQUETAS,36246.102875028155,10,503526.05174526596,1148844.4848931446,503526.0517452689,1148844.484893145,2.9685907065868378e-9,4.656612873077393e-10,3.004891215623428e-9
P-1182636-2007,NO_APLICA,FUERA ASP,VOLCAN,8727.676370247558,8,555156.0998065353,1022385.5108024579,555156.0998065374,1022385.5108024558,2.0954757928848267e-9,-2.0954757928848267e-9,2.9634502859222366e-9
P-0005754-1991,PIEDRAS_BLANCAS,PARQUE NACIONAL,GOLFITO,707824.7471003905,32,583036.4622658667,964035.4298933661,583036.4622658695,964035.4298933652,2.7939677238464355e-9,-8.149072527885437e-10,2.9103830456733704e-9
L-0668906-2000,NO_APLICA,FUERA ASP,FLORIDA,39360.437948040664,43,544861.3331637061,1113625.7394293223,544861.3331637044,1113625.73942932,-1.7462298274040222e-9,-2.3283064365386963e-9,2.9103830456733704e-9
P-0885824-1990,PIEDRAS_BLANCAS,PARQUE NACIONAL,GOLFITO,2425314.478154574,32,582733.2434687589,963019.0922891479,582733.2434687607,963019.0922891458,1.862645149230957e-9,-2.0954757928848267e-9,2.8036522163991574e-9
P-0050453-1992,PIEDRAS_BLANCAS,PARQUE NACIONAL,GOLFITO,276904.9487222211,7,583091.6670663083,960182.3851705656,583091.6670663111,960182.3851705657,2.7939677238464355e-9,1.1641532182693481e-10,2.796391991308032e-9
SJ-0893425-2003,LA_CANGREJA,PARQUE NACIONAL,CHIRES,57917.5296336906,22,461375.57281603396,1075363.4130956002,461375.57281603146,1075363.4130955993,-2.5029294192790985e-9,-9.313225746154785e-10,2.670583721938185e-9
A-0846778-1990,VOLCAN_ARENAL,PARQUE NACIONAL,FORTUNA,1390235.788579905,20,421778.4394524189,1149984.0656339163,421778.4394524176,1149984.065633914,-1.280568540096283e-9,-2.3283064365386963e-9,2.657229129810195e-9
SJ-0097990-1993,CHIRRIPO,PARQUE NACIONAL,SAN_PEDRO,526379.171555113,15,556203.4557697449,1037429.0425142983,556203.4557697475,1037429.0425142976,2.561137080192566e-9,-6.984919309616089e-10,2.654677781041567e-9
A-689061-2001,NO_APLICA,FUERA ASP,SANTA_RITA,30516.64414886199,35,481498.82937914773,1152504.4807789722,481498.8293791465,1152504.4807789698,-1.2223608791828156e-9,-2.3283064365386963e-9,2.6296724095187425e-9
P-1086676-2006,NO_APLICA,FUERA ASP,BUENOS_AIRES,137642.40061355612,28,571302.6598665847,1004603.3074788683,571302.6598665863,1004603.3074788701,1.6298145055770874e-9,1.862645149230957e-9,2.4750236917134956e-9
C-0005236-1966,VOLCAN_IRAZU,PARQUE NACIONAL,POTRERO_CERRADO,1757880.1305530593,84,514634.03448469297,1101553.371077974,514634.0344846938,1101553.3710779764,8.149072527885437e-10,2.3283064365386963e-9,2.4667964433805425e-9
L-1560860-2012,NO_APLICA,FUERA ASP,RITA,238455.2577950135,50,534115.7431555644,1161449.419587997,534115.7431555637,1161449.4195879947,-6.984919309616089e-10,-2.3283064365386963e-9,2.430823284413328e-9
C-1432616-2010,VOLCAN_TURRIALBA,PARQUE NACIONAL,SANTA_CRUZ,188704.3515445888,21,527229.7302491426,1106471.2934843844,527229.7302491433,1106471.2934843868,6.984919309616089e-10,2.3283064365386963e-9,2.430823284413328e-9
P-0008177-1991,PIEDRAS_BLANCAS,PARQUE NACIONAL,GOLFITO,199833.48809935153,17,577903.4458361373,964423.9797730568,577903.4458361396,964423.9797730562,2.3283064365386963e-9,-5.820766091346741e-10,2.399963341663627e-9
L-631375-2000,NO_APLICA,FUERA ASP,CAIRO,687793.5467621945,43,554247.9428394702,1125178.7048325639,554247.9428394724,1125178.7048325648,2.2118911147117615e-9,9.313225746154785e-10,2.399963341663627e-9
H-0612888-1995,BRAULIO_CARRILLO,PARQUE NACIONAL,LA_VIRGEN,109346.47282372415,13,494681.8557562774,1144707.5016784817,494681.8557562752,1144707.501678481,-2.2118911147117615e-9,-6.984919309616089e-10,2.319558854816863e-9
H-1609388-2012,NO_APLICA,FUERA ASP,HORQUETAS,17856.179514057934,12,506071.9138939961,1147197.0285825604,506071.9138939938,1147197.02858256,-2.270098775625229e-9,-4.656612873077393e-10,2.3173667999676407e-9
A-0151942-1993,NO_APLICA,FUERA ASP,ANGELES,122798.24310002371,23,438830.5193058315,1140939.5988281458,438830.51930583315,1140939.5988281441,1.6298145055770874e-9,-1.6298145055770874e-9,2.3049057779395174e-9
P-0023547-1992,PIEDRAS_BLANCAS,PARQUE NACIONAL,GOLFITO,547356.651431784,24,582644.1370321312,965736.116611504,582644.1370321334,965736.1166115045,2.2118911147117615e-9,4.656612873077393e-10,2.260376680519851e-9
C-0864968-2003,NO_APLICA,FUERA ASP,SANTA_TERESITA,10006.828211512599,12,540731.0667257167,1104684.3817377829,540731.066725718,1104684.3817377847,1.280568540096283e-9,1.862645149230957e-9,2.260376680519851e-9
SJ-1484064-2011,FERNANDO_CASTRO,REFUGIO NACIONAL DE VIDA SILVESTRE,CARARA,165677.24910418876,61,442846.5569958766,1079239.2499822206,442846.5569958744,1079239.249982221,-2.2118911147117615e-9,4.656612873077393e-10,2.260376680519851e-9
105031481983,Braulio Carrillo,Parque Nacional,Dulce Nombre de Jesus,463440.8369594995,9,502762.4871675757,1113970.2067516625,502762.48716757505,1113970.2067516646,-6.402842700481415e-10,2.0954757928848267e-9,2.1911144983860094e-9
A-146932-1993,NO_HAY_DATOS,NO HAY DATOS,SANTA_ISABEL,19256.127375673288,11,476930.6408349287,1154225.0538417108,476930.6408349307,1154225.0538417099,1.979060471057892e-9,-9.313225746154785e-10,2.1872453191382735e-9
L-0864946-2003,NO_APLICA,FUERA ASP,ESPERANZA,31914.012470186513,32,536746.8720893667,1159135.3605678645,536746.8720893688,1159135.3605678647,2.0954757928848267e-9,2.3283064365386963e-10,2.10837115024622e-9
SJ-0151371-1993,NO_APLICA,FUERA ASP,SAN_JUAN_DE_MATA,891194.5700266343,85,441572.1022259757,1087417.8114193247,441572.1022259737,1087417.8114193243,-2.0372681319713593e-9,-4.656612873077393e-10,2.0898090525316354e-9
P-0019928-1991,PIEDRAS_BLANCAS,PARQUE NACIONAL,GOLFITO,2250365.628567308,30,579622.2541061409,960168.3500840965,579622.2541061428,960168.3500840956,1.862645149230957e-9,-9.313225746154785e-10,2.08250058582033e-9
SJ-0671938-2000,LA_CANGREJA,PARQUE NACIONAL,CHIRES,442932.4952364862,24,461162.4416459675,1075649.1626274942,461162.4416459672,1075649.162627496,-2.9103830456733704e-10,1.862645149230957e-9,1.8852454075475277e-9
P-0532334-1984,PIEDRAS_BLANCAS,PARQUE NACIONAL,GOLFITO,618935.7739751864,44,584875.0591371091,965581.9373300325,584875.059137111,965581.9373300323,1.862645149230957e-9,-1.1641532182693481e-10,1.8662795822463695e-9
H-0629481-1986,NO_HAY_DATOS,NO HAY DATOS,LA_VIRGEN,540697.557058245,22,496076.98651407374,1145427.8562325693,496076.9865140736,1145427.8562325675,-1.1641532182693481e-10,-1.862645149230957e-9,1.8662795822463695e-9
H-1086244-2006,NO_APLICA,FUERA ASP,VARA_BLANCA,18766.512703822344,33,483417.0704391647,1124054.9642588603,483417.07043916464,1124054.9642588622,-5.820766091346741e-11,1.862645149230957e-9,1.863554421996479e-9
P-0536592-1999,NO_APLICA,FUERA ASP,PILAS,419048.39811131964,70,557498.5156634409,1009026.0161209396,557498.5156634426,1009026.0161209403,1.6298145055770874e-9,6.984919309616089e-10,1.7731853541601237e-9
P-1579882-2012,CORCOVADO,PARQUE NACIONAL,SIERPE/PUERTO_JIMENEZ,346825673.39841014,293,545534.7784588006,944672.6504313569,545534.778458802,944672.6504313558,1.3969838619232178e-9,-1.0477378964424133e-9,1.7462298274040222e-9
"A-0797770-2002
",VOLCAN_POAS,PARQUE NACIONAL,SAN_ROQUE,2970.2429283629162,26,472826.8163282249,1125032.2869866923,472826.81632822345,1125032.2869866914,-1.4551915228366852e-9,-9.313225746154785e-10,1.7276990785794134e-9
P-0926763-1990,MANUEL_ANTONIO,PARQUE NACIONAL,QUEPOS,55493.08305299963,28,483934.2592258691,1039721.9089184456,483934.2592258708,1039721.9089184452,1.6880221664905548e-9,-3.4924596548080444e-10,1.723772484688187e-9
P-0203502-1994,PIEDRAS_BLANCAS,PARQUE NACIONAL,GOLFITO,1243663.9774812236,43,582760.769436577,960970.9122964209,582760.7694365786,960970.9122964214,1.6298145055770874e-9,4.656612873077393e-10,1.6950326713920846e-9
P-1124844-2007,NO_APLICA,FUERA ASP,BRUNKA,61603.745324845164,16,568048.5653851068,1011181.0654207492,568048.5653851081,1011181.0654207482,1.280568540096283e-9,-1.0477378964424133e-9,1.6545725990496454e-9
SJ-0149552-1993,NO_APLICA,FUERA ASP,SAN_JUAN_DE_MATA,657289.3110895422,185,442632.1847299013,1086746.6809475743,442632.1847298997,1086746.680947574,-1.6298145055770874e-9,-2.3283064365386963e-10,1.6463612699567982e-9
A-872213-1990,NO_APLICA,FUERA ASP,PIEDES_NORTE,3380111.5513029993,62,436016.68744001834,1124896.155796263,436016.6874400172,1124896.155796264,-1.1641532182693481e-9,1.1641532182693481e-9,1.6463612699567982e-9
H-1259519-2008,NO_APLICA,FUERA ASP,HORQUETAS,17857.924366645904,15,509734.46547077165,1144869.576988755,509734.465470773,1144869.576988756,1.3387762010097504e-9,9.313225746154785e-10,1.6308535968561075e-9
A-1330094-2009,GRECIA,RESERVA FORESTAL,SAN_ROQUE,221020.97135790228,41,471590.64999119396,1124440.9125824585,471590.6499911947,1124440.912582457,7.566995918750763e-10,-1.3969838619232178e-9,1.5887599512883673e-9
"C-1708566-2013
",NO_APLICA,FUERA ASP,PAVONES,22139.13885846708,54,541964.1953341372,1095126.051922023,541964.1953341387,1095126.0519220233,1.5133991837501526e-9,2.3283064365386963e-10,1.5312044925482368e-9
P-0694596-2001,PIEDRAS_BLANCAS,PARQUE NACIONAL,GOLFITO,1325356.0516611477,103,582108.0606149093,967366.7822868194,582108.0606149106,967366.7822868186,1.280568540096283e-9,-8.149072527885437e-10,1.5178700921131878e-9
"A-0249946-1995
",NO_APLICA,FUERA ASP,LOS_CHILES,10773.130096102366,10,438581.55102516006,1205590.3789508496,438581.5510251586,1205590.3789508499,-1.4551915228366852e-9,2.3283064365386963e-10,1.4737002669335533e-9
"A-0628904-2000
",VOLCAN_POAS,PARQUE NACIONAL,SAN_ROQUE,3081.588682465289,21,472358.4577759584,1125258.5983548325,472358.45777595794,1125258.598354834,-4.656612873077393e-10,1.3969838619232178e-9,1.4725502860585132e-9
P-0008176-1991,PIEDRAS_BLANCAS,PARQUE NACIONAL,GOLFITO,125000.7211855091,20,578037.3575113037,966650.7910827763,578037.357511305,966650.7910827756,1.280568540096283e-9,-6.984919309616089e-10,1.4586798015681174e-9
"SJ-1543398-2011
",LA_CANGREJA,PARQUE NACIONAL,MERCEDES_SUR_Y_CHIRES,431452.68199336913,47,460129.7343551017,1075997.575069115,460129.7343551013,1075997.5750691164,-4.0745362639427185e-10,1.3969838619232178e-9,1.4551915228366852e-9
H-420649-1997,NO_APLICA,FUERA ASP,HORQUETAS,28127.05663588643,14,503132.2522733967,1148898.3694448597,503132.25227339804,1148898.3694448592,1.3387762010097504e-9,-4.656612873077393e-10,1.4174491704774463e-9
114602722010,Fernando Castro,REFUGIO NACIONAL DE VIDA SILVESTRE,SAN JUAN DE MATA,858686.4809320924,114,443448.1134741695,1077679.82219705,443448.1134741682,1077679.8221970496,-1.3387762010097504e-9,-4.656612873077393e-10,1.4174491704774463e-9
A-0152157-1993,NO_APLICA,FUERA ASP,ANGELES,44725.533622592775,9,438573.6136468806,1141388.1274056453,438573.6136468794,1141388.1274056446,-1.2223608791828156e-9,-6.984919309616089e-10,1.4078554956298116e-9
"H-0066679-1992
",BRAULIO_CARRILLO,PARQUE NACIONAL,LAS_HORQUETAS,252547.67667886708,25,497329.209355049,1143557.6819376685,497329.2093550489,1143557.681937667,-1.1641532182693481e-10,-1.3969838619232178e-9,1.4018261081995787e-9
C-0692228-2001,VOLCAN_TURRIALBA,PARQUE NACIONAL,SANTA_CRUZ,16520.04107344523,24,526437.6980671731,1107460.1416679164,526437.6980671731,1107460.141667915,0,-1.3969838619232178e-9,1.3969838619232178e-9
C-0492564-1983,TAPANTI_MACIZO_DE_LA_MUERTE,PARQUE NACIONAL,PEJIBAYE,231961.59681488574,64,524080.12058134866,1081329.630516274,524080.12058134965,1081329.630516273,9.89530235528946e-10,-9.313225746154785e-10,1.3588715263093766e-9
P-0017570-1991,PIEDRAS_BLANCAS,PARQUE NACIONAL,GOLFITO,875403.3339170143,25,578220.430625085,965547.8689163602,578220.4306250858,965547.8689163612,8.149072527885437e-10,1.0477378964424133e-9,1.3273388905207835e-9
H-570291-1985,BRAULIO_CARRILLO,PARQUE NACIONAL,LA_VIRGEN,480656.1392864883,41,492707.8475501983,1141214.6656959285,492707.84755019884,1141214.6656959297,5.238689482212067e-10,1.1641532182693481e-9,1.2765936669580003e-9
SJ-0501941-1998,LA_CANGREJA,PARQUE NACIONAL,CHIRES,2796.2347846065823,17,456805.08484388434,1076091.4969278674,456805.0848438832,1076091.496927867,-1.1641532182693481e-9,-4.656612873077393e-10,1.2538313882272932e-9
H-631110-1986,BRAULIO_CARRILLO,PARQUE NACIONAL,LA_VIRGEN,680087.5536340028,61,499288.90331673226,1150246.2477380948,499288.9033167318,1150246.247738096,-4.656612873077393e-10,1.1641532182693481e-9,1.2538313882272932e-9
"L-498326-1998
",BRAULIO_CARRILLO,PARQUE NACIONAL,GUAPILES,761292.4273233563,45,506430.1902181388,1123212.8698765044,506430.19021813857,1123212.8698765056,-2.3283064365386963e-10,1.1641532182693481e-9,1.1872079953534493e-9
P-0180767-1994,GOLFO_DULCE,RESERVA FORESTAL,SIERPE,483326.365759911,33,549098.0839694504,959884.3642268628,549098.0839694493,959884.3642268629,-1.1641532182693481e-9,1.1641532182693481e-10,1.1699595047534548e-9
L-0361612-1979,NO_HAY_DATOS,NO HAY DATOS,ROXANA,1708541.4657485932,105,543418.4692043873,1146454.1416230414,543418.4692043883,1146454.1416230418,1.0477378964424133e-9,4.656612873077393e-10,1.1465579506238112e-9
P-0078559-1992,PIEDRAS_BLANCAS,PARQUE NACIONAL,GOLFITO,15361.236361780875,21,582735.4740664444,969022.2210853512,582735.4740664447,969022.2210853522,2.3283064365386963e-10,1.0477378964424133e-9,1.0732962350934845e-9
P-0434433-1981,PIEDRAS_BLANCAS,PARQUE NACIONAL,SIERPE,826674.6938524637,84,581685.938712128,967959.2152849569,581685.938712129,967959.2152849571,1.0477378964424133e-9,2.3283064365386963e-10,1.0732962350934845e-9
4-7713-1948,BRAULIO_CARRILLO,PARQUE NACIONAL,05,580792.1647716258,71,495211.25367087306,1117321.6144971196,495211.25367087225,1117321.6144971203,-8.149072527885437e-10,6.984919309616089e-10,1.0732962350934845e-9
SJ-0533531-1998,LA_CANGREJA,PARQUE NACIONAL,CHIRES,71848.41022321396,23,456756.418317959,1072341.082468248,456756.41831795854,1072341.082468249,-4.656612873077393e-10,9.313225746154785e-10,1.041250292910165e-9
L-0819434-2002,NO_APLICA,FUERA ASP,RITA,31125.756824730895,21,523431.62334121525,1151532.471992341,523431.6233412145,1151532.4719923418,-7.566995918750763e-10,6.984919309616089e-10,1.0297986453488779e-9
"H-077935-1992
",BRAULIO_CARILLO,PARQUE NACIONAL,HORQUETAS,256998.19292560965,17,498481.3154726392,1145709.1171705204,498481.31547264,1145709.117170521,7.566995918750763e-10,6.984919309616089e-10,1.0297986453488779e-9
P-0020862-1991,PIEDRAS_BLANCAS,PARQUE NACIONAL,GOLFITO,94849.98819197714,8,578958.7544789155,966194.7894543816,578958.7544789161,966194.7894543824,5.820766091346741e-10,8.149072527885437e-10,1.0014424644227404e-9
P-0009499-1991,PIEDRAS_BLANCAS,PARQUE NACIONAL,GOLFITO,565234.5625574626,24,578819.4472884763,966950.4211814747,578819.4472884772,966950.4211814743,9.313225746154785e-10,-3.4924596548080444e-10,9.946529457016767e-10
200091711952,Volcan Poas,Parque Nacional,San Pedro,4327613.464357205,137,476376.8993846896,1126652.2329531945,476376.8993846889,1126652.2329531952,-6.984919309616089e-10,6.984919309616089e-10,9.878167619740788e-10
"H-047946-1992
",BRAULIO_CARRILLO,PARQUE NACIONAL,HORQUETAS,1391692.5276894122,94,497877.789705484,1144774.7404500297,497877.78970548377,1144774.7404500288,-2.3283064365386963e-10,-9.313225746154785e-10,9.599853366654507e-10
3-1676082-2013,FUERA_ASP,FUERA ASP,TOBOSI,456169.7676958204,82,501719.40769979294,1083735.1778196448,501719.407699792,1083735.177819645,-9.313225746154785e-10,2.3283064365386963e-10,9.599853366654507e-10
SJ-1521524-2011,NO_APLICA,FUERA ASP,CAJON,820059.2238089256,87,542124.9859078113,1026361.9152220614,542124.9859078118,1026361.9152220623,4.656612873077393e-10,8.149072527885437e-10,9.385703304198744e-10
H-0638908-1986,BRAULIO_CARRILLO,PARQUE NACIONAL,LA_VIRGEN,292079.8322196305,17,494990.0352180994,1152817.896748237,494990.0352180993,1152817.896748238,-1.1641532182693481e-10,9.313225746154785e-10,9.385703304198744e-10
1-128950-1993,LOS_SANTOS,RESERVA FORESTAL,PARAMO,2493063.612676808,48,525055.353977736,1052470.0868738233,525055.3539777368,1052470.0868738238,8.149072527885437e-10,4.656612873077393e-10,9.385703304198744e-10
"A-1676965-2013
",NO_APLICA,FUERA ASP,PITAL,1097367.608618433,97,476211.9694412447,1165794.611455908,476211.9694412447,1165794.611455907,0,-9.313225746154785e-10,9.313225746154785e-10
SJ-1325382-2009,NO_APLICA,FUERA ASP,PEJIBAYE,50168.66878780063,35,549868.6571010129,1011508.382721673,549868.6571010129,1011508.3827216739,0,9.313225746154785e-10,9.313225746154785e-10
C-0650841-2000,VOLCAN_TURRIALBA,PARQUE NACIONAL,SANTA_CRUZ,4782.290373217082,14,526384.3409569137,1107386.934274263,526384.3409569142,1107386.9342742637,5.820766091346741e-10,6.984919309616089e-10,9.092327295693865e-10
"A-0874458-1990
",NO_APLICA,FUERA ASP,PIEDADES_NORTE,725977.8575964086,42,438099.10416985827,1124222.2998775016,438099.1041698574,1124222.2998775013,-8.731149137020111e-10,-2.3283064365386963e-10,9.036258966813344e-10
2-1341523-2009,GRECIA,RESERVA FORESTAL,SAN_ROQUE,405483.337905623,14,472976.7746982587,1121575.5472588264,472976.77469825785,1121575.5472588262,-8.731149137020111e-10,-2.3283064365386963e-10,9.036258966813344e-10
P-738440-2001,NO_APLICA,FUERA ASP,NARANJITO,169394.80838131253,60,494853.2989525377,1042522.1724684335,494853.29895253823,1042522.1724684342,5.238689482212067e-10,6.984919309616089e-10,8.731149137020111e-10
A-1209006-2007,NO_APLICA,FUERA ASP,PIEDADES_NORTE,121051.69170597987,61,440065.3755469263,1124396.9047025451,440065.37554692576,1124396.9047025458,-5.238689482212067e-10,6.984919309616089e-10,8.731149137020111e-10
P-0586648-1985,PIEDRAS_BLANCAS,PARQUE NACIONAL,GOLFITO,2717269.954210964,107,579306.5303106343,968138.6976376045,579306.530310635,968138.697637605,6.984919309616089e-10,4.656612873077393e-10,8.394828241933112e-10
H-0616043-1986,BRAULIO_CARRILLO,PARQUE NACIONAL,LA_VIRGEN,531285.2178490087,24,495322.38724350143,1151150.5483023783,495322.3872435019,1151150.548302379,4.656612873077393e-10,6.984919309616089e-10,8.394828241933112e-10
SJ-1341599-2009,NO_APLICA,FUERA ASP,PEJIBAYE,46359.05856332819,20,550687.2503569404,1010412.4871777185,550687.2503569413,1010412.4871777187,8.149072527885437e-10,1.1641532182693481e-10,8.231806349783991e-10
SJ-0988037-2005,NO_HAY_DATOS,NO HAY DATOS,CASCAJAL,348869.8474510517,51,513379.1644008318,1102666.880413771,513379.164400831,1102666.880413771,-8.149072527885437e-10,0,8.149072527885437e-10
SJ-0217678-1994,CARAIGRES,ZONA PROTECTORA,LEGUA,3603662.5489900312,156,486566.20681777014,1074895.5497142496,486566.20681776974,1074895.5497142503,-4.0745362639427185e-10,6.984919309616089e-10,8.086466689972326e-10
H-0394396-1980,NO_HAY_DATOS,NO HAY DATOS,PUERTO_VIEJO,105397.98985472647,25,497140.3298788543,1163886.5671701615,497140.3298788535,1163886.5671701618,-7.566995918750763e-10,2.3283064365386963e-10,7.917097832969998e-10
P-0094715-1993,PIEDRAS_BLANCAS,PARQUE NACIONAL,GOLFITO,653887.6226436935,37,582517.263587983,964904.2737122438,582517.2635879833,964904.2737122445,3.4924596548080444e-10,6.984919309616089e-10,7.809377196826238e-10
P-1961121-2017,NO_APLICA,FUERA ASP,QUEPOS,84874.74676129036,67,477422.04260109324,1051788.3008990195,477422.042601094,1051788.3008990195,7.566995918750763e-10,0,7.566995918750763e-10
H-570291-1985,BRAULIO_CARRILLO,PARQUE NACIONAL,LA_VIRGEN,252352.7460765019,20,492706.3766732476,1141520.4039870435,492706.3766732479,1141520.4039870442,2.9103830456733704e-10,6.984919309616089e-10,7.566995918750763e-10
SJ-1351420-2009,CERRO_TURRUBARES,ZONA PROTECTORA,SAN_LUIS,1109126.0820774436,61,447590.45942226093,1088886.5499553853,447590.4594222602,1088886.5499553853,-7.566995918750763e-10,0,7.566995918750763e-10
H-1603874-2012,NO_APLICA,FUERA ASP,SANTA_ROSA,8197.431205336528,23,489784.48807988677,1102703.713175003,489784.48807988706,1102703.7131750036,2.9103830456733704e-10,6.984919309616089e-10,7.566995918750763e-10
A-0820334-2002,VOLCAN_POAS,PARQUE NACIONAL,SAN_ROQUE,2235.8614898461383,10,472781.41786024376,1125055.602997563,472781.41786024405,1125055.6029975638,2.9103830456733704e-10,6.984919309616089e-10,7.566995918750763e-10
SJ-1039482-2005,LA_CANGREJA,PARQUE NACIONAL,CHIRES,915393.315225523,69,457756.56696253555,1073762.1198283883,457756.56696253625,1073762.119828388,6.984919309616089e-10,-2.3283064365386963e-10,7.362751430292566e-10
"SJ-1541841-2011
",LA_CANGREJA,PARQUE NACIONAL,CHIRRES,109726.99685536418,32,458011.79271326296,1074923.6364896486,458011.7927132627,1074923.6364896493,-2.3283064365386963e-10,6.984919309616089e-10,7.362751430292566e-10
1-703262-2001,NA,FUERA ASP,SAN MARCOS,144126.39963491354,35,499122.2486461833,1071696.178247769,499122.24864618306,1071696.1782477696,-2.3283064365386963e-10,6.984919309616089e-10,7.362751430292566e-10
A-1039480-2005,JUAN_CASTRO_BLANCO,PARQUE NACIONAL,QUESADA,458374.7588379339,75,459154.4587278333,1136424.4480915158,459154.45872783323,1136424.448091515,-5.820766091346741e-11,-6.984919309616089e-10,7.009130540997893e-10
H-0539013-1984,BRAULIO_CARRILLO,PARQUE NACIONAL,VARA_BLANCA,11828019.013231345,18,489644.07015542063,1130737.7091630423,489644.07015542063,1130737.709163043,0,6.984919309616089e-10,6.984919309616089e-10
"C-1219333-2008
",NO_APLICA,FUERA ASP,TRES_EQUIS/PAVONES,205245.70077638276,91,545376.7498177422,1100150.0541518743,545376.7498177422,1100150.0541518736,0,-6.984919309616089e-10,6.984919309616089e-10
1-279333-1995,LOS SANTO,RESERVA FORESTAL,COPEY,1853907.2117336392,47,515351.45911523007,1062694.2036503362,515351.4591152296,1062694.2036503367,-4.656612873077393e-10,4.656612873077393e-10,6.585445079827193e-10
P-0448729-1997,MANUEL_ANTONIO,PARQUE NACIONAL,QUEPOS,161359.08776866918,24,485258.5007661366,1039354.6190620026,485258.5007661369,1039354.619062002,2.9103830456733704e-10,-5.820766091346741e-10,6.507814330688532e-10
P-1594569-2012,NO_APLICA,FUERA ASP,PARRITA,39537.3452405259,26,476622.99762337626,1053006.6258700588,476622.9976233757,1053006.625870059,-5.820766091346741e-10,2.3283064365386963e-10,6.269156941136466e-10
C-0057283-1992,GUAYABO,MONUMENTO NACIONAL,SANTA_TERESITA,55602.45518206991,20,534235.5536966234,1102776.319332477,534235.553696624,1102776.3193324767,5.820766091346741e-10,-2.3283064365386963e-10,6.269156941136466e-10
SJ-0863464-2003,LA_CANGREJA,PARQUE NACIONAL,CHIRES,895824.0837576427,84,456239.1293407465,1073114.0479962844,456239.1293407459,1073114.0479962847,-5.820766091346741e-10,2.3283064365386963e-10,6.269156941136466e-10
A-0363081-1996,JUAN_CASTRO_BLANCO,PARQUE NACIONAL,QUESADA/PALMERA,921718.3534186371,32,460015.29675486695,1137173.0561327806,460015.29675486736,1137173.056132781,4.0745362639427185e-10,4.656612873077393e-10,6.187559229283739e-10
1-423450-1997,LOS SANTOS,RESERVA FORESTAL,COPEY,1986056.568427205,42,515912.5997845547,1060812.5217866697,515912.5997845543,1060812.5217866693,-4.0745362639427185e-10,-4.656612873077393e-10,6.187559229283739e-10
P-0171613-1994,GOLFO_DULCE,RESERVA FORESTAL,PUERTO_JIMENEZ,941243.558222543,86,563384.7889987915,938465.8280489842,563384.7889987921,938465.8280489843,5.820766091346741e-10,1.1641532182693481e-10,5.936039976767246e-10
P-0079277-1992,PIEDRAS_BLANCAS,PARQUE NACIONAL,GOLFITO,65892.7093046396,51,582575.2971940439,968908.7608610525,582575.2971940442,968908.760861053,3.4924596548080444e-10,4.656612873077393e-10,5.820766091346741e-10
L-0578881-1999,NO_APLICA,FUERA ASP,ROXANA,381731.06735236384,56,543589.4750922209,1146509.4572963032,543589.4750922213,1146509.4572963037,3.4924596548080444e-10,4.656612873077393e-10,5.820766091346741e-10
SJ-0576937-1985,NO_HAY_DATOS,NO HAY DATOS,SAN_ANDRES,429113.511765782,16,490819.72598373203,1073327.2790581489,490819.72598373145,1073327.2790581489,-5.820766091346741e-10,0,5.820766091346741e-10
A-0152150-1993,NO_APLICA,FUERA ASP,ANGELES,13377.976443578562,9,438822.7343384989,1141807.68878512,438822.73433849856,1141807.6887851204,-3.4924596548080444e-10,4.656612873077393e-10,5.820766091346741e-10
SJ-1101221-2006,LA_CANGREJA,PARQUE NACIONAL,CHIRES,345985.2862423025,49,460341.0906868524,1073114.4732587917,460341.090686853,1073114.4732587917,5.820766091346741e-10,0,5.820766091346741e-10
L-0963721-2004,NO_APLICA,FUERA ASP,RITA,173733.21123014018,44,522031.99918009643,1156893.041324077,522031.99918009696,1156893.0413240772,5.238689482212067e-10,2.3283064365386963e-10,5.732789753119056e-10
C-1524334-2011,VOLCAN_IRAZU,PARQUE NACIONAL,POTRERO_CERRADO,18983.22567794472,12,514164.95740613336,1100645.4317113361,514164.9574061339,1100645.431711336,5.238689482212067e-10,-2.3283064365386963e-10,5.732789753119056e-10
H-0025412-1975,BRAULIO_CARRILLO,PARQUE NACIONAL,LA_VIRGEN,9353237.65296004,68,488862.9938385075,1127179.6995249842,488862.9938385072,1127179.6995249838,-2.9103830456733704e-10,-4.656612873077393e-10,5.491299747988001e-10
"H-069250-1992
",BRAULIO_CARRILLO,PARQUE NACIONAL,LAS_HORQUETAS,545414.8058544323,18,497745.9047287436,1145920.9285373113,497745.9047287431,1145920.9285373113,-5.238689482212067e-10,0,5.238689482212067e-10
SJ-0601180-1999,LA_CANGREJA,PARQUE NACIONAL,MERCEDES_SUR_CHIRES,256465.54818855968,41,457591.95431919926,1076369.2306944705,457591.9543191998,1076369.2306944705,5.238689482212067e-10,0,5.238689482212067e-10
H-705503-1987,BRAULIO_CARRILLO,PARQUE NACIONAL,HORQUETAS,1279667.8172234083,55,499426.3962468842,1134062.7879602702,499426.39624688466,1134062.78796027,4.656612873077393e-10,-2.3283064365386963e-10,5.206251464550825e-10
"H-797509-1989
",BRAULIO_CARRILLO,PARQUE NACIONAL,LAS_HORQUETAS,528123.5317576844,38,497426.29648710135,1145119.684175978,497426.2964871011,1145119.6841759775,-2.3283064365386963e-10,-4.656612873077393e-10,5.206251464550825e-10
SJ-0664744-1987,LA_CANGREJA,PARQUE NACIONAL,MERCEDES_SUR,16552.950286971405,13,457783.61547074583,1076760.6465076169,457783.6154707456,1076760.6465076173,-2.3283064365386963e-10,4.656612873077393e-10,5.206251464550825e-10
205236661998,No aplica,Fuera ASP,Zarcero,5108.287897262489,10,459435.22776020487,1126787.7716112656,459435.22776020464,1126787.7716112651,-2.3283064365386963e-10,-4.656612873077393e-10,5.206251464550825e-10
C-0674854-2000,CERROS_DE_LA_CARPINTERA,ZONA PROTECTORA,GUADALUPE,299646.29120357946,39,502875.3878216507,1091115.1760128173,502875.3878216509,1091115.1760128178,1.7462298274040222e-10,4.656612873077393e-10,4.973264728508383e-10
1-286024-1995,LOS SANTO,RESERVA FORESTAL,COPEY,2936937.485295363,70,517348.6321925614,1062774.0232349003,517348.6321925612,1062774.0232349008,-1.7462298274040222e-10,4.656612873077393e-10,4.973264728508383e-10
A-1218053-2008,NO_APLICA,FUERA ASP,PIEDADES_SUR,29464.675949170272,18,441910.93578261504,1120271.8308682195,441910.9357826149,1120271.83086822,-1.1641532182693481e-10,4.656612873077393e-10,4.799926683327254e-10
"SJ-0815626-2002
",LA_CANGREJA,PARQUE NACIONAL,CHIRES,325095.81862922385,30,456200.6932748977,1073650.4930071055,456200.6932748978,1073650.493007105,1.1641532182693481e-10,-4.656612873077393e-10,4.799926683327254e-10
1-279331-1995,LOS SANTO,RESERVA FORESTAL,COPEY,1873483.5741011132,90,513695.623693057,1062926.801866692,513695.6236930571,1062926.8018666925,1.1641532182693481e-10,4.656612873077393e-10,4.799926683327254e-10
P-1620994-2012,NO_APLICA,FUERA ASP,QUEPOS,25715.377286992036,27,478061.41264808096,1052412.1914727993,478061.41264808056,1052412.191472799,-4.0745362639427185e-10,-2.3283064365386963e-10,4.692851652099372e-10
SJ-1022660-2005,NO_HAY_DATOS,NO HAY DATOS,COPEY,499309.68428019667,69,518833.9774725158,1060637.8666854994,518833.9774725162,1060637.8666854997,4.0745362639427185e-10,2.3283064365386963e-10,4.692851652099372e-10
SJ-0012196-1973,LA_CANGREJA,PARQUE NACIONAL,MERCEDES_SUR,1175561.2943104305,74,458706.0941646453,1074557.2075215494,458706.0941646457,1074557.2075215497,4.0745362639427185e-10,2.3283064365386963e-10,4.692851652099372e-10
A-0633234-2000,VOLCAN_POAS,PARQUE NACIONAL,SAN_ROQUE,12368.014550738037,29,472556.4962055639,1125034.5032786722,472556.49620556395,1125034.5032786727,5.820766091346741e-11,4.656612873077393e-10,4.692851652099372e-10
SJ-0417101-1997,LOS_SANTOS,RESERVA FORESTAL,COPEY,1270680.8416856378,90,517400.3359737864,1060964.9737892612,517400.33597378636,1060964.9737892617,-5.820766091346741e-11,4.656612873077393e-10,4.692851652099372e-10
1-420636-1997,LOS SANTOS,RESERVA FORESTAL,COPEY,2936092.873541951,47,514840.4849959637,1060887.8525065747,514840.48499596375,1060887.8525065742,5.820766091346741e-11,-4.656612873077393e-10,4.692851652099372e-10
P-0042210-1992,PIEDRAS_BLANCAS,PARQUE NACIONAL,GOLFITO,69795.00619282576,22,582183.0958168219,969763.8700920749,582183.0958168219,969763.8700920753,0,4.656612873077393e-10,4.656612873077393e-10
"SJ-1710081-2013
",LA_CANGREJA,PARQUE NACIONAL,CHIRES,31348.608404935978,70,457225.8763234665,1076443.9944064058,457225.876323466,1076443.9944064058,-4.656612873077393e-10,0,4.656612873077393e-10
C-0577725-1985,VOLCAN_IRAZU,PARQUE NACIONAL,SANTA_ROSA,7323.141202937812,10,518399.37144299987,1103273.2208863706,518399.3714429994,1103273.2208863706,-4.656612873077393e-10,0,4.656612873077393e-10
A-1330003-2009,JUAN_CASTRO_BLANCO,PARQUE NACIONAL,VENECIA,2301.333386707832,17,467936.963309384,1143677.6057606044,467936.96330938366,1143677.6057606046,-3.4924596548080444e-10,2.3283064365386963e-10,4.197414120966556e-10
P-0635551-2000,PIEDRAS_BLANCAS,PARQUE NACIONAL,GOLFITO,602191.9143298321,97,582260.7482819437,959233.7176129374,582260.7482819441,959233.7176129377,3.4924596548080444e-10,2.3283064365386963e-10,4.197414120966556e-10
H-0003165-000,NO_HAY_DATOS,NO HAY DATOS,SAN_JOSE_DE_LA_MONTANA,340928.86686780094,49,487581.94254723913,1120739.5517496709,487581.9425472388,1120739.551749671,-3.4924596548080444e-10,2.3283064365386963e-10,4.197414120966556e-10
C-0791680-2002,NO_APLICA,FUERA ASP,LA_SUIZA,29881.282941951416,33,543927.3137753644,1088252.2641530072,543927.3137753648,1088252.2641530074,3.4924596548080444e-10,2.3283064365386963e-10,4.197414120966556e-10
"C-1228028-2008
",NO_APLICA,FUERA ASP,TRES_EQUIS,326744.4785875248,103,546239.4269967448,1098057.4802305745,546239.4269967452,1098057.4802305743,3.4924596548080444e-10,-2.3283064365386963e-10,4.197414120966556e-10
"SJ-0993419-2005
",LA_CANGREJA,PARQUE NACIONAL,CHIRES,1208967.596296409,75,460541.11393561517,1075093.9300044002,460541.1139356155,1075093.9300044004,3.4924596548080444e-10,2.3283064365386963e-10,4.197414120966556e-10
C-0299073-1996,VOLCAN_IRAZU,PARQUE NACIONAL,POTRERO_CERRADO/SANTA_ROSA,1684699.928493401,140,516170.5046402924,1102200.3460128198,516170.5046402927,1102200.3460128196,3.4924596548080444e-10,-2.3283064365386963e-10,4.197414120966556e-10
SJ-0982810-2005,LA_CANGREJA,PARQUE NACIONAL,CHIRES,637000.1253872868,80,456515.7238258047,1072446.8957729337,456515.723825805,1072446.895772934,2.9103830456733704e-10,2.3283064365386963e-10,3.727108843992958e-10
C-0005262-1966,VOLCAN_IRAZU,PARQUE NACIONAL,LLANO_GRANDE,2226101.1438846905,110,512519.4636720996,1101791.4068654524,512519.46367209987,1101791.4068654526,2.9103830456733704e-10,2.3283064365386963e-10,3.727108843992958e-10
A-2095200-2018,GRECIA,RESERVA FORESTAL,SAN_ROQUE,94579.2948995938,40,471915.33758166357,1124874.981955376,471915.3375816633,1124874.9819553758,-2.9103830456733704e-10,-2.3283064365386963e-10,3.727108843992958e-10
C-1361672-2009,GUAYABO,MONUMENTO NACIONAL,SANTA_TERESA,537208.1896277666,65,533508.7338119682,1103305.6128520246,533508.7338119686,1103305.6128520246,3.4924596548080444e-10,0,3.4924596548080444e-10
A-0573047-1999,NO_APLICA,FUERA ASP,PALMIRA,15985.657078054734,20,462151.81662824587,1129132.8064496638,462151.81662824564,1129132.8064496636,-2.3283064365386963e-10,-2.3283064365386963e-10,3.2927225399135965e-10
A-0826489-2002,JUAN_CASTRO_BLANCO,PARQUE NACIONAL,QUESADA,780947.421123608,19,459714.42132564576,1136570.2179354415,459714.4213256455,1136570.2179354418,-2.3283064365386963e-10,2.3283064365386963e-10,3.2927225399135965e-10
P-0925998-1990,PIEDRAS_BLANCAS,PARQUE NACIONAL,GOLFITO,120551.19499280104,43,582451.1304797138,969139.3546813647,582451.1304797136,969139.3546813645,-2.3283064365386963e-10,-2.3283064365386963e-10,3.2927225399135965e-10
L-0816191-1989,ACUIFEROS_GUACIMO_POCOCI,ZONA PROTECTORA,JIMENEZ,4478149.803743932,40,523763.2296771303,1120196.9593782239,523763.22967713006,1120196.959378224,-2.3283064365386963e-10,2.3283064365386963e-10,3.2927225399135965e-10
SJ-0446517-1997,LOS_SANTOS,RESERVA FORESTAL,COPEY,1647041.6438165754,104,518641.34578604513,1062031.2525481903,518641.34578604536,1062031.2525481905,2.3283064365386963e-10,2.3283064365386963e-10,3.2927225399135965e-10
H-27456-1976,BRAULIO_CARRILLO,PARQUE NACIONAL,HORQUETAS,932614.4718924407,48,497165.5199849982,1142718.6180387677,497165.51998499845,1142718.618038768,2.3283064365386963e-10,2.3283064365386963e-10,3.2927225399135965e-10
H-0289189-1977,BRAULIO_CARRILLO,PARQUE NACIONAL,LA_VIRGEN,2325186.22722961,92,497105.09491398407,1149035.4543800931,497105.0949139843,1149035.454380093,2.3283064365386963e-10,-2.3283064365386963e-10,3.2927225399135965e-10
"SJ-0491960-1998
",LA_CANGREJA,PARQUE NACIONAL,CHIRES,525673.5076186863,51,457216.0812314649,1075069.9145485035,457216.08123146516,1075069.9145485037,2.3283064365386963e-10,2.3283064365386963e-10,3.2927225399135965e-10
NO_HAY_DATOS,NO_HAY_DATOS,NO HAY DATOS,PACAYAS_CAPELLADES_SANTA_ROSA,2360389.799061495,159,519768.99567147694,1103305.9128795324,519768.9956714767,1103305.9128795322,-2.3283064365386963e-10,-2.3283064365386963e-10,3.2927225399135965e-10
P-738438-2001,NO_APLICA,FUERA ASP,NARANJITO,276430.75762463734,67,494514.9743815899,1041698.8812503245,494514.9743815896,1041698.8812503244,-2.9103830456733704e-10,-1.1641532182693481e-10,3.134578470568233e-10
H-622239-2000,NO_APLICA,FUERA ASP,LA_VIRGEN,1294183.3622135767,85,496324.7906619146,1164715.3021954978,496324.79066191445,1164715.302195498,-1.7462298274040222e-10,2.3283064365386963e-10,2.9103830456733704e-10
A-0576042-1999,JUAN_CASTRO_BLANCO,PARQUE NACIONAL,TORO_AMARILLO,1610616.508697466,141,467414.4596044157,1132355.8530612788,467414.4596044155,1132355.8530612786,-1.7462298274040222e-10,-2.3283064365386963e-10,2.9103830456733704e-10
P-0323024-1996,MANUEL_ANTONIO,PARQUE NACIONAL,QUEPOS,356099.1811427939,31,483771.03345842025,1039468.5867801441,483771.0334584204,1039468.5867801439,1.7462298274040222e-10,-2.3283064365386963e-10,2.9103830456733704e-10
"SJ-0563428-1984
",CERRO_NARA,ZONA PROTECTORA,SANTA_MARIA,2111855.809966419,21,496554.97248439427,1050915.2154156817,496554.9724843941,1050915.215415682,-1.7462298274040222e-10,2.3283064365386963e-10,2.9103830456733704e-10
H-0612889-1985,BRAULIO_CARRILLO,PARQUE NACIONAL,LA_VIRGEN,894641.1741179358,22,494283.0610745615,1144275.7060938247,494283.0610745612,1144275.7060938247,-2.9103830456733704e-10,0,2.9103830456733704e-10
1-291137-1995,LOS SANTO,RESERVA FORESTAL,COPEY,1504282.5637563374,59,517983.3497579566,1063324.051176679,517983.3497579563,1063324.051176679,-2.9103830456733704e-10,0,2.9103830456733704e-10
A-0689055-2001,NO_APLICA,FUERA ASP,SANTA_RITA,126337.48086287093,71,481739.1758684407,1152606.3690898432,481739.1758684406,1152606.369089843,-1.1641532182693481e-10,-2.3283064365386963e-10,2.6031257322754127e-10
P-0180763-1994,GOLFO_DULCE,RESERVA FORESTAL,SIERPE,127387.44061787985,22,546281.4983164758,961120.1557285375,546281.4983164759,961120.1557285372,1.1641532182693481e-10,-2.3283064365386963e-10,2.6031257322754127e-10
P-0009500-1991,PIEDRAS_BLANCAS,PARQUE NACIONAL,GOLFITO,639606.5942468718,14,578292.892681372,964832.2314774935,578292.8926813722,964832.2314774937,2.3283064365386963e-10,1.1641532182693481e-10,2.6031257322754127e-10
H-0394396-1980,NO_HAY_DATOS,NO HAY DATOS,PUERTO_VIEJO,2212770.856974464,42,496675.1350418493,1164595.3618306932,496675.13504184916,1164595.3618306934,-1.1641532182693481e-10,2.3283064365386963e-10,2.6031257322754127e-10
"SJ-1100847-2006
",LA_CANGREJA,PARQUE NACIONAL,CHIRRES,197433.8387690771,33,456685.3751682734,1074445.4229924767,456685.3751682735,1074445.4229924765,1.1641532182693481e-10,-2.3283064365386963e-10,2.6031257322754127e-10
H-01603761-2012,NO_APLICA,FUERA ASP,SANTA_ROSA,9441.802763886051,27,489793.4893166311,1102951.6062869728,489793.4893166312,1102951.606286973,1.1641532182693481e-10,2.3283064365386963e-10,2.6031257322754127e-10
C-0492564-1983,TAPANTI_MACIZO_DE_LA_MUERTE,PARQUE NACIONAL,PEJIBAYE,322084.9512055712,69,524537.7876991265,1080828.428059277,524537.7876991266,1080828.4280592767,1.1641532182693481e-10,-2.3283064365386963e-10,2.6031257322754127e-10
3-32730-1963,TAPANTI_MACIZO_DE_LA_MUERTE,PARQUE NACIONAL,PEJIBAYE,768832.4471884465,25,524843.7834068994,1081232.4609794489,524843.7834068993,1081232.460979449,-1.1641532182693481e-10,2.3283064365386963e-10,2.6031257322754127e-10
1-104236-1960,BRAULIO_CARRILLO,PARQUE NACIONAL,DULCE_NOMBRE_DE_JESUS,242897.45693326643,36,504524.4789410817,1119047.2114655466,504524.4789410818,1119047.2114655469,1.1641532182693481e-10,2.3283064365386963e-10,2.6031257322754127e-10
L-0498327-1998,BRAULIO_CARRILLO,PARQUE NACIONAL,GUAPILES,3369497.948803885,43,507330.95621895866,1123120.764756576,507330.9562189587,1123120.7647565762,5.820766091346741e-11,2.3283064365386963e-10,2.399963341663627e-10
H-570291-1985,BRAULIO_CARRILLO,PARQUE NACIONAL,LA_VIRGEN,71756.07272747159,11,491806.49630092556,1141367.4724295535,491806.4963009256,1141367.4724295533,5.820766091346741e-11,-2.3283064365386963e-10,2.399963341663627e-10
1-600333-1999,NA,FUERA ASP,LEGUA,350155.8208924903,23,481760.9521078823,1072155.3647356192,481760.95210788224,1072155.3647356194,-5.820766091346741e-11,2.3283064365386963e-10,2.399963341663627e-10
A-0573045-1999,NO_APLICA,FUERA ASP,PALMIRA,7302.037377467379,9,462192.5299531625,1128262.7129511603,462192.5299531625,1128262.71295116,0,-2.3283064365386963e-10,2.3283064365386963e-10
L-0251110-1995,BARRA_DEL_COLORADO,REFUGIO NACIONAL DE VIDA SILVESTRE,COLORADO,43946863.150922805,64,547349.925432952,1175604.2145975973,547349.9254329522,1175604.2145975973,2.3283064365386963e-10,0,2.3283064365386963e-10
"L-0668907-2000
",NO_APLICA,FUERA ASP,FLORIDA,16299.10334928031,29,544820.5906045926,1113504.989045762,544820.5906045923,1113504.989045762,-2.3283064365386963e-10,0,2.3283064365386963e-10
H-0469433-1982,BRAULIO_CARRILLO,PARQUE NACIONAL,LA_VIRGEN,74075.515114218,17,494864.5411700971,1147311.9505470467,494864.5411700973,1147311.9505470467,2.3283064365386963e-10,0,2.3283064365386963e-10
H-568990-1984,BRAULIO_CARRILLO,PARQUE NACIONAL,VARA_BALNCA/SAN_JOSE_DE_LA_MONTANA,766842.0344148712,80,486721.3973912973,1120529.4638500388,486721.3973912973,1120529.463850039,0,2.3283064365386963e-10,2.3283064365386963e-10
C-1497590-2011,VOLCAN_IRAZU,PARQUE NACIONAL,TIERRA_BLANCA,408932.50112142414,55,513083.0984924582,1100981.559990263,513083.09849245794,1100981.559990263,-2.3283064365386963e-10,0,2.3283064365386963e-10
SJ-1460273-2010,FERNANDO_CASTRO,REFUGIO NACIONAL DE VIDA SILVESTRE,SAN_JUAN_DE_MATA,1802255.478539057,126,444910.3350668263,1082439.8057478713,444910.33506682614,1082439.8057478713,-1.7462298274040222e-10,0,1.7462298274040222e-10
"SJ-0395230-1980
",LA_CANGREJA,PARQUE NACIONAL,MERCEDES_SUR,149733.20820132387,28,457896.4319566591,1074706.0890821773,457896.4319566592,1074706.0890821773,1.1641532182693481e-10,0,1.1641532182693481e-10
SJ-0156948-1993,LA_CANGREJA,PARQUE NACIONAL,CHIRES,5586834.426460036,128,458263.78999733867,1072404.7604820384,458263.78999733855,1072404.7604820384,-1.1641532182693481e-10,0,1.1641532182693481e-10
201469351993,n/a,Fuera ASP,Rio Cuarto,178577.6184430733,15,477010.19155013026,1155381.8337542773,477010.1915501304,1155381.8337542773,1.1641532182693481e-10,0,1.1641532182693481e-10
P-738434-2001,NO_APLICA,FUERA ASP,NARANJITO,167239.4809959745,40,494215.8462171604,1040645.8638700335,494215.84621716035,1040645.8638700335,-5.820766091346741e-11,0,5.820766091346741e-11
L-0993119-2005,NO_APLICA,FUERA ASP,RITA,213077.47652831487,58,521982.71033160016,1159846.1793393746,521982.7103316002,1159846.1793393746,5.820766091346741e-11,0,5.820766091346741e-11
1-866425-2003,NA,FUERA ASP,SAN LORENZO,590028.6365091362,42,497009.0212994422,1053573.1176698466,497009.0212994423,1053573.1176698466,5.820766091346741e-11,0,5.820766091346741e-11
H-058681-1999,NO_APLICA,FUERA ASP,HORQUETAS,45140.114377301186,11,502250.9671770887,1141552.029177547,502250.9671770887,1141552.029177547,0,0,0
H-420648-1997,NO_HAY_DATOS,NO HAY DATOS,HORQUETAS,16282.673518806696,11,503056.4010029739,1148739.9446711023,503056.4010029739,1148739.9446711023,0,0,0
H-420650-1997,NO_HAY_DATOS,NO HAY DATOS,HORQUETAS,13059.746834688482,6,503267.3923935298,1148822.3936092756,503267.3923935298,1148822.3936092756,0,0,0
H-0042868-1992,NO_HAY_DATOS,NO HAY DATOS,PUERTO_VIEJO,443.8819889440201,5,499215.97743635287,1156267.7059542849,499215.97743635287,1156267.7059542849,0,0,0
A-540295-1999,NO_APLICA,FUERA ASP,SANTA_RITA,14293.675866751757,14,481625.0533039691,1151013.3561781398,481625.0533039691,1151013.3561781398,0,0,0
"A-0689072-2001
",NO_APLICA,FUERA ASP,SANTA_RITA,8167.100561849074,15,479239.99149926135,1151924.9137861228,479239.99149926135,1151924.9137861228,0,0,0
A-684839-2001,NO_APLICA,FUERA ASP,SANTA_RITA,3634.279206464067,12,481824.4224466843,1152011.4639864964,481824.4224466843,1152011.4639864964,0,0,0
"A-0313624-1996
",NO_APLICA,PATRIMONIO DEL ESTADO,PITAL,1039.5122886030003,8,469628.31867664,1155366.676811582,469628.31867664,1155366.676811582,0,0,0
P-1585954-2012,NO_APLICA,FUERA ASP,PARRITA,47107.018715672195,52,476585.97794715135,1051713.572762776,476585.97794715135,1051713.572762776,0,0,0
P-738439-2001,NO_APLICA,FUERA ASP,NARANJITO,9593.645273775328,7,494770.47443871695,1040230.1429159961,494770.47443871695,1040230.1429159961,0,0,0
P-0013076-1971,MANUEL_ANTONIO,PARQUE NACIONAL,QUEPOS,344789.5107101053,20,483952.08168657246,1037306.5416574314,483952.08168657246,1037306.5416574314,0,0,0
P-0448727-1997,MANUEL_ANTONIO,PARQUE NACIONAL,QUEPOS,185921.32415716723,24,483595.67021327367,1038998.5070633758,483595.67021327367,1038998.5070633758,0,0,0
P-0761488-1988,PIEDRAS_BLANCAS,PARQUE NACIONAL,GOLFITO,1614555.3081560303,47,581103.3541323565,966167.447466932,581103.3541323565,966167.447466932,0,0,0
P-0015044-1991,PIEDRAS_BLANCAS,PARQUE NACIONAL,GOLFITO,476443.1001126077,27,578200.4792107997,962319.7479920778,578200.4792107997,962319.7479920778,0,0,0
P-0947377-1991,PIEDRAS_BLANCAS,PARQUE NACIONAL,GOLFITO,1155939.1881850297,117,581612.3202704191,964729.1794931337,581612.3202704191,964729.1794931337,0,0,0
P-0936458-1990,PIEDRAS_BLANCAS,PARQUE NACIONAL,GOLFITO,267024.00870626024,22,580454.6358774693,960724.1905186657,580454.6358774693,960724.1905186657,0,0,0
P-0008189-1991,PIEDRAS_BLANCAS,PARQUE NACIONAL,GOLFITO,17393.67060628161,6,577850.1583068814,966526.0974984468,577850.1583068814,966526.0974984468,0,0,0
P-0009474-1991,PIEDRAS_BLANCAS,PARQUE NACIONAL,GOLFITO,1542575.4137408072,87,578461.1856689132,963208.2015908748,578461.1856689132,963208.2015908748,0,0,0
P-0091559-1993,GOLFO_DULCE,RESERVA FORESTAL,SIERPE,2200192.8707907074,60,556346.7145875816,968658.0849704728,556346.7145875816,968658.0849704728,0,0,0
P-0092056-1993,GOLFO_DULCE,RESERVA FORESTAL,SIERPE,2815160.3000147045,322,557481.3311629402,971444.8800254789,557481.3311629402,971444.8800254789,0,0,0
P-0757304-1988,GOLFO_DULCE,RESERVA FORESTAL,PUERTO_JIMENEZ,1752614.7699326477,108,554647.7027136482,948179.23279576,554647.7027136482,948179.23279576,0,0,0
P-0212673-1994,GOLFO_DULCE,RESERVA FORESTAL,SIERPE,994869.7421564036,90,558280.3323003324,968073.2274647804,558280.3323003324,968073.2274647804,0,0,0
P-0121905-1993,GOLFO_DULCE,RESERVA FORESTAL,SIERPE,1719937.586896224,66,557016.4507600964,967621.7928718431,557016.4507600964,967621.7928718431,0,0,0
P-0416596-1997,GOLFO_DULCE,RESERVA FORESTAL,SIERPE,520523.4808427866,42,547681.0616937976,957126.6627868147,547681.0616937976,957126.6627868147,0,0,0
P-0225349-1994,TERRABA_SIERPE,HUMEDAL NACIONAL,SIERPE,342501.11125519406,47,551202.9396822416,959627.3825102977,551202.9396822416,959627.3825102977,0,0,0
P-0219204-1994,GOLFO_DULCE,RESERVA FORESTAL,SIERPE,3103.6830313187093,7,552742.5914810742,962517.9484706266,552742.5914810742,962517.9484706266,0,0,0
P-0219201-1994,GOLFO_DULCE,RESERVA FORESTAL,SIERPE,17406.354103036225,13,552621.3665989995,962535.4522916251,552621.3665989995,962535.4522916251,0,0,0
P-0224602-1994,GOLFO_DULCE,RESERVA FORESTAL,SIERPE,834787.6216004705,69,551115.4280293129,960740.5257613885,551115.4280293129,960740.5257613885,0,0,0
P-0089277-1993,GOLFO_DULCE,RESERVA FORESTAL,SIERPE,612897.2784303689,61,560183.6481512357,966508.3785839425,560183.6481512357,966508.3785839425,0,0,0
P-0204851-1994,GOLFO_DULCE,RESERVA FORESTAL,SIERPE,413039.35502195545,57,555588.7988586567,952205.7922608852,555588.7988586567,952205.7922608852,0,0,0
P-0180757-1994,GOLFO_DULCE,RESERVA FORESTAL,SIERPE,218613.27032899484,27,545607.6737932645,960652.990190563,545607.6737932645,960652.990190563,0,0,0
P-0184596-1994,GOLFO_DULCE,RESERVA FORESTAL,SIERPE,534873.0691423267,46,546647.974108469,958865.6477140065,546647.974108469,958865.6477140065,0,0,0
P-0742258-1988,GOLFO_DULCE,RESERVA FORESTAL,PUERTO_JIMENEZ,418170.91052314825,57,562231.2065709048,946639.5526264731,562231.2065709048,946639.5526264731,0,0,0
P-184587-1994,GOLFO_DULCE,RESERVA FORESTAL,SIERPE,372562.34403797984,30,547075.3740301138,959791.699415228,547075.3740301138,959791.699415228,0,0,0
P-0221965-1994,GOLFO_DULCE,RESERVA FORESTAL,SIERPE,234255.03638444876,40,553361.3079737623,959076.9032085993,553361.3079737623,959076.9032085993,0,0,0
P-0742148-1988,GOLFO_DULCE,RESERVA FORESTAL,JIMENEZ,832450.7341654375,49,561059.3948615219,948559.2972804911,561059.3948615219,948559.2972804911,0,0,0
P-0094946-1993,GOLFO_DULCE,RESERVA FORESTAL,SIERPE,1162442.4718804546,127,558056.3511073996,965975.5511756878,558056.3511073996,965975.5511756878,0,0,0
P-0180759-1994,GOLFO_DULCE,RESERVA FORESTAL,SIERPE,406741.3739045486,55,548727.4361551383,960442.4162342087,548727.4361551383,960442.4162342087,0,0,0
P-0327449-1996,GOLFO_DULCE,RESERVA FORESTAL,SIERPE,485151.8468536623,48,552065.9718034448,955580.8189971965,552065.9718034448,955580.8189971965,0,0,0
P-0219194-1994,GOLFO_DULCE,RESERVA FORESTAL,SIERPE,122582.23661374673,41,553224.4015377281,962309.1433210628,553224.4015377281,962309.1433210628,0,0,0
P-0529957-1998,GOLFO_DULCE,RESERVA FORESTAL,PUERTO_JIMENEZ,323971.9182133749,34,555789.3907572806,950551.8161766501,555789.3907572806,950551.8161766501,0,0,0
P-0272483-1995,GOLFO_DULCE,RESERVA FORESTAL,SIERPE,322002.0570435282,54,549957.9560477126,960334.2253673238,549957.9560477126,960334.2253673238,0,0,0
P-0184599-1994,GOLFO_DULCE,RESERVA FORESTAL,SIERPE,104232.93314842996,33,546161.375334674,959453.5383691167,546161.375334674,959453.5383691167,0,0,0
P-0184601-1994,GOLFO_DULCE,RESERVA FORESTAL,SIERPE,62289.08171344921,14,545976.1005809781,959088.3872396955,545976.1005809781,959088.3872396955,0,0,0
P-0219206-1994,GOLFO_DULCE,RESERVA FORESTAL,AGUA_BUENA,417495.4421057794,68,552229.8669623646,961444.8712779438,552229.8669623646,961444.8712779438,0,0,0
P-0179427-1994,GOLFO_DULCE,RESERVA FORESTAL,SIERPE,35006.261890078895,14,546763.1386551972,960754.0401082939,546763.1386551972,960754.0401082939,0,0,0
P-0202115-1994,GOLFO_DULCE,RESERVA FORESTAL,SIERPE,1601447.7850825638,142,547326.9682689919,965410.0456001405,547326.9682689919,965410.0456001405,0,0,0
P-0184595-1994,GOLFO_DULCE,RESERVA FORESTAL,SIERPE,263042.75518280827,24,547164.5778003726,960145.9772812561,547164.5778003726,960145.9772812561,0,0,0
P-0970344-1991,GOLFO_DULCE,RESERVA FORESTAL,JIMENEZ,861070.614598508,54,559301.3096240618,936441.4911339541,559301.3096240618,936441.4911339541,0,0,0
P-0270095-1995,GOLFO_DULCE,RESERVA FORESTAL,SIERPE,671443.240488125,52,559450.1221105963,968013.6059024822,559450.1221105963,968013.6059024822,0,0,0
P-0848159-1989,GOLFO_DULCE,RESERVA FORESTAL,SIERPE,2671527.4158289954,79,550615.4244735909,965866.7997385022,550615.4244735909,965866.7997385022,0,0,0
P-0506090-1983,PIEDRAS_BLANCAS,PARQUE NACIONAL,GOLFITO,1749262.2912498,71,580868.4551394503,968992.6317045928,580868.4551394503,968992.6317045928,0,0,0
P-0581151-1999,GOLFO_DULCE,RESERVA FORESTAL,SIERPE,966001.0163749508,138,560686.113197777,965739.0893534945,560686.113197777,965739.0893534945,0,0,0
P-0581151-1999,GOLFO_DULCE,RESERVA FORESTAL,SIERPE,121433.57071214914,46,560190.5102194789,965752.593621375,560190.5102194789,965752.593621375,0,0,0
P-0187529-1994,GOLFO_DULCE,RESERVA FORESTAL,SIERPE,639320.1662999596,41,553411.4118719238,967945.8926245256,553411.4118719238,967945.8926245256,0,0,0
P-0009498-1991,PIEDRAS_BLANCAS,PARQUE NACIONAL,GOLFITO,233073.47203520313,24,577863.8295345751,963095.0544951252,577863.8295345751,963095.0544951252,0,0,0
P-0020863-1991,PIEDRAS_BLANCAS,PARQUE NACIONAL,GOLFITO,330081.07331121713,11,579538.4483710671,966340.368702531,579538.4483710671,966340.368702531,0,0,0
P-0019927-1991,PIEDRAS_BLANCAS,PARQUE NACIONAL,GOLFITO,1253110.9211090505,42,578017.0579753522,961462.9817218846,578017.0579753522,961462.9817218846,0,0,0
P-0784501-1988,PIEDRAS_BLANCAS,PARQUE NACIONAL,GOLFITO,1418789.1579106562,18,581776.0596133292,961051.9291558332,581776.0596133292,961051.9291558332,0,0,0
P-0017569-1991,NO_HAY_DATOS,NO HAY DATOS,GOLFITO,773666.8725292236,27,580094.5882104666,965995.0008480932,580094.5882104666,965995.0008480932,0,0,0
P-0009502-1991,PIEDRAS_BLANCAS,PARQUE NACIONAL,GOLFITO,87817.80873878783,17,582316.0165826209,969292.3037695548,582316.0165826209,969292.3037695548,0,0,0
P-0042209-1992,PIEDRAS_BLANCAS,PARQUE NACIONAL,GOLFITO,129652.34133484866,51,581146.3314314355,968112.9411480477,581146.3314314355,968112.9411480477,0,0,0
P-0039646-1992,PIEDRAS_BLANCAS,PARQUE NACIONAL,GOLFITO,337044.03079913836,59,580654.814618598,967971.2838672942,580654.814618598,967971.2838672942,0,0,0
P-0046028-1992,PIEDRAS_BLANCAS,PARQUE NACIONAL,GOLFITO,173369.32540934533,8,578575.6368355374,965903.5863117495,578575.6368355374,965903.5863117495,0,0,0
L-1065268-2006,NO_APLICA,FUERA ASP,RITA,48539.76496897638,34,522342.0270082437,1159479.9649103724,522342.0270082437,1159479.9649103724,0,0,0
L-1348685-2009,NO_APLICA,FUERA ASP,JIMENEZ,193011.5246387981,19,526894.1466525662,1124297.7919037899,526894.1466525662,1124297.7919037899,0,0,0
L-1094593-2006,NO_APLICA,FUERA ASP,RITA,23666.370758187026,10,532819.5381284823,1160059.9907642335,532819.5381284823,1160059.9907642335,0,0,0
L-0690799-1987,TORTUGUERO,PARQUE NACIONAL,COLORADO,808903.8712504599,32,551653.5685194351,1164026.5257061417,551653.5685194351,1164026.5257061417,0,0,0
SJ-0810730-1989,CHIRRIPO,PARQUE NACIONAL,RIVAS,1159232.9301416576,15,546825.6608936341,1042463.5705853237,546825.6608936341,1042463.5705853237,0,0,0
SJ-1325378-2009,NO_APLICA,FUERA ASP,PEJIBAYE,126396.02163434128,38,550284.4445888974,1011706.8819875685,550284.4445888974,1011706.8819875685,0,0,0
SJ-1342130-2009,NO_APLICA,FUERA ASP,SAN_VITO,871202.2492374927,50,543282.2777279596,1024849.1719438585,543282.2777279596,1024849.1719438585,0,0,0
SJ-0241470-1995,NO_APLICA,FUERA ASP,SAN_ISIDRO_DEL_GENERAL,96145.364022918,31,526228.525421063,1028654.8441461573,526228.525421063,1028654.8441461573,0,0,0
"SJ-0592930-1985
",NO_APLICA,FUERA ASP,RIVAS,8264.084724832326,13,544471.3949752217,1046598.1348054883,544471.3949752217,1046598.1348054883,0,0,0
"SJ-0524336-1983
",NO_APLICA,FUERA ASP,RIVAS,2023.707924908027,5,543786.2808376658,1046480.8542320002,543786.2808376658,1046480.8542320002,0,0,0
SJ-1325380-2009,NO_APLICA,FUERA ASP,PEJIBAYE,81241.39387044002,40,551201.6477620408,1011652.8788171972,551201.6477620408,1011652.8788171972,0,0,0
L-0729243-2001,NO_HAY_DATOS,NO HAY DATOS,ALEGRIA,7382.7128738462925,5,546265.6470396002,1120353.892753088,546265.6470396002,1120353.892753088,0,0,0
A-1452798-2010,DE_GRECIA,RESERVA FORESTAL,SAN_ROQUE,73687.38519402023,18,471696.6283540977,1124675.8614010199,471696.6283540977,1124675.8614010199,0,0,0
C-1089628-2006,GUAYABO,MONUMENTO NACIONAL,SANTA_TERESA,81450.06467308104,12,533943.4662828116,1102695.8003745659,533943.4662828116,1102695.8003745659,0,0,0
C-0864969-2003,NO_APLICA,FUERA ASP,SANTA_TERESITA,24583.4025360729,21,540604.0922237519,1104507.876256121,540604.0922237519,1104507.876256121,0,0,0
"C-0035918-1992
",NO_APLICA,FUERA ASP,SANTA_ROSA,11524.534614581615,15,533641.9340281489,1100848.6764113216,533641.9340281489,1100848.6764113216,0,0,0
SJ-0511554-1983,BRAULIO_CARRILLO,PARQUE NACIONAL,JESUS,273051.07581869885,48,497861.31666147336,1112743.866215842,497861.31666147336,1112743.866215842,0,0,0
H-0308903-1978,BRAULIO_CARRILLO,PARQUE NACIONAL,HORQUETAS,1986024.9482726585,43,495792.294736086,1141481.293177681,495792.294736086,1141481.293177681,0,0,0
H-0616042-1986,BRAULIO_CARRILLO,PARQUE NACIONAL,LA_VIRGEN,362732.80603194237,12,495137.36800682923,1151709.7613923275,495137.36800682923,1151709.7613923275,0,0,0
H-0622099-1986,BRAULIO_CARRILLO,PARQUE NACIONAL,LA_VIRGEN,237499.89604221657,18,495139.932244489,1148116.0737525949,495139.932244489,1148116.0737525949,0,0,0
H-469434-1982,BRAULIO_CARRILLO,PARQUE NACIONAL,LA_VIRGEN,1042512.7954928565,18,495399.7399994904,1147432.3324569552,495399.7399994904,1147432.3324569552,0,0,0
H-0589331-1985,BRAULIO_CARRILLO,PARQUE NACIONAL,HORQUETAS,2242945.0297686756,6,497928.463038161,1149054.2575201464,497928.463038161,1149054.2575201464,0,0,0
H-0800731-1989,BRAULIO_CARRILLO,PARQUE NACIONAL,SAN_JOSE_DE_LA_MONTANA,1382182.11196655,18,487269.1707844112,1119099.1668173966,487269.1707844112,1119099.1668173966,0,0,0
SJ-0008820-1970,NO_HAY_DATOS,NO HAY DATOS,GUADALUPE,145.57193409979527,6,493868.46669496235,1099852.8190515176,493868.46669496235,1099852.8190515176,0,0,0
H-0785992-1988,BRAULIO_CARRILLO,PARQUE NACIONAL,SAN_JOSE_DE_LA_MONTANA,1219256.8535906859,39,487463.98562207323,1119804.399853252,487463.98562207323,1119804.399853252,0,0,0
H-0330041-1978,NO_HAY_DATOS,NO HAY DATOS,HORQUETAS,999581.488912642,10,497928.6051496849,1146995.7334629884,497928.6051496849,1146995.7334629884,0,0,0
"H-411940-1980
",BRAULIO_CARILLO,PARQUE NACIONAL,SAN_JOSE_DE_LA_MONTANA,1280050.5605213256,53,487960.49642503104,1121526.8840497734,487960.49642503104,1121526.8840497734,0,0,0
H-0638907-1986,BRAULIO_CARRILLO,PARQUE NACIONAL,LA_VIRGEN,136629.1808662538,19,494946.46126824484,1152100.4593993053,494946.46126824484,1152100.4593993053,0,0,0
H-948847-2004,NO_HAY_DATOS,NO HAY DATOS,NA,579878.4118417837,27,497000.1319449569,1136636.9895700344,497000.1319449569,1136636.9895700344,0,0,0
SJ-0845247-1989,BRAULIO_CARRILLO,PARQUE NACIONAL,JESUS_DE_DULCE_NOMBRE,540708.9870849752,8,505231.39413133543,1123992.507756865,505231.39413133543,1123992.507756865,0,0,0
H-0612890-1985,BRAULIO_CARRILLO,PARQUE NACIONAL,LA_VIRGEN,54210.41589585319,16,494382.1520118394,1144887.8872583404,494382.1520118394,1144887.8872583404,0,0,0
H-28979-1976,BRAULIO_CARRILLO,PARQUE NACIONAL,LA_VIRGEN,999085.5175274312,6,494822.6154637137,1146536.7244129204,494822.6154637137,1146536.7244129204,0,0,0
H-0604273-1985,NO_HAY_DATOS,NO HAY DATOS,LA_VIRGEN,5989.544536542147,10,494713.0917115369,1150060.4551151623,494713.0917115369,1150060.4551151623,0,0,0
H-0469433-1982,BRAULIO_CARRILLO,PARQUE NACIONAL,LA_VIRGEN,26639.581373378634,12,494743.41345357156,1147441.7876528197,494743.41345357156,1147441.7876528197,0,0,0
SJ-0499771-1983,BRAULIO_CARRILLO,PARQUE NACIONAL,DULCE_NOMBRE_DE_JESUS,467744.99802507553,17,502068.04297053226,1111542.0030578051,502068.04297053226,1111542.0030578051,0,0,0
"H-0028980-1976
",BRAULIO_CARRILLO,PARQUE NACIONAL,LA_VIRGEN,1007599.9060012102,6,495666.90917453414,1145995.5856728514,495666.90917453414,1145995.5856728514,0,0,0
H-5736-1970,NO_HAY_DATOS,NO HAY DATOS,HORQUETAS,999890.4704630151,5,496604.3195356771,1145067.3096840146,496604.3195356771,1145067.3096840146,0,0,0
SJ-0523830-1983,BRAULIO_CARRILLO,PARQUE NACIONAL,SAN_JERONIMO,563546.3277146518,36,499503.6821761505,1111777.9550652935,499503.6821761505,1111777.9550652935,0,0,0
H-0616044-1986,BRAULIO_CARRILLO,PARQUE NACIONAL,LA_VIRGEN,925431.4514746511,21,496156.2742532097,1146839.0841431245,496156.2742532097,1146839.0841431245,0,0,0
SJ-0536683-1984,BRAULIO_CARRILLO,PARQUE NACIONAL,SAN_JERONIMO,140975.55590207456,25,500053.0685165376,1111535.9128226195,500053.0685165376,1111535.9128226195,0,0,0
H-0629480-1986,BRAULIO_CARRILLO,PARQUE NACIONAL,LA_VIRGEN,1111031.0751905674,42,498379.2049182918,1149486.8280517457,498379.2049182918,1149486.8280517457,0,0,0
"H-259022-1995
",BRAULIO_CARRILLO,PARQUE NACIONAL,LA_VIRGEN,1753885.9191045384,46,488855.20752514293,1132552.1761480295,488855.20752514293,1132552.1761480295,0,0,0
H-330845-1978,BRAULIO_CARRILLO,PARQUE NACIONAL,LA_VIRGEN,598262.8392552361,10,496799.26476880885,1150596.987833411,496799.26476880885,1150596.987833411,0,0,0
SJ-10961-1976,BRAULIO_CARRILLO,PARQUE NACIONAL,SAN_JERONIMO,489796.23044759035,5,505453.9373476342,1123410.4916339824,505453.9373476342,1123410.4916339824,0,0,0
H-570291-1985,BRAULIO_CARRILLO,PARQUE NACIONAL,LA_VIRGEN,355360.04529361427,15,491994.55594148405,1141720.6137441092,491994.55594148405,1141720.6137441092,0,0,0
H-0330042-1978,BRAULIO_CARRILLO,PARQUE NACIONAL,HORQUETAS,499946.2690092623,5,497335.9385203933,1147501.1267495714,497335.9385203933,1147501.1267495714,0,0,0
H-0023176-1976,BRAULIO_CARRILLO,PARQUE NACIONAL,LA_VIRGEN,1374808.8313710839,9,493609.51406792284,1137094.518825522,493609.51406792284,1137094.518825522,0,0,0
H-0304348-1978,NO_HAY_DATOS,NO HAY DATOS,LA_VIRGEN/HORQUETAS,999747.9159827232,5,497987.8992587881,1148625.845079489,497987.8992587881,1148625.845079489,0,0,0
SJ-0759746-2001,NO_APLICA,FUERA ASP,SAN_PABLO,1501531.0526414318,87,449216.5367678722,1094803.3669360375,449216.5367678722,1094803.3669360375,0,0,0
SJ-0588668-1999,NO_APLICA,FUERA ASP,SANTIAGO,6834.662564184982,19,463005.44113622,1089287.628989476,463005.44113622,1089287.628989476,0,0,0
SJ-1135391-000,NO_APLICA,FUERA ASP,CHIRES,61318.2337177936,47,451898.36352292233,1067079.3033187203,451898.36352292233,1067079.3033187203,0,0,0
A-0134285-1993,FUERA_ASP,FUERA ASP,PIEDADES_SUR,19875.144794556865,16,441706.07961885957,1120404.4423226889,441706.07961885957,1120404.4423226889,0,0,0
C-0177736-1994,GUAYABO,MONUMENTO NACIONAL,SANTA_TERESITA,10813.208640519995,9,532720.7731476172,1103565.2645753163,532720.7731476172,1103565.2645753163,0,0,0
SJ-0506385-1998,LA_CANGREJA,PARQUE NACIONAL,CHIRES,19212.30344673246,8,460745.38903660874,1073136.4653060553,460745.38903660874,1073136.4653060553,0,0,0
"SJ-0815626-2002
",LA_CANGREJA,PARQUE NACIONAL,MERCEDES_SUR,40637.29349888101,14,458265.0962427011,1076834.212852708,458265.0962427011,1076834.212852708,0,0,0
SJ-0030332-1976,NO_HAY_DATOS,NO HAY DATOS,MERCEDES_SUR,195824.82027759217,36,457082.0860967773,1075758.5753269717,457082.0860967773,1075758.5753269717,0,0,0
SJ-0030344,NO_HAY_DATOS,NO HAY DATOS,MERECEDES_SUR,129933.60146318935,11,457023.97742799233,1074045.6658680926,457023.97742799233,1074045.6658680926,0,0,0
SJ-0330876-1996,LA_CANGREJA,PARQUE NACIONAL,CHIRES,345645.81773318537,13,459568.8225779928,1074316.1829638241,459568.8225779928,1074316.1829638241,0,0,0
SJ-0000078-1982,LA_CANGREJA,PARQUE NACIONAL,IPIS,148.9947302294313,6,496634.6589053151,1100990.9809527474,496634.6589053151,1100990.9809527474,0,0,0
SJ-0411707-1997,LA_CANGREJA,PARQUE NACIONAL,CHIRES,348797.7581613045,28,458924.2657767354,1074049.5690985005,458924.2657767354,1074049.5690985005,0,0,0
SJ-0786106-2002,LA_CANGREJA,PARQUE NACIONAL,CHIRES,125815.08570636064,27,460646.70666165365,1073412.359476955,460646.70666165365,1073412.359476955,0,0,0
"SJ-0682642-2001
",LA_CANGREJA,PARQUE NACIONAL,MERCEDES_SUR,189813.08466929942,19,458112.04319715715,1076601.220187093,458112.04319715715,1076601.220187093,0,0,0
H-1603763-2012,NO_APLICA,FUERA ASP,SANTA_ROSA,41535.28678667918,31,489757.78978782607,1102809.1790249413,489757.78978782607,1102809.1790249413,0,0,0
H-0657706-1686,NO_HAY_DATOS,NO HAY DATOS,SANTA_ROSA,3524.9644929673523,7,489658.70787733205,1102911.5625014922,489658.70787733205,1102911.5625014922,0,0,0
C-0004174-1973,TAPANTI_MACIZO_DE_LA_MUERTE,PARQUE NACIONAL,SANTA_TERESITA,190768.45640759525,7,527896.170174164,1080630.9163396878,527896.170174164,1080630.9163396878,0,0,0
3-0002250-1973,TAPANTI_MACIZO_DE_LA_MUERTE,PARQUE NACIONAL,SAN_FRANCISCO,157094.10828255862,5,509630.46671194705,1077040.044388502,509630.46671194705,1077040.044388502,0,0,0
C-0000301-1975,TAPANTI_MACIZO_DE_LA_MUERTE,PARQUE NACIONAL,CARMEN,210.74094829474427,7,509076.4165874881,1091835.2158146428,509076.4165874881,1091835.2158146428,0,0,0
C-0004309-1975,VOLCAN_IRAZU,PARQUE NACIONAL,SANTA_ROSA,52143.98203337751,11,517697.1193066388,1103431.113856166,517697.1193066388,1103431.113856166,0,0,0
C-0990397-1991,NO_APLICA,FUERA ASP,CERVANTES,9999.433456590865,12,522315.63921362406,1095540.0797449662,522315.63921362406,1095540.0797449662,0,0,0
A-0584583-1999,NO_HAY_DATOS,NO HAY DATOS,SAN_ROQUE,6998.681256226264,8,472730.08951535996,1125058.4792488054,472730.08951535996,1125058.4792488054,0,0,0
A-0862178-2003,VOLCAN_POAS,PARQUE NACIONAL,SAN_ROQUE,2132.3649807628244,9,472464.2050585105,1125386.3275345622,472464.2050585105,1125386.3275345622,0,0,0
A-872276-2003,VOLCAN_POAS,PARQUE NACIONAL,SAN_ROQUE,7036.77043456064,12,472302.21491142496,1125124.2323721396,472302.21491142496,1125124.2323721396,0,0,0
A-0862173-2003,VOLCAN_POAS,PARQUE NACIONAL,SAN_ROQUE,956.4235922778025,11,472415.4680154368,1125317.5600537057,472415.4680154368,1125317.5600537057,0,0,0
A-0064484-1992,VOLCAN_POAS,PARQUE NACIONAL,SAN_JUAN,9043.562126634642,13,474546.79189537175,1124346.9517426088,474546.79189537175,1124346.9517426088,0,0,0
"A-0872278-2003
",VOLCAN_POAS,PARQUE NACIONAL,SAN_ROQUE,7022.083265254099,14,472271.3269690961,1125165.154815518,472271.3269690961,1125165.154815518,0,0,0
A-1291079-2008,NO_HAY_DATOS,NO HAY DATOS,SAN_ROQUE,2500.843125583604,13,472430.0505431045,1125280.5948517516,472430.0505431045,1125280.5948517516,0,0,0
A-0862176-2003,VOLCAN_POAS,PARQUE NACIONAL,SAN_ROQUE,2138.436900947243,7,472427.6202703746,1125359.2394278382,472427.6202703746,1125359.2394278382,0,0,0
"A-1282469-2008
",RIO_GRANDE,FUERA ASP,SAN_JOSE,78877.94687607492,31,455836.7346259111,1109510.53323261,455836.7346259111,1109510.53323261,0,0,0
"A-0750418-2001
",RIO_GRANDE,ZONA PROTECTORA,SAN_JOSE,63584.59630507964,32,455732.7881754444,1108614.8027338863,455732.7881754444,1108614.8027338863,0,0,0
C-1432615-2010,VOLCAN_TURRIALBA,PARQUE NACIONAL,SANTA_CRUZ,551968.8979901373,12,527217.5402024136,1107613.6361522693,527217.5402024136,1107613.6361522693,0,0,0
A-0986953-2005,DE_GRECIA,RESERVA FORESTAL,BOLIVAR,470558.7314978024,20,471332.9807681019,1125501.7803441137,471332.9807681019,1125501.7803441137,0,0,0
200084161950,Juan Castro Blanco,Parque Nacional,Toro Amarillo,776065.218320379,14,468386.22614406265,1133347.736580042,468386.22614406265,1133347.736580042,0,0,0
403532521979,Braulio Carrillo,Parque Nacional,La Virgen,2588968.5132289827,65,494375.27974542574,1142653.1222143753,494375.27974542574,1142653.1222143753,0,0,0
400007491975,Braulio Carrillo,Parque Nacional,La Virgen,994472.3802962005,5,495911.26953279413,1150229.0348550389,495911.26953279413,1150229.0348550389,0,0,0
407544381988,Braulio Carrillo,Parque Nacional,San Pedro,597649.2195248902,19,488743.22244713496,1118932.7591008085,488743.22244713496,1118932.7591008085,0,0,0
100253901956,Braulio Carrillo,Parque Nacional,San Jeronimo,499999.23290105164,5,505440.3569063635,1122885.0591653073,505440.3569063635,1122885.0591653073,0,0,0
301588111993,Tapanti MAcizo de la Muerte,Parque Nacional,Orosi,900353.6038719341,28,524124.15566321247,1077813.752112558,524124.15566321247,1077813.752112558,0,0,0
300301751956,Tapanti MAcizo de la Muerte,Parque Nacional,Orosi,196917.85188177228,11,521072.2163141639,1076131.0055559464,521072.2163141639,1076131.0055559464,0,0,0
101289511993,Los Santos,Reserva Forestal,Paramo,2317916.283744693,91,522894.0538283478,1051552.327156049,522894.0538283478,1051552.327156049,0,0,0
602772531977,Terraba Sierpe,Humedal Nacional,Sierpe,2266913.0735111237,34,549166.0438739242,978439.2111021406,549166.0438739242,978439.2111021406,0,0,0
602882491977,Terraba Sierpe,Humedal Nacional,Sierpe,2998158.829662338,42,551454.5507058564,978739.1177622193,551454.5507058564,978739.1177622193,0,0,0
110976712006,La Cangreja,Parque Nacional,Chires,463175.39835584164,47,460014.5194772381,1074056.721035043,460014.5194772381,1074056.721035043,0,0,0
202502911995,No acplica,Fuera ASP,Los Chiles,132103.67237948626,41,438703.5983155053,1204961.322523105,438703.5983155053,1204961.322523105,0,0,0
205236681998,No aplica,Fuera ASP,Zarcero,444.5195270869881,5,459132.95481370506,1126833.8893227663,459132.95481370506,1126833.8893227663,0,0,0
205236671998,No aplica,Fuera ASP,Zarcero,6263.047958640382,19,459456.361480065,1126641.4134848737,459456.361480065,1126641.4134848737,0,0,0
205236651998,No aplica,Fuera ASP,Zarcero,3187.776189737022,5,459526.2584834244,1127051.3590072647,459526.2584834244,1127051.3590072647,0,0,0
314975882011,Volcan Irazu,Parque Nacional,Tierra Blanca,57871.00181300938,17,513136.7383524434,1100578.9260152418,513136.7383524434,1100578.9260152418,0,0,0
200233441991,No aplica,Fuera ASP,Grecia,294.918458334927,5,466088.1341744709,1113994.0201286355,466088.1341744709,1113994.0201286355,0,0,0
407078351987,No aplica,Fuera ASP,San Pablo,631.5903755053878,5,488087.27939790423,1105369.1370584066,488087.27939790423,1105369.1370584066,0,0,0
608991792003,GOLFO DULCE,RESERVA FORESTAL,SIERPE,75919.42170961657,39,534439.1483462256,954641.433936828,534439.1483462256,954641.433936828,0,0,0
608991752003,GOLFO DULCE,RESERVA FORESTAL,SIERPE,250959.82952822917,38,534734.600969126,954933.5673056953,534734.600969126,954933.5673056953,0,0,0
200412371963,ALberto Manuel Brenes,Reserva Biologica,San Lorenzo,2468820.6661209557,47,430022.57986836525,1131086.2988137312,430022.57986836525,1131086.2988137312,0,0,0
C-2006718-2017,VOLCAN_TURRIALBA,PARQUE NACIONAL,SANTA_CRUZ,2384785.077849444,75,526447.43557374,1108431.4429232527,526447.43557374,1108431.4429232527,0,0,0
L-2262554-2021,TORTUGUERO,PARQUE NACIONAL,COLORADO,94431659.57697237,84,555538.3097810522,1153448.9255961447,555538.3097810522,1153448.9255961447,0,0,0
116375412013,LA_CANGREJA,PARQUE NACIONAL,CHIRES,181429.84565879125,36,460882.64303027844,1076005.5480295029,460882.64303027844,1076005.5480295029,0,0,0
SJ-2176662-2020,LOS SANTOS,RESERVA FORESTAL,SANTA MARIA,49951.98997596279,9,505734.33844009094,1060986.745857103,505734.33844009094,1060986.745857103,0,0,0
2-18972-1974,GRECIA,RESERVA FORESTAL,SAN_ROQUE,93138.21641606305,21,469399.6253573433,1122218.7043984388,469399.6253573433,1122218.7043984388,0,0,0
3-177734-1994,GUAYABO,MONUMENTO NACIONAL,SANTA_TERESITA,11126.037050007828,11,532439.1017508053,1103258.3393955382,532439.1017508053,1103258.3393955382,0,0,0
1-279335-1995,LOS SANTO,RESERVA FORESTAL,COPEY,1913745.948174119,53,516302.3421688227,1062658.8098854355,516302.3421688227,1062658.8098854355,0,0,0
307313582001,FUERA ASP,FUERA ASP,02,29124.16345339277,21,511245.6001664612,1072649.263297908,511245.6001664612,1072649.263297908,0,0,0
1-871001-2003,NA,FUERA ASP,SAN LUIS,525017.5681672543,97,449761.85102860525,1083776.8842428345,449761.85102860525,1083776.8842428345,0,0,0
4-7865-1950,BRAULIO_CARRILLO,PARQUE NACIONAL,6,599971.6033272689,11,487557.98004082945,1124193.193627288,487557.98004082945,1124193.193627288,0,0,0
A-2098348-2018,GRECIA,RESERVA FORESTAL,SAN_ROQUE,76202.20562660135,40,471928.7724915741,1124463.8248660627,471928.7724915741,1124463.8248660627,0,0,0
SJ-0005835-2022,CORDILLERA_VOLCANICA_CENTRAL,RESERVA FORESTAL,CASCAJAL,465806.8369076246,23,514197.3969533616,1102769.0520063962,514197.3969533616,1102769.0520063962,0,0,0
3-1609916-2012,NA,FUERA ASP,La Suiza,250002.02677798131,88,544190.256597874,1093908.6020889236,544190.256597874,1093908.6020889236,0,0,0
6-2176890-2020,GOLFO_DULCE,RESERVA FORESTAL,SIERPE,1332208.452092208,33,547383.9248295974,962378.7094827506,547383.9248295974,962378.7094827506,0,0,0
SJ-000669-1987,NO_APLICA,FUERA ASP,CARMEN,26299.87272072048,144,492062.2684741464,1098992.2284739206,492062.2684741464,1098992.2284739206,0,0,0
"H-182509-1994
",BRAULIO_CARILLO,PARQUE NACIONAL,LAS_HORQUETAS,519338.8396085216,90,498576.03333053313,1144176.135912648,498576.03333053313,1144176.135912648,0,0,0
